<?xml version="1.0" encoding="utf-8"?>
<COLLADA xmlns="http://www.collada.org/2005/11/COLLADASchema" version="1.4.1">
<asset>
	<created>10/31/2024 13:22:26</created>
	<modified>10/31/2024 13:22:26</modified>
	<unit name="LDU" meter="0.04" />
	<up_axis>Y_UP</up_axis>
</asset>
<library_cameras>
	<camera id="camera_id_main">
		<optics><technique_common>
			<perspective>
				<aspect_ratio> 1.333333 </aspect_ratio>
				<xfov>19.91216</xfov>
				<znear>20</znear>
				<zfar>50000</zfar>
			</perspective>
		</technique_common></optics>
		<extra><technique profile = "eyesight">
			<resolution_x type="int">1024</resolution_x>
			<resolution_y type="int">768</resolution_y>
		</technique></extra>
	</camera>
</library_cameras>
<library_lights>
	<light id="light_id_0">
		<technique_common>
			<directional><color> 1 1 1 </color></directional>
		</technique_common>
		<extra><technique profile="eyesight">
			<size> 0.8 </size>
			<intensity> 2 </intensity>
		</technique></extra>
	</light>
	<light id="light_id_1">
		<technique_common>
			<ambient><color> 1 1 1 </color></ambient>
		</technique_common>
		<extra><technique profile="eyesight">
			<size> 1 </size>
			<intensity> 0.2 </intensity>
		</technique></extra>
	</light>
</library_lights>
<library_images>
	<image id="Image-bl__3626cpb2898_dot_dat" name="Image-bl__3626cpb2898_dot_dat">
		<init_from>Piolt2-Tex.png</init_from>
	</image>
</library_images>
<library_effects>
	<effect id ="effect_id_3-fx">
	<profile_COMMON>
		<technique sid="common">
			<phong>
				<emission><color sid="emission"> 0 0 0 1</color></emission>
				<ambient><color sid="ambient"> 0 0 0 1</color></ambient>
				<diffuse><color sid="diffuse"> 0.945098 0.8 0.2117647 1 </color></diffuse>
				<specular><color sid="specular"> 0.5 0.5 0.5 1 </color></specular>
				<shininess><float sid="shininess"> 16 </float></shininess>
				<reflective><color sid="reflective"> 0 0 0 1</color></reflective>
				<transparent><color sid="transparent"> 0 0 0 1</color></transparent>
				<transparency><float sid="transparency"> 1 </float></transparency>
				<index_of_refraction><float sid="index_of_refraction"> 0 </float></index_of_refraction>
			</phong>
		</technique>
	</profile_COMMON>
	</effect>
	<effect id ="effect_id_9-fx">
	<profile_COMMON>
		<technique sid="common">
			<phong>
				<emission><color sid="emission"> 0 0 0 1</color></emission>
				<ambient><color sid="ambient"> 0 0 0 1</color></ambient>
				<diffuse><color sid="diffuse"> 0.6039216 0.627451 0.6117647 1 </color></diffuse>
				<specular><color sid="specular"> 0.5 0.5 0.5 1 </color></specular>
				<shininess><float sid="shininess"> 16 </float></shininess>
				<reflective><color sid="reflective"> 0 0 0 1</color></reflective>
				<transparent><color sid="transparent"> 0 0 0 1</color></transparent>
				<transparency><float sid="transparency"> 1 </float></transparency>
				<index_of_refraction><float sid="index_of_refraction"> 0 </float></index_of_refraction>
			</phong>
		</technique>
	</profile_COMMON>
	</effect>
	<effect id ="effect_id_11-fx">
	<profile_COMMON>
		<technique sid="common">
			<phong>
				<emission><color sid="emission"> 0 0 0 1</color></emission>
				<ambient><color sid="ambient"> 0 0 0 1</color></ambient>
				<diffuse><color sid="diffuse"> 0.01568628 0.07058824 0.1098039 1 </color></diffuse>
				<specular><color sid="specular"> 0.5 0.5 0.5 1 </color></specular>
				<shininess><float sid="shininess"> 16 </float></shininess>
				<reflective><color sid="reflective"> 0 0 0 1</color></reflective>
				<transparent><color sid="transparent"> 0 0 0 1</color></transparent>
				<transparency><float sid="transparency"> 1 </float></transparency>
				<index_of_refraction><float sid="index_of_refraction"> 0 </float></index_of_refraction>
			</phong>
		</technique>
	</profile_COMMON>
	</effect>
	<effect id ="effect_id_8-fx">
	<profile_COMMON>
		<technique sid="common">
			<phong>
				<emission><color sid="emission"> 0 0 0 1</color></emission>
				<ambient><color sid="ambient"> 0 0 0 1</color></ambient>
				<diffuse><color sid="diffuse"> 0.3411765 0.2196078 0.1490196 1 </color></diffuse>
				<specular><color sid="specular"> 0.5 0.5 0.5 1 </color></specular>
				<shininess><float sid="shininess"> 16 </float></shininess>
				<reflective><color sid="reflective"> 0 0 0 1</color></reflective>
				<transparent><color sid="transparent"> 0 0 0 1</color></transparent>
				<transparency><float sid="transparency"> 1 </float></transparency>
				<index_of_refraction><float sid="index_of_refraction"> 0 </float></index_of_refraction>
			</phong>
		</technique>
	</profile_COMMON>
	</effect>
	<effect id ="effect_id_1-fx">
	<profile_COMMON>
		<technique sid="common">
			<phong>
				<emission><color sid="emission"> 0 0 0 1</color></emission>
				<ambient><color sid="ambient"> 0 0 0 1</color></ambient>
				<diffuse><color sid="diffuse"> 0.9960784 0.9960784 0.9960784 1 </color></diffuse>
				<specular><color sid="specular"> 0.5 0.5 0.5 1 </color></specular>
				<shininess><float sid="shininess"> 16 </float></shininess>
				<reflective><color sid="reflective"> 0 0 0 1</color></reflective>
				<transparent><color sid="transparent"> 0 0 0 1</color></transparent>
				<transparency><float sid="transparency"> 1 </float></transparency>
				<index_of_refraction><float sid="index_of_refraction"> 0 </float></index_of_refraction>
			</phong>
		</technique>
	</profile_COMMON>
	</effect>
	<effect id ="effect_id_3_bl__3626cpb2898_dot_dat-fx">
	<profile_COMMON>
		<technique sid="common">
			<phong>
				<emission><color sid="emission"> 0 0 0 1</color></emission>
				<ambient><color sid="ambient"> 0 0 0 1</color></ambient>
				<diffuse><color sid="diffuse"> 0.945098 0.8 0.2117647 1 </color></diffuse>
				<specular><color sid="specular"> 0.5 0.5 0.5 1 </color></specular>
				<shininess><float sid="shininess"> 16 </float></shininess>
				<reflective><color sid="reflective"> 0 0 0 1</color></reflective>
				<transparent><color sid="transparent"> 0 0 0 1</color></transparent>
				<transparency><float sid="transparency"> 1 </float></transparency>
				<index_of_refraction><float sid="index_of_refraction"> 0 </float></index_of_refraction>
			</phong>
		</technique>
	</profile_COMMON>
	<profile_COMMON id="eyesight">
		<newparam sid="effect_id_3_bl__3626cpb2898_dot_dat-fx-surface">
			<surface type="2D">
				<init_from>Image-bl__3626cpb2898_dot_dat</init_from>
			</surface>
		</newparam>
		<newparam sid="StickerTexture">
			<sampler2D>
				<source>effect_id_3_bl__3626cpb2898_dot_dat-fx-surface</source>
				<minfilter>LINEAR_MIPMAP_LINEAR</minfilter>
				<magfilter>LINEAR</magfilter>
				<mipfilter>LINEAR_MIPMAP_LINEAR</mipfilter>
				<wrap_s>NONE</wrap_s>
				<wrap_t>NONE</wrap_t>
			</sampler2D>
		</newparam>
		<technique sid="common">
			<phong>
				<emission>
					<texture texture="StickerTexture" texcoord="UVMap"/>
				</emission>
			</phong>
			</technique>
		</profile_COMMON>
	</effect>
</library_effects>
<library_materials>
	<material id="material_id_3" name="SOLID-YELLOW">
		<instance_effect url="#effect_id_3-fx" />
		<extra>
			<technique profile="eyesight">
			</technique>
		</extra>
	</material>
	<material id="material_id_3-logo" name="SOLID-YELLOW">
		<instance_effect url="#effect_id_3-fx" />
		<extra>
			<technique profile="eyesight">
				<RoundingEdgeNormal:enable> false </RoundingEdgeNormal:enable>
			</technique>
		</extra>
	</material>
	<material id="material_id_9" name="SOLID-LIGHT_GRAY">
		<instance_effect url="#effect_id_9-fx" />
		<extra>
			<technique profile="eyesight">
			</technique>
		</extra>
	</material>
	<material id="material_id_9-logo" name="SOLID-LIGHT_GRAY">
		<instance_effect url="#effect_id_9-fx" />
		<extra>
			<technique profile="eyesight">
				<RoundingEdgeNormal:enable> false </RoundingEdgeNormal:enable>
			</technique>
		</extra>
	</material>
	<material id="material_id_11" name="SOLID-BLACK">
		<instance_effect url="#effect_id_11-fx" />
		<extra>
			<technique profile="eyesight">
			</technique>
		</extra>
	</material>
	<material id="material_id_11-logo" name="SOLID-BLACK">
		<instance_effect url="#effect_id_11-fx" />
		<extra>
			<technique profile="eyesight">
				<RoundingEdgeNormal:enable> false </RoundingEdgeNormal:enable>
			</technique>
		</extra>
	</material>
	<material id="material_id_8" name="SOLID-BROWN">
		<instance_effect url="#effect_id_8-fx" />
		<extra>
			<technique profile="eyesight">
			</technique>
		</extra>
	</material>
	<material id="material_id_8-logo" name="SOLID-BROWN">
		<instance_effect url="#effect_id_8-fx" />
		<extra>
			<technique profile="eyesight">
				<RoundingEdgeNormal:enable> false </RoundingEdgeNormal:enable>
			</technique>
		</extra>
	</material>
	<material id="material_id_1" name="SOLID-WHITE">
		<instance_effect url="#effect_id_1-fx" />
		<extra>
			<technique profile="eyesight">
			</technique>
		</extra>
	</material>
	<material id="material_id_1-logo" name="SOLID-WHITE">
		<instance_effect url="#effect_id_1-fx" />
		<extra>
			<technique profile="eyesight">
				<RoundingEdgeNormal:enable> false </RoundingEdgeNormal:enable>
			</technique>
		</extra>
	</material>
	<material id="material_id_3_bl__3626cpb2898_dot_dat" name="SOLID-YELLOW">
		<instance_effect url="#effect_id_3_bl__3626cpb2898_dot_dat-fx" />
		<extra>
			<technique profile="eyesight">
			</technique>
		</extra>
	</material>
	<material id="material_id_3_bl__3626cpb2898_dot_dat-logo" name="SOLID-YELLOW">
		<instance_effect url="#effect_id_3_bl__3626cpb2898_dot_dat-fx" />
		<extra>
			<technique profile="eyesight">
				<RoundingEdgeNormal:enable> false </RoundingEdgeNormal:enable>
			</technique>
		</extra>
	</material>
</library_materials>
<library_geometries>
	<geometry id="Part-3820_dot_dat" name="Part-3820_dot_dat">
		<mesh>
			<source id="Part-3820_dot_dat-pos" name="Part-3820_dot_dat-pos">
				<float_array id="Part-3820_dot_dat-pos-array" count="1590">
					-6 -6.1478 11.2716 -6 -6.14766 11.27222 -6 4.502 8.518 -6 4.502 8.518 -5.9484 -6.343863 10.51354 -5.9484 -6.34371 10.51416 -5.9484 4.30595 7.759938 -5.9484 4.305937 7.759942 -5.7954 -6.536456 9.768876 -5.7954 -6.536621 9.768264 -5.7954 4.113204 7.014657 -5.7954 4.113179 7.014664 -5.6195 4.6128 10.4658 -5.6195 4.6128 10.4658 -5.5434 -6.722768 9.048545 -5.5434 -6.72259 9.049153 -5.5434 -5.5729 13.4946 -5.5434 -5.5729 13.4946 -5.5434 3.92707 6.294934 -5.5434 3.927031 6.294945 -5.5434 4.4609 10.9004 -5.5434 4.4609 10.9004 -5.196 -6.899 8.367165 -5.196 -6.89881 8.367769 -5.196 3.75085 5.61355 -5.196 3.7508 5.613564 -4.9134 -5.3367 14.4079 -4.9134 -5.3367 14.4079 -4.7604 -7.062261 7.735762 -4.7604 -7.062461 7.735159 -4.7604 3.5874 4.981542 -4.7604 3.587339 4.981559 -4.7152 3.9694 12.3076 -4.7152 3.9694 12.3076 -4.5298 -5.0825 14.9351 -4.5298 -5.0825 14.9351 -4.2426 -7.209937 7.164747 -4.2426 -7.210147 7.164148 -4.2426 -4.6969 15.2792 -4.2426 -4.6969 15.2792 -4.2426 3.122 13.2571 -4.2426 3.122 13.2571 -4.2426 3.439723 4.410527 -4.2426 3.439653 4.410548 -4 -6.1479 11.2716 -4 -6.1478 11.2716 -4 4.502 8.518 -4 4.502 8.518 -3.9656 -6.278509 10.76623 -3.9656 -6.278356 10.76685 -3.9656 4.371304 8.012626 -3.9656 4.371291 8.012628 -3.8636 -6.406848 10.26999 -3.8636 -6.407014 10.26938 -3.8636 4.242786 7.515776 -3.8636 4.242812 7.515771 -3.6956 -6.531112 9.789563 -3.6956 -6.530934 9.790175 -3.696 -5.7641 12.7544 -3.696 -5.7641 12.7544 -3.6956 4.118726 7.035955 -3.6956 4.118688 7.035963 -3.6956 4.5906 10.0763 -3.6956 4.5906 10.0763 -3.6787 2.6705 13.7632 -3.6787 2.6705 13.7632 -3.6708 -4.0933 15.5178 -3.6708 -4.0933 15.5178 -3.6528 -7.339585 6.663438 -3.6528 -7.339804 6.662842 -3.6528 3.309996 3.909242 -3.6528 3.310075 3.909219 -3.5 -5.691 13.0376 -3.5 -5.691 13.0376 -3.5 -5.691 13.0376 -3.5 -5.3367 14.4079 -3.5 -5.33672 14.40797 -3.5 -5.275219 14.59425 -3.5 -5.190002 14.771 -3.5 -5.082476 14.93515 -3.5 -5.0825 14.9351 -3.5 -4.954338 15.08375 -3.5 -4.808044 15.21449 -3.5 -4.6459 15.3248 -3.5 -4.645799 15.32483 -3.5 -4.470634 15.41324 -3.5 -4.285367 15.47781 -3.5 -4.0933 15.5178 -3.5 -4.093276 15.51784 -3.5 -3.897572 15.5323 -3.5 -3.701675 15.52114 -3.5 -3.50893 15.48462 -3.5 -3.5089 15.4846 -3.5 -3.5089 15.4846 -3.5 2.119 14.0291 -3.5 2.119 14.0291 -3.5 2.119 14.0291 -3.5 2.6705 13.7632 -3.5 2.6705 13.7632 -3.5 3.9694 12.3076 -3.5 3.9694 12.3076 -3.5 4.6076 10.3742 -3.5 4.6076 10.3742 -3.5 4.6076 10.3742 -3.464 -6.64841 9.335919 -3.464 -6.6486 9.33531 -3.464 4.0012 6.58171 -3.464 4.00125 6.581699 -3.1736 -6.757574 8.913973 -3.1736 -6.757373 8.91458 -3.1736 3.892226 6.160373 -3.1736 3.892287 6.160361 -3 -7.448878 6.241118 -3 -7.448652 6.241713 -3 0 0 -3 0 0 -3 0 4.4423 -3 3.200921 3.487518 -3 3.201008 3.487492 -2.8284 -6.856031 8.533298 -2.8284 -6.855821 8.533904 -2.8284 3.793839 5.779684 -2.8284 3.793768 5.779698 -2.7717 -1.148 0 -2.7717 -1.1481 0 -2.7717 -1.1481 4.5817 -2.7717 1.1481 0 -2.7717 1.148 0 -2.7717 1.1481 3.9877 -2.6602 -1.3149 4.5478 -2.6602 -1.3149 4.5478 -2.5 0 -13 -2.5 0 -13 -2.5 0 0 -2.5 0 0 -2.4785 -0.32625 -13 -2.4785 -0.32625 -13 -2.4785 -0.32625 0 -2.4785 0.32625 -13 -2.4785 0.32625 -13 -2.4785 0.32625 0 -2.4352 -6.94247 8.199095 -2.4352 -6.94225 8.199698 -2.4352 3.70733 5.445495 -2.4352 3.70741 5.445479 -2.41475 -0.647 -13 -2.41475 -0.647 -13 -2.41475 -0.647 0 -2.41475 0.647 -13 -2.41475 0.647 -13 -2.41475 0.647 0 -2.30975 -0.95675 -13 -2.30975 -0.95675 -13 -2.30975 -0.95675 0 -2.3098 -0.9567 0 -2.30975 0.95675 -13 -2.30975 0.95675 -13 -2.3098 0.9567 0 -2.30975 0.95675 0 -2.2962 -7.535635 5.905377 -2.2962 -7.535867 5.904785 -2.2962 -1.3762 4.3124 -2.2962 1.8596 0 -2.2962 1.8596 3.4756 -2.2962 3.113933 3.151185 -2.2962 3.114025 3.151157 -2.165 -1.25 -13 -2.165 -1.25 -13 -2.165 -1.25 0 -2.165 1.25 -13 -2.165 1.25 -13 -2.165 1.25 0 -2.1213 -2.1213 0 -2.1213 -2.1213 0 -2.1213 -2.1213 1.4641 -2.1213 -2.1213 1.4641 -2.1213 2.1213 0 -2.1213 2.1213 0 -2.1213 2.1212 3.372 -2 -7.015185 7.917945 -2 -7.014959 7.918548 -2 3.634701 5.164328 -2 3.634614 5.164345 -1.9835 -1.522 -13 -1.9835 -1.522 -13 -1.9835 -1.522 0 -1.9835 1.522 -13 -1.9835 1.522 -13 -1.9835 1.522 0 -1.76775 -1.76775 -13 -1.76775 -1.76775 -13 -1.7678 -1.7678 0 -1.76775 -1.76775 0 -1.76775 1.76775 -13 -1.76775 1.76775 -13 -1.76775 1.76775 0 -1.7678 1.7677 0 -1.5546 -2.5 0 -1.5546 -2.5 0 -1.5546 -2.5 0 -1.5528 -7.598732 5.661403 -1.5528 -7.598968 5.660812 -1.5528 3.050928 2.907183 -1.5528 3.050832 2.907212 -1.5308 -7.072946 7.694324 -1.5308 -7.073178 7.693723 -1.5308 3.576714 4.940104 -1.5308 3.576622 4.940123 -1.522 -1.9835 -13 -1.522 -1.9835 -13 -1.522 -1.9835 0 -1.522 1.9835 -13 -1.522 1.9835 -13 -1.522 1.9835 0 -1.25 -2.165 -13 -1.25 -2.165 -13 -1.25 -2.165 0 -1.25 2.165 -13 -1.25 2.165 -13 -1.25 2.165 0 -1.1481 2.7717 0 -1.148 2.7717 0 -1.1481 2.7717 3.0039 -1.0352 -7.115009 7.531675 -1.0352 -7.115245 7.531075 -1.0352 3.534651 4.777455 -1.0352 3.534554 4.777474 -0.95675 -2.30975 -13 -0.95675 -2.30975 -13 -0.95675 -2.30975 0 -0.9567 -2.3098 0 -0.95675 2.30975 -13 -0.95675 2.30975 -13 -0.95675 2.30975 0 -0.9567 2.3098 0 -0.783 -7.637041 5.513276 -0.783 -7.63728 5.512686 -0.783 3.012619 2.759056 -0.783 3.012521 2.759086 -0.647 -2.41475 -13 -0.647 -2.41475 -13 -0.647 -2.41475 0 -0.647 2.41475 -13 -0.647 2.41475 -13 -0.647 2.41475 0 -0.522 -7.140786 7.432324 -0.522 -7.140547 7.432924 -0.522 3.509113 4.678704 -0.522 3.509014 4.678724 -0.32625 -2.4785 -13 -0.32625 -2.4785 -13 -0.32625 -2.4785 0 -0.32625 2.4785 -13 -0.32625 2.4785 -13 -0.32625 2.4785 0 0 -7.649961 5.46332 0 -7.6502 5.462729 0 -7.14916 7.39962 0 -7.1494 7.39902 0 -2.5 -13 0 -2.5 -13 0 -2.5 0 0 -2.5 0 0 -1.4914 3.8706 0 0 -13 0 2.5 -13 0 2.5 -13 0 2.5 0 0 2.5 0 0 2.9999 0 0 2.9999 0 0 2.9997 2.7091 0 3 2.7094 0 3.5005 4.6454 0 3.5004 4.64542 0.32625 -2.4785 -13 0.32625 -2.4785 -13 0.32625 -2.4785 0 0.32625 2.4785 -13 0.32625 2.4785 -13 0.32625 2.4785 0 0.522 -7.140547 7.432924 0.522 -7.140786 7.432324 0.522 3.509113 4.678704 0.522 3.509014 4.678724 0.647 -2.41475 -13 0.647 -2.41475 -13 0.647 -2.41475 0 0.647 2.41475 -13 0.647 2.41475 -13 0.647 2.41475 0 0.783 -7.637041 5.513276 0.783 -7.63728 5.512686 0.783 3.012619 2.759056 0.783 3.012521 2.759086 0.95675 -2.30975 -13 0.95675 -2.30975 -13 0.95675 -2.30975 0 0.9567 -2.3098 0 0.95675 2.30975 -13 0.95675 2.30975 -13 0.9567 2.3098 0 0.95675 2.30975 0 1.0352 -7.115245 7.531075 1.0352 -7.115009 7.531675 1.0352 3.534651 4.777455 1.0352 3.534554 4.777474 1.148 2.7717 0 1.1481 2.7717 0 1.1481 2.7717 3.0039 1.25 -2.165 -13 1.25 -2.165 -13 1.25 -2.165 0 1.25 2.165 -13 1.25 2.165 -13 1.25 2.165 0 1.522 -1.9835 -13 1.522 -1.9835 -13 1.522 -1.9835 0 1.522 1.9835 -13 1.522 1.9835 -13 1.522 1.9835 0 1.5308 -7.072946 7.694324 1.5308 -7.073178 7.693723 1.5308 3.576622 4.940123 1.5308 3.576714 4.940104 1.5528 -7.598968 5.660812 1.5528 -7.598732 5.661403 1.5528 3.050832 2.907212 1.5528 3.050928 2.907183 1.5546 -2.5 0 1.5546 -2.5 0 1.5546 -2.5 0 1.76775 -1.76775 -13 1.76775 -1.76775 -13 1.7678 -1.7678 0 1.76775 -1.76775 0 1.76775 1.76775 -13 1.76775 1.76775 -13 1.76775 1.76775 0 1.7678 1.7677 0 1.9835 -1.522 -13 1.9835 -1.522 -13 1.9835 -1.522 0 1.9835 1.522 -13 1.9835 1.522 -13 1.9835 1.522 0 2 -7.015185 7.917945 2 -7.014959 7.918548 2 3.634701 5.164328 2 3.634614 5.164345 2.1213 -2.1213 0 2.1213 -2.1213 0 2.1213 -2.1213 1.4641 2.1213 -2.1213 1.4641 2.1213 2.1213 0 2.1213 2.1213 0 2.1213 2.1212 3.372 2.165 -1.25 -13 2.165 -1.25 -13 2.165 -1.25 0 2.165 1.25 -13 2.165 1.25 -13 2.165 1.25 0 2.2962 -7.535867 5.904785 2.2962 -7.535635 5.905377 2.2962 -1.3762 4.3124 2.2962 1.8596 0 2.2962 1.8596 3.4756 2.2962 3.114025 3.151157 2.2962 3.113933 3.151185 2.30975 -0.95675 -13 2.30975 -0.95675 -13 2.3098 -0.9567 0 2.30975 -0.95675 0 2.30975 0.95675 -13 2.30975 0.95675 -13 2.30975 0.95675 0 2.3098 0.9567 0 2.41475 -0.647 -13 2.41475 -0.647 -13 2.41475 -0.647 0 2.41475 0.647 -13 2.41475 0.647 -13 2.41475 0.647 0 2.4352 -6.94247 8.199095 2.4352 -6.94225 8.199698 2.4352 3.70741 5.445479 2.4352 3.70733 5.445495 2.4785 -0.32625 -13 2.4785 -0.32625 -13 2.4785 -0.32625 0 2.4785 0.32625 -13 2.4785 0.32625 -13 2.4785 0.32625 0 2.5 0 -13 2.5 0 -13 2.5 0 0 2.5 0 0 2.6602 -1.3149 4.5478 2.6602 -1.3149 4.5478 2.7717 -1.148 0 2.7717 -1.1481 0 2.7717 -1.1481 4.5817 2.7717 1.148 0 2.7717 1.1481 0 2.7717 1.1481 3.9877 2.8284 -6.856031 8.533298 2.8284 -6.855821 8.533904 2.8284 3.793839 5.779684 2.8284 3.793768 5.779698 3 -7.448878 6.241118 3 -7.448652 6.241713 3 0 0 3 0 0 3 0 4.4423 3 3.201008 3.487492 3 3.200921 3.487518 3.1736 -6.757574 8.913973 3.1736 -6.757373 8.91458 3.1736 3.892287 6.160361 3.1736 3.892226 6.160373 3.464 -6.64841 9.335919 3.464 -6.6486 9.33531 3.464 4.00125 6.581699 3.464 4.0012 6.58171 3.5 -5.691 13.0376 3.5 -5.691 13.0376 3.5 -5.691 13.0376 3.5 -5.3367 14.4079 3.5 -5.3367 14.4079 3.5 -5.275219 14.59425 3.5 -5.190002 14.771 3.5 -5.0825 14.9351 3.5 -5.082476 14.93515 3.5 -4.954338 15.08375 3.5 -4.808044 15.21449 3.5 -4.645799 15.32483 3.5 -4.6459 15.3248 3.5 -4.470634 15.41324 3.5 -4.285367 15.47781 3.5 -4.0933 15.5178 3.5 -4.093276 15.51784 3.5 -3.897572 15.5323 3.5 -3.701675 15.52114 3.5 -3.5089 15.4846 3.5 -3.5089 15.4846 3.5 -3.5089 15.4846 3.5 2.119 14.0291 3.5 2.119 14.0291 3.5 2.119 14.0291 3.5 2.6705 13.7632 3.5 2.6705 13.7632 3.5 3.9694 12.3076 3.5 3.9694 12.3076 3.5 4.6076 10.3742 3.5 4.6076 10.3742 3.5 4.6076 10.3742 3.6528 -7.339804 6.662842 3.6528 -7.339585 6.663438 3.6528 3.309996 3.909242 3.6528 3.310075 3.909219 3.6708 -4.0933 15.5178 3.6708 -4.0933 15.5178 3.6787 2.6705 13.7632 3.6787 2.6705 13.7632 3.6956 -6.530934 9.790175 3.6956 -6.531112 9.789563 3.696 -5.7641 12.7544 3.696 -5.7641 12.7544 3.6956 4.118726 7.035955 3.6956 4.118688 7.035963 3.6956 4.5906 10.0763 3.6956 4.5906 10.0763 3.8636 -6.407014 10.26938 3.8636 -6.406848 10.26999 3.8636 4.242786 7.515776 3.8636 4.242812 7.515771 3.9656 -6.278509 10.76623 3.9656 -6.278356 10.76685 3.9656 4.371291 8.012628 3.9656 4.371304 8.012626 4 -6.14766 11.27222 4 -6.1478 11.2716 4 4.502 8.518 4 4.502 8.518 4.2426 -7.209937 7.164747 4.2426 -7.210147 7.164148 4.2426 -4.6969 15.2792 4.2426 -4.6969 15.2792 4.2426 3.122 13.2571 4.2426 3.122 13.2571 4.2426 3.439653 4.410548 4.2426 3.439723 4.410527 4.5298 -5.0825 14.9351 4.5298 -5.0825 14.9351 4.7152 3.9694 12.3076 4.7152 3.9694 12.3076 4.7604 -7.062461 7.735159 4.7604 -7.062261 7.735762 4.7604 3.5874 4.981542 4.7604 3.587339 4.981559 4.9134 -5.3367 14.4079 4.9134 -5.3367 14.4079 5.196 -6.899 8.367165 5.196 -6.89881 8.367769 5.196 3.7508 5.613564 5.196 3.75085 5.61355 5.5434 -6.72259 9.049153 5.5434 -6.722768 9.048545 5.5434 -5.5729 13.4946 5.5434 -5.5729 13.4946 5.5434 3.92707 6.294934 5.5434 3.927031 6.294945 5.5434 4.4609 10.9004 5.5434 4.4609 10.9004 5.6195 4.6128 10.4658 5.6195 4.6128 10.4658 5.7954 -6.536456 9.768876 5.7954 -6.536621 9.768264 5.7954 4.113204 7.014657 5.7954 4.113179 7.014664 5.9484 -6.34371 10.51416 5.9484 -6.343863 10.51354 5.9484 4.30595 7.759938 5.9484 4.305937 7.759942 6 -6.1479 11.2716 6 -6.14766 11.27222 6 4.502 8.518 6 4.502 8.518 
				</float_array>
				<technique_common>
					<accessor count="530" source="#Part-3820_dot_dat-pos-array" stride="3">
						<param name="X" type="float" /><param name="Y" type="float" /><param name="Z" type="float" />
					</accessor>
				</technique_common>
			</source>
			<source id="Part-3820_dot_dat-norm" name="Part-3820_dot_dat-norm">
				<float_array id="Part-3820_dot_dat-norm-array" count="1590">
					4.901417E-05 -0.9681387 0.2504147 -0.9914571 0.03265831 0.1262789 -9.77041E-09 0.9908436 -0.1350154 -0.9916033 0.03237426 0.1251996 3.211074E-08 -0.9681426 0.2503993 -0.9940385 -0.02729915 -0.1055568 -0.9883541 -0.03810115 -0.1473246 -1.159555E-08 0.9681426 -0.2503994 -0.9714057 -0.05944725 -0.2298629 2.959715E-08 -0.9681426 0.2503994 -0.9601344 -0.06999161 -0.2706345 -5.005318E-08 0.9681426 -0.2503995 -0.9807959 0.04886064 0.1888179 0.0018917 0.9999096 -0.01330654 -1.52947E-07 -0.9681426 0.2503996 -0.9320768 -0.09070374 -0.3507215 -0.947506 0.08004589 0.309556 7.275356E-05 -0.9681628 0.2503216 -0.9152591 -0.1008706 -0.3900333 -6.131257E-09 0.9681426 -0.2503995 -0.9009184 0.1086432 0.4201698 0.009830879 0.9474818 0.3196587 3.478405E-08 -0.9681427 0.2503993 -0.8767228 -0.120433 -0.4656749 -0.8550509 -0.1298344 -0.5020269 -1.248658E-08 0.9681427 -0.2503992 -0.8315724 0.1398517 0.5375208 1.461317E-05 -0.9545835 0.2979436 -0.8066004 -0.1480004 -0.5722689 -5.886442E-08 -0.9681426 0.2503993 -0.7797725 -0.1567553 -0.606121 9.989113E-08 0.9681426 -0.2503995 0 0.8694779 0.493972 -0.8314668 0.1390012 0.5379049 0 -0.8060312 0.5918729 -0.8314763 0.1393829 0.5377913 -0.7222604 -0.1731699 -0.669591 -1.890743E-07 -0.9681426 0.2503994 -0.7882748 0.154056 0.5957261 -0.01107058 -0.5717789 0.820333 -0.7817866 0.1561194 0.6036857 -5.443221E-05 0.7461075 0.6658255 -0.6916239 -0.1808408 -0.6992518 -4.280927E-08 0.9681426 -0.2503994 0.9914875 -0.0325927 -0.1260564 0 -0.9681202 0.2504861 0.9915639 -0.03246466 -0.1254874 1.052146E-05 0.996631 -0.08201616 2.140851E-08 -0.9681426 0.2503992 0.9940335 0.02730938 0.1056016 0.9883541 0.03810126 0.147325 -1.427235E-08 0.9681426 -0.2503992 0.9714057 0.05944733 0.2298632 2.720182E-08 -0.9681426 0.2503994 -1.962099E-08 0.9681426 -0.2503995 0.9601344 0.06999166 0.2706347 -5.9941E-08 -0.9681426 0.2503995 0.9320768 0.09070387 0.3507219 0.9725558 -0.05827224 -0.2252546 5.557665E-05 -0.9681469 0.2503825 0.9152588 0.1008708 0.390034 -2.458791E-08 0.9681426 -0.2503996 0.9500027 -0.07821251 -0.3022873 2.029253E-05 0.9983854 -0.05680421 -0.5556438 0.2081655 0.8049392 0 0.6099395 0.792448 -0.02403511 -0.2792459 0.9599187 -0.5556068 0.2081694 0.8049638 -0.6260654 -0.195241 -0.7549325 1.765965E-07 -0.9681427 0.2503992 -4.99465E-08 0.9681426 -0.2503994 -0.5910991 -0.2019583 -0.7809063 1 0 0 0.8310645 -0.1392752 -0.5384555 8.760654E-06 -0.9681708 0.2502905 0 -0.9522346 0.3053675 1 0 0 1 0 0 1 0 0 1 0 0 -1.453753E-05 -0.8212018 0.5706379 1 0 0 1 0 0 -0.0159919 -0.4919922 0.8704527 1 0 0 1 0 0 1 0 0 0 -0.1391779 0.9902674 1 0 0 1 0 0 0.9999999 0 0 1 0 0 0 0.05671778 0.9983903 -0.5557616 0.2081548 0.8048607 1 0 0 0 0.4342963 0.9007701 -0.5555661 0.2081802 0.804989 1 0 0 -0.0001014858 0.7292103 0.6842896 0.9999999 0 0 0.005908504 0.8967641 0.4424694 0.01188338 0.9610352 0.2761704 1 0 0 0.8314097 -0.1391261 -0.5379606 0.8767222 0.1204332 0.4656756 -1.345455E-07 -0.9681426 0.2503996 3.057851E-09 0.9681427 -0.2503994 0.8550505 0.1298346 0.5020275 8.256516E-08 -0.9681427 0.2503991 0.8065999 0.1480006 0.5722696 3.261833E-08 0.9681427 -0.2503994 0.7797716 0.1567555 0.606122 -7.848545E-08 -0.9681427 0.2503994 -0.5185462 -0.2140896 -0.8278137 -0.9977192 -0.06750144 0 0 0 -1 -0.998108 0.06148515 0 -5.708033E-08 0.9681426 -0.2503994 -0.4809986 -0.2195158 -0.8487952 -2.120079E-07 -0.9681426 0.2503994 0.7222594 0.1731702 0.669592 0.6916229 0.180841 0.6992527 4.077074E-08 0.9681426 -0.2503994 0 0 -0.9999999 -0.9130408 -0.4078681 0 -0.9436959 -0.3308142 1.552164E-06 -0.956427 0.2919718 0 0 0 -1 -0.9115968 0.4110854 0 0.0007732757 -0.9674338 0.253123 -0.8313553 -0.5557413 4.297486E-05 0 0 -0.9999999 -0.9997588 0.02196161 0 0 0 -1 -0.9997588 -0.02196161 0 -0.9940384 -0.1090302 0 0 0 -1 -0.9883541 -0.152172 0 0 0 -1 -0.9883541 0.152172 0 -0.9940384 0.1090302 0 4.688735E-08 -0.9681426 0.2503992 0.6260645 0.1952412 0.7549333 -9.785187E-08 0.9681426 -0.2503994 0.5910981 0.2019585 0.780907 -0.9714057 -0.237426 0 0 0 -1 -0.9601344 -0.2795391 0 0 0 -0.9999999 -0.9601344 0.2795391 0 -0.9714057 0.237426 0 -0.9320764 -0.3622616 0 0 0 -1 -0.9152584 -0.4028671 0 0 0 -1 0 0 -1 -0.9152585 0.4028672 0 0 0 -1 -0.9320764 0.3622616 0 -0.4028681 -0.2291647 -0.8861043 7.134378E-08 -0.9681427 0.2503993 0.0002408214 -0.967442 0.2530925 -0.8314064 0.5556647 2.045449E-06 -0.8313925 0.5556855 0 -8.561254E-08 0.9681427 -0.2503993 -0.3622624 -0.2333757 -0.9023867 -0.876722 -0.4809974 0 0 0 -1 -0.8550503 -0.5185451 0 -0.8550503 0.5185451 0 0 0 -1 -0.876722 0.4809974 0 -0.7431875 -0.6690831 0 0 0 -1 0.0006875878 -0.9676419 0.2523263 -0.8059086 -0.5920399 2.929736E-06 0 0 -0.9999999 -0.6220384 0.7829868 2.319542E-05 -0.6257686 0.7800089 1.208443E-05 1.162025E-07 -0.9681427 0.2503993 0.5185453 0.2140897 0.8278142 0.4809978 0.2195159 0.8487956 2.44637E-08 0.9681426 -0.2503995 0 0 -1 -0.8065997 -0.591098 0 -0.7797714 -0.6260643 0 -0.7797714 0.6260643 0 0 0 -1 -0.8065997 0.591098 0 0 0 -0.9999999 -0.722259 -0.6916226 0 0 0 -1 -0.6916226 -0.722259 0 0 0 -0.9999999 -0.6916226 0.722259 0 -0.722259 0.6916226 0 0 0 -1 0 0 -1 0 -0.9681384 0.250416 -0.5556141 -0.8314404 0 -0.27954 -0.2404009 -0.9295509 -1.516146E-07 -0.9681427 0.2503994 -0.237427 -0.243223 -0.9404632 1.426961E-08 0.9681426 -0.2503995 0.4028675 0.2291648 0.8861046 -9.376922E-08 -0.9681426 0.2503994 0.3622619 0.2333757 0.902387 -1.467693E-07 0.9681426 -0.2503993 0 0 -1 -0.6260643 -0.7797714 0 -0.591098 -0.8065997 0 -0.591098 0.8065997 0 0 0 -1 -0.6260643 0.7797714 0 -0.5185451 -0.8550503 0 0 0 -1 -0.4809974 -0.876722 0 -0.4809974 0.876722 0 0 0 -1 -0.5185451 0.8550503 0 -0.4476415 0.8942132 9.004854E-06 0 0 -1 -0.324936 0.945736 -1.143713E-05 0.2795397 0.2404009 0.9295509 7.949794E-08 -0.9681427 0.2503993 0.2374269 0.243223 0.9404632 1.630727E-08 0.9681426 -0.2503994 -0.4028672 -0.9152585 0 0 0 -1 -0.3622616 -0.9320764 0 0 0 -0.9999999 -0.3622616 0.9320764 0 0 0 -1 -0.4028671 0.9152584 0 0 0 -1 -0.1521727 -0.2474666 -0.9568718 7.805058E-08 -0.9681426 0.2503995 -0.1090304 -0.2488899 -0.9623752 -0.0001491965 0.9681576 -0.2503414 0 0 -0.9999999 -0.2795391 -0.9601344 0 -0.237426 -0.9714057 0 0 0 -1 -0.237426 0.9714057 0 -0.2795391 0.9601344 0 -9.785968E-08 -0.9681427 0.2503995 0.1521729 0.2474666 0.9568718 0.1090306 0.24889 0.9623752 -3.261989E-08 0.9681426 -0.2503994 0 0 -1 -0.152172 -0.9883541 0 -0.1090302 -0.9940384 0 0 0 -1 -0.1090302 0.9940384 0 -0.152172 0.9883541 0 -0.02196156 -0.2503222 -0.9679135 -8.430053E-08 -0.9681427 0.2503994 0.02196156 0.2503222 0.9679134 1.437506E-07 -0.9681427 0.2503994 0 0 -0.9999999 -0.02196161 -0.9997588 0 0.008187542 -0.9871089 0.1598405 0 0 -1 -7.860622E-09 -0.9675791 0.2525683 0 0 -1 0.02196161 0.9997588 0 0 0 -0.9999999 0 0 -1 -0.02196161 0.9997588 0 0 1 -1.748408E-05 0 0 -1 0.02196149 -0.2503222 -0.9679135 -1.155469E-08 0.9948543 -0.101316 -0.02196156 0.2503222 0.9679134 -0.0001734855 0.9681712 -0.2502888 0 0 -1 0.1090302 -0.9940384 0 0.152172 -0.9883541 0 0 0 -1 0.152172 0.9883541 0 0.1090302 0.9940384 0 -0.1090304 0.24889 0.9623753 -2.028712E-07 -0.9681425 0.2503994 -0.1521725 0.2474667 0.956872 0.0001703843 0.9681598 -0.2503331 0.237426 -0.9714057 0 0 0 -1 0.2795391 -0.9601344 0 0.2795391 0.9601344 0 0 0 -0.9999999 0.237426 0.9714057 0 0.1090305 -0.24889 -0.9623753 4.058441E-08 -0.9681426 0.2503994 0.1521728 -0.2474666 -0.9568719 0.000151823 0.9681476 -0.25038 0.3622616 -0.9320764 0 0 0 -1 0.4028671 -0.9152584 0 0 0 -1 0 0 -1 0.4028672 0.9152585 0 0 0 -1 0.3622616 0.9320764 0 7.440686E-08 -0.9681426 0.2503994 -0.2374265 0.2432231 0.9404634 -0.2795395 0.2404009 0.9295509 1.957003E-07 0.9681426 -0.2503994 0 0 -1 0.4476415 0.8942132 9.005314E-06 0.324936 0.945736 -1.143841E-05 0 0 -1 0.4809974 -0.876722 0 0.5185451 -0.8550503 0 0 0 -1 0.5185451 0.8550503 0 0.4809974 0.876722 0 0 0 -1 0.591098 -0.8065997 0 0.6260643 -0.7797714 0 0 0 -1 0.6260643 0.7797714 0 0.591098 0.8065997 0 -0.3622619 0.2333757 0.902387 6.115126E-08 -0.9681426 0.2503993 -4.892102E-08 0.9681426 -0.2503994 -0.4028675 0.2291648 0.8861046 2.497085E-08 -0.9681426 0.2503993 0.237427 -0.243223 -0.9404631 9.988342E-08 0.9681426 -0.2503994 0.2795399 -0.2404009 -0.9295509 0 0 -1 0 -0.9681384 0.250416 0.5556141 -0.8314404 0 0.6916226 -0.722259 0 0 0 -0.9999999 0 0 -1 0.722259 -0.6916226 0 0 0 -0.9999999 0.722259 0.6916226 0 0.6916226 0.722259 0 0 0 -1 0 0 -1 0.7797714 -0.6260643 0 0.8065997 -0.591098 0 0.8065997 0.591098 0 0 0 -1 0.7797714 0.6260643 0 2.038568E-09 -0.9681426 0.2503993 -0.4809975 0.2195159 0.8487957 -0.5185453 0.2140897 0.8278142 3.261709E-08 0.9681427 -0.2503994 0 0 -1 0.7431875 -0.6690831 0 -0.000687603 -0.9676419 0.2523263 0.8059086 -0.5920399 2.934072E-06 0.6220384 0.7829868 2.319633E-05 0 0 -1 0.6257686 0.7800088 1.20849E-05 0.8550503 -0.5185451 0 0 0 -1 0.876722 -0.4809974 0 0.876722 0.4809974 0 0 0 -1 0.8550503 0.5185451 0 1.694456E-07 -0.9681427 0.2503994 0.3622625 -0.2333756 -0.9023866 -0.0002408581 -0.9674421 0.2530925 0.8314064 0.5556647 2.045396E-06 0.8313925 0.5556855 0 0.4028681 -0.2291647 -0.8861043 -5.707643E-08 0.9681427 -0.2503994 0.9152585 -0.4028672 0 0 0 -1 0 0 -1 0.9320764 -0.3622616 0 0.9320764 0.3622616 0 0 0 -1 0.9152584 0.4028671 0 0 0 -1 0 0 -0.9999999 0.9601344 -0.2795391 0 0.9714057 -0.237426 0 0 0 -1 0.9714057 0.237426 0 0.9601344 0.2795391 0 -2.242511E-07 -0.9681426 0.2503992 -0.5910983 0.2019585 0.780907 -0.6260646 0.1952411 0.7549331 8.154585E-08 0.9681426 -0.2503994 0 0 -1 0.9883541 -0.152172 0 0.9940384 -0.1090302 0 0 0 -1 0.9940384 0.1090302 0 0.9883541 0.152172 0 0 0 -0.9999999 0.9997588 -0.02196161 0 0 0 -1 0.9997588 0.02196161 0 0.8313553 -0.5557413 4.303846E-05 -0.0007733192 -0.9674339 0.253123 0 0 -0.9999999 0.9130408 -0.4078681 0 0.9436959 -0.3308142 1.554461E-06 0 0 -0.9999999 0.956427 0.2919718 0 0.9115968 0.4110854 0 1.875454E-07 -0.9681426 0.2503994 -0.6916228 0.180841 0.6992527 -0.7222594 0.1731702 0.669592 6.523317E-08 0.9681426 -0.2503994 -2.247585E-07 -0.9681427 0.2503992 0.4809984 -0.2195158 -0.8487952 0.9977192 -0.06750144 0 0 0 -1 0.998108 0.06148515 0 0.5185461 -0.2140896 -0.8278137 9.989266E-08 0.9681426 -0.2503994 1.223148E-07 -0.9681426 0.2503994 -0.7797718 0.1567555 0.6061218 -0.8066 0.1480006 0.5722694 -4.892593E-08 0.9681426 -0.2503994 -0.8550504 0.1298346 0.5020276 -5.300466E-08 -0.9681426 0.2503992 -0.8767222 0.1204333 0.4656759 -1.141639E-07 0.9681426 -0.2503994 -0.9999999 0 0 -8.868273E-06 -0.9681708 0.2502907 -0.8310645 -0.1392752 -0.5384554 -1 0 0 0 -0.9522346 0.3053675 -1 0 0 -1 0 0 1.453832E-05 -0.8212019 0.5706379 -1 0 0 -1 0 0 -1 0 0 -0.9999999 0 0 0.0159919 -0.4919922 0.8704527 -1 0 0 -1 0 0 0 -0.1391779 0.9902674 -1 0 0 -1 0 0 -1 0 0 0 0.05671778 0.9983903 -1 0 0 0.5557609 0.2081549 0.8048611 -1 0 0 0.5555658 0.2081802 0.8049892 0 0.4342963 0.9007701 -1 0 0 0.0001014858 0.7292103 0.6842896 -1 0 0 -0.0059085 0.896764 0.4424694 -0.0118834 0.9610352 0.2761704 -1 0 0 -0.8314097 -0.1391261 -0.5379606 4.281047E-08 -0.9681427 0.2503993 0.5910993 -0.2019584 -0.7809063 1.141613E-07 0.9681426 -0.2503994 0.6260656 -0.195241 -0.7549325 0.5556068 0.2081694 0.8049637 0.02403511 -0.2792459 0.9599187 0 0.6099395 0.792448 0.5556439 0.2081654 0.8049392 -0.9152588 0.1008708 0.3900341 2.16077E-07 -0.9681426 0.2503997 -8.225295E-05 -0.9681425 0.2503999 -0.9725451 -0.05828848 -0.2252959 -0.9320768 0.09070386 0.3507219 1.630769E-08 0.9681426 -0.2503994 -2.026462E-05 0.9983854 -0.05680421 -0.9500027 -0.07821251 -0.3022873 -4.076818E-08 -0.9681426 0.2503993 -0.9601344 0.06999165 0.2706346 6.115228E-08 0.9681426 -0.2503995 -0.9714057 0.05944734 0.2298633 -3.261988E-08 -0.9681426 0.2503993 -0.988354 0.03810126 0.147325 1.325184E-08 0.9681426 -0.2503994 -0.9940385 0.02729923 0.1055571 -0.9958544 -0.02277503 -0.08806352 -3.956146E-05 -0.9681361 0.2504248 -0.9874864 -0.0395027 -0.152677 -8.809653E-06 0.9939696 -0.1096561 0.6916239 -0.1808408 -0.6992518 2.069115E-07 -0.9681426 0.2503994 0.01107058 -0.5717789 0.8203331 0.7488686 0.1659384 0.6416076 5.443221E-05 0.7461075 0.6658255 0.8070286 0.1478327 0.5717083 -7.13488E-08 0.9681426 -0.2503995 0.7222604 -0.1731699 -0.6695911 0.8315725 0.1398518 0.5375209 0 -0.8060312 0.591873 0 0.8694778 0.493972 0.8314668 0.1390012 0.5379049 -4.281128E-08 -0.9681427 0.2503992 0.7797725 -0.1567553 -0.6061211 0.8066005 -0.1480004 -0.5722688 -4.994649E-08 0.9681426 -0.2503994 -1.4674E-05 -0.9545835 0.2979436 0.8316011 0.1406624 0.5372651 7.491794E-08 -0.9681426 0.2503995 0.8550509 -0.1298344 -0.5020269 -7.848545E-08 0.9681427 -0.2503994 0.8767228 -0.120433 -0.4656748 0.9152591 -0.1008706 -0.3900332 6.77766E-08 -0.9681426 0.2503995 -8.26741E-05 -0.9681567 0.2503448 0.9005797 0.1088271 0.4208478 0.9320769 -0.09070374 -0.3507215 1.284188E-07 0.9681427 -0.2503994 0.9472233 0.08024864 0.3103679 -0.009830897 0.9474817 0.3196588 0.9807959 0.04886064 0.1888179 -0.001891704 0.9999096 -0.01330653 0.9601345 -0.0699916 -0.2706345 -5.351104E-08 -0.9681427 0.2503994 0.9714057 -0.05944724 -0.2298629 3.567404E-09 0.9681426 -0.2503996 0.9883541 -0.03810115 -0.1473246 -1.818644E-05 -0.968154 0.2503555 0.9940385 -0.02729916 -0.1055568 8.02806E-09 0.9681426 -0.2503993 -8.69127E-05 -0.9681393 0.2504123 0.9916483 0.03228735 0.1248642 0.9913739 0.03281622 0.1268884 0 0.9936309 -0.1126847 
				</float_array>
				<technique_common>
					<accessor count="530" source="#Part-3820_dot_dat-norm-array" stride="3">
						<param name="X" type="float" /><param name="Y" type="float" /><param name="Z" type="float" />
					</accessor>
				</technique_common>
			</source>
			<vertices id="Part-3820_dot_dat-vert">
				<input semantic="POSITION" source="#Part-3820_dot_dat-pos" />
			</vertices>
			<triangles count="514" material="Base">
				<input semantic="VERTEX" source="#Part-3820_dot_dat-vert" offset="0" />
				<input semantic="NORMAL" source="#Part-3820_dot_dat-norm" offset="0" />
				<p>
					264 389 395 264 379 389 264 372 379 264 359 372 264 341 359 264 334 341 264 316 334 264 310 316 264 296 310 264 286 296 264 275 286 264 259 275 264 249 259 264 239 249 264 228 239 264 215 228 264 208 215 264 189 208 264 183 189 264 167 183 264 152 167 264 146 152 264 136 146 264 131 136 264 138 131 264 148 138 264 155 148 264 170 155 264 187 170 264 193 187 264 212 193 264 218 212 264 232 218 264 242 232 264 252 242 264 266 252 264 278 266 264 289 278 264 299 289 264 313 299 264 319 313 264 337 319 264 345 337 264 362 345 264 376 362 264 382 376 264 392 382 264 395 392 391 398 396 396 390 391 381 391 390 390 380 381 374 381 380 380 371 374 360 374 371 371 358 360 343 360 358 358 342 343 336 343 342 342 333 336 318 336 333 333 317 318 312 318 317 317 311 312 297 312 311 311 295 297 287 297 295 295 285 287 277 287 285 285 276 277 261 277 276 276 260 261 251 261 260 260 250 251 241 251 250 250 240 241 229 241 240 240 227 229 216 229 227 227 214 216 210 216 214 214 209 210 192 210 209 209 190 192 185 192 190 190 184 185 168 185 184 184 166 168 153 168 166 166 151 153 147 153 151 151 145 147 137 147 145 145 135 137 134 137 135 135 132 134 140 134 132 132 139 140 150 140 139 139 149 150 158 150 149 149 156 158 171 158 156 156 169 171 188 171 169 169 186 188 195 188 186 186 194 195 213 195 194 194 211 213 219 213 211 211 217 219 233 219 217 217 231 233 244 233 231 231 243 244 254 244 243 243 253 254 268 254 253 253 265 268 280 268 265 265 279 280 290 280 279 279 288 290 302 290 288 288 300 302 315 302 300 300 314 315 321 315 314 314 320 321 339 321 320 320 338 339 346 339 338 338 344 346 363 346 344 344 361 363 377 363 361 361 375 377 384 377 375 375 383 384 394 384 383 383 393 394 398 394 393 393 396 398 352 332 354 402 352 354 354 403 402 399 403 354 413 402 403 403 415 413 405 413 415 415 406 405 367 405 406 406 368 367 367 368 357 357 355 367 308 355 357 357 309 308 269 308 309 309 272 269 175 199 172 124 125 175 175 172 124 175 125 130 114 116 125 125 124 114 126 128 116 116 114 126 162 163 128 128 126 162 162 177 178 178 163 162 220 222 178 178 177 220 269 272 222 222 220 269 198 174 261 331 261 353 174 161 263 263 261 174 174 129 161 353 261 263 263 366 353 366 400 353 262 230 197 330 298 262 373 401 414 414 397 373 335 351 401 401 373 335 298 330 351 351 335 298 191 173 197 197 230 191 154 123 173 173 191 154 133 115 123 123 154 133 157 127 115 115 133 157 196 176 127 127 157 196 234 221 176 176 196 234 267 270 221 221 234 267 301 307 270 270 267 301 340 356 307 307 301 340 378 404 356 356 340 378 397 414 404 404 378 397 3 1 5 5 6 3 6 5 8 8 10 6 10 8 15 15 18 10 18 15 23 23 24 18 24 23 28 28 30 24 30 28 36 36 42 30 42 36 68 68 71 42 71 68 113 113 118 71 118 113 159 159 165 118 165 159 200 200 202 165 202 200 235 235 237 202 237 235 255 255 271 237 271 255 291 291 293 271 293 291 327 327 329 293 329 327 365 365 369 329 369 365 412 412 416 369 416 412 459 459 461 416 461 459 486 486 493 461 493 486 499 499 500 493 500 499 505 505 507 500 507 505 508 508 512 507 512 508 518 518 520 512 520 518 522 522 524 520 524 522 527 527 528 524 49 44 46 46 50 49 52 49 50 50 55 52 57 52 55 55 60 57 104 57 60 60 107 104 109 104 107 107 111 109 120 109 111 111 121 120 142 120 121 121 144 142 180 142 144 144 181 180 204 180 181 181 206 204 223 204 206 206 225 223 246 223 225 225 247 246 257 246 247 247 273 257 281 257 273 273 283 281 304 281 283 283 305 304 322 304 305 305 325 322 348 322 325 325 349 348 386 348 349 349 387 386 408 386 387 387 409 408 419 408 409 409 420 419 422 419 420 420 424 422 466 422 424 424 470 466 475 466 470 470 477 475 479 475 477 477 481 479 482 479 481 481 484 482 2 7 51 51 47 2 7 11 54 54 51 7 11 19 61 61 54 11 19 25 106 106 61 19 25 31 110 110 106 25 31 43 122 122 110 31 43 70 143 143 122 43 70 117 182 182 143 70 117 164 207 207 182 117 164 203 226 226 207 164 203 238 248 248 226 203 238 272 274 274 248 238 272 294 284 284 274 272 294 328 306 306 284 294 328 370 324 324 306 328 370 417 350 350 324 370 417 460 388 388 350 417 460 492 410 410 388 460 492 501 421 421 410 492 501 506 425 425 421 501 506 513 471 471 425 506 513 521 476 476 471 513 521 525 480 480 476 521 525 529 485 485 480 525 48 4 0 0 45 48 53 9 4 4 48 53 56 14 9 9 53 56 105 22 14 14 56 105 108 29 22 22 105 108 119 37 29 29 108 119 141 69 37 37 119 141 179 112 69 69 141 179 205 160 112 112 179 205 224 201 160 160 205 224 245 236 201 201 224 245 258 256 236 236 245 258 282 292 256 256 258 282 303 326 292 292 282 303 323 364 326 326 303 323 347 411 364 364 323 347 385 458 411 411 347 385 407 487 458 458 385 407 418 498 487 487 407 418 423 504 498 498 418 423 467 509 504 504 423 467 474 519 509 509 467 474 478 523 519 519 474 478 483 526 523 523 478 483 90 91 76 76 77 90 89 90 77 77 78 89 88 89 78 78 79 88 86 88 79 79 81 86 85 86 81 81 82 85 84 85 82 12 20 3 3 20 16 16 1 3 26 16 38 38 35 26 38 16 20 20 40 38 33 40 20 64 67 38 38 40 64 96 93 67 67 64 96 83 39 66 66 87 83 66 92 87 39 83 80 80 34 39 27 34 80 80 75 27 27 75 74 74 17 27 0 17 59 59 45 0 74 59 17 95 65 98 41 32 100 41 100 98 98 65 41 101 13 63 47 63 13 13 2 47 21 101 100 100 32 21 13 101 21 46 44 58 58 62 46 62 58 73 73 103 62 72 76 99 99 102 72 97 99 94 91 94 99 99 76 91 429 446 444 444 431 429 431 444 443 443 432 431 432 443 442 442 434 432 434 442 440 440 435 434 435 440 439 439 436 435 436 439 437 514 516 528 527 511 514 514 528 527 494 489 511 511 503 494 491 497 514 491 514 511 511 489 491 465 491 489 489 462 465 449 465 462 462 447 449 463 488 438 438 441 463 445 463 441 488 495 433 433 438 488 502 430 433 433 495 502 502 510 427 427 430 502 526 483 468 468 510 526 468 427 510 464 450 452 496 490 454 490 464 452 452 454 490 517 455 472 485 529 517 517 472 485 515 496 454 454 455 515 455 517 515 484 473 469 469 482 484 473 457 428 428 469 473 426 456 453 453 429 426 453 451 448 446 429 453 453 448 446 
				</p>
			</triangles>
		</mesh>
	</geometry>
	<geometry id="Part-3819_dot_dat" name="Part-3819_dot_dat">
		<mesh>
			<source id="Part-3819_dot_dat-pos" name="Part-3819_dot_dat-pos">
				<float_array id="Part-3819_dot_dat-pos-array" count="3042">
					-7 -4 0 -7 -4 0 -7 -3.9656 -0.522 -7 -3.9656 0.522 -7 -3.8636 -1.0352 -7 -3.8636 1.0352 -7 -3.696 -1.531 -7 -3.6956 -1.5308 -7 -3.6956 1.5308 -7 -3.696 1.531 -7 -3.464 -2 -7 -3.464 2 -7 -3.1736 -2.4352 -7 -3.1736 2.4352 -7 -2.8284 -2.8284 -7 -2.828 -2.828 -7 -2.828 2.828 -7 -2.8284 2.8284 -7 -2.4352 -3.1736 -7 -2.4352 3.1736 -7 -2 -3.464 -7 -2 0 -7 -2 0 -7 -2 3.464 -7 -1.9828 -0.261 -7 -1.9828 -0.261 -7 -1.9828 0.261 -7 -1.9828 0.261 -7 -1.9318 -0.5176 -7 -1.9318 -0.5176 -7 -1.9318 0.5176 -7 -1.9318 0.5176 -7 -1.8478 -0.7654 -7 -1.8478 -0.7654 -7 -1.8478 0.7654 -7 -1.8478 0.7654 -7 -1.732 -1 -7 -1.732 -1 -7 -1.732 1 -7 -1.732 1 -7 -1.5868 -1.2176 -7 -1.5868 -1.2176 -7 -1.5868 1.2176 -7 -1.5868 1.2176 -7 -1.531 -3.696 -7 -1.5308 -3.6956 -7 -1.531 3.696 -7 -1.5308 3.6956 -7 -1.4142 -1.4142 -7 -1.4142 -1.4142 -7 -1.4142 1.4142 -7 -1.4142 1.4142 -7 -1.2176 -1.5868 -7 -1.2176 -1.5868 -7 -1.2176 1.5868 -7 -1.2176 1.5868 -7 -1.0352 -3.8636 -7 -1.0352 3.8636 -7 -1 -1.732 -7 -1 -1.732 -7 -1 1.732 -7 -1 1.732 -7 -0.7654 -1.8478 -7 -0.7654 -1.8478 -7 -0.7654 1.8478 -7 -0.7654 1.8478 -7 -0.522 -3.9656 -7 -0.522 3.9656 -7 -0.5176 -1.9318 -7 -0.5176 -1.9318 -7 -0.5176 1.9318 -7 -0.5176 1.9318 -7 -0.261 -1.9828 -7 -0.261 -1.9828 -7 -0.261 1.9828 -7 -0.261 1.9828 -7 0 -4 -7 0 -4 -7 0 -2 -7 0 -2 -7 0 2 -7 0 2 -7 0 4 -7 0 4 -7 0.261 -1.9828 -7 0.261 -1.9828 -7 0.261 1.9828 -7 0.261 1.9828 -7 0.5176 -1.9318 -7 0.5176 -1.9318 -7 0.5176 1.9318 -7 0.5176 1.9318 -7 0.522 -3.9656 -7 0.522 3.9656 -7 0.7654 -1.8478 -7 0.7654 -1.8478 -7 0.7654 1.8478 -7 0.7654 1.8478 -7 1 -1.732 -7 1 -1.732 -7 1 1.732 -7 1 1.732 -7 1.0352 -3.8636 -7 1.0352 3.8636 -7 1.2176 -1.5868 -7 1.2176 -1.5868 -7 1.2176 1.5868 -7 1.2176 1.5868 -7 1.4142 -1.4142 -7 1.4142 -1.4142 -7 1.4142 1.4142 -7 1.4142 1.4142 -7 1.5308 -3.6956 -7 1.531 -3.696 -7 1.531 3.696 -7 1.5308 3.6956 -7 1.5868 -1.2176 -7 1.5868 -1.2176 -7 1.5868 1.2176 -7 1.5868 1.2176 -7 1.732 -1 -7 1.732 -1 -7 1.732 1 -7 1.732 1 -7 1.8478 -0.7654 -7 1.8478 -0.7654 -7 1.8478 0.7654 -7 1.8478 0.7654 -7 1.9318 -0.5176 -7 1.9318 -0.5176 -7 1.9318 0.5176 -7 1.9318 0.5176 -7 1.9828 -0.261 -7 1.9828 -0.261 -7 1.9828 0.261 -7 1.9828 0.261 -7 2 -3.464 -7 2 0 -7 2 0 -7 2 3.464 -7 2.4352 -3.1736 -7 2.4352 3.1736 -7 2.828 -2.828 -7 2.8284 -2.8284 -7 2.828 2.828 -7 2.8284 2.8284 -7 3.1736 -2.4352 -7 3.1736 2.4352 -7 3.464 -2 -7 3.464 2 -7 3.696 -1.531 -7 3.6956 -1.5308 -7 3.6956 1.5308 -7 3.696 1.531 -7 3.8636 -1.0352 -7 3.8636 1.0352 -7 3.9656 -0.522 -7 3.9656 0.522 -7 4 0 -7 4 0 -6 -5 0 -6 -4.619 -1.913 -6 -4.619 1.913 -6 -3.536 -3.536 -6 -3.536 3.536 -6 -1.913 -4.619 -6 -1.913 4.619 -6 0 -5 -6 0 5 -6 1.913 -4.619 -6 1.913 4.619 -6 3.536 -3.536 -6 3.536 3.536 -6 4.619 -1.913 -6 4.619 1.913 -6 5 0 -5 -5.5 0 -5 -5.5 0 -5 -5.081 -2.105 -5 -5.081 2.105 -5 -5.081 2.105 -5 -3.889 -3.889 -5 -3.889 3.889 -5 -3.889 3.889 -5 -2.105 -5.081 -5 -2.105 -5.081 -5 -2.105 5.081 -5 0 -5.5 -5 0 -5.5 -5 0 5.5 -5 2.105 -5.081 -5 2.105 5.081 -5 3.889 -3.889 -5 3.889 3.889 -5 5.081 -2.105 -5 5.081 -2.105 -5 5.081 2.105 -5 5.081 2.105 -5 5.5 0 -3.5 -5.5 0 -3.5 -5.5 0 -3.5 -5.081 -2.105 -3.5 -5.081 2.105 -3.5 -5.081 2.105 -3.5 -3.889 -3.889 -3.5 -3.889 3.889 -3.5 -2.105 -5.081 -3.5 -2.105 -5.081 -3.5 -2.105 5.081 -3.5 0 -5.5 -3.5 0 5.5 -3.5 2.105 -5.081 -3.5 2.105 5.081 -3.5 3.889 -3.889 -3.5 3.889 3.889 -3.5 5.081 -2.105 -3.5 5.081 -2.105 -3.5 5.081 2.105 -3.5 5.081 2.105 -3.5 5.5 0 -3.5 5.5 0 -2 -5 0 -2 -5 0 -2 -4.957 -0.6525 -2 -4.957 -0.6525 -2 -4.957 0.6525 -2 -4.957 0.6525 -2 -4.8295 -1.294 -2 -4.8295 -1.294 -2 -4.8295 1.294 -2 -4.8295 1.294 -2 -4.619 -1.913 -2 -4.6195 -1.9135 -2 -4.619 1.913 -2 -4.619 1.913 -2 -4.33 -2.5 -2 -4.33 -2.5 -2 -4.33 2.5 -2 -4.33 2.5 -2 -3.967 -3.044 -2 -3.967 -3.044 -2 -3.967 3.044 -2 -3.967 3.044 -2 -3.5355 -3.5355 -2 -3.5355 -3.5355 -2 -3.536 3.536 -2 -3.5355 3.5355 -2 -3.044 -3.967 -2 -3.044 -3.967 -2 -3.044 3.967 -2 -3.044 3.967 -2 -2.5 -4.33 -2 -2.5 -4.33 -2 -2.5 4.33 -2 -2.5 4.33 -2 -1.913 -4.619 -2 -1.913 -4.619 -2 -1.9135 4.6195 -2 -1.9135 4.6195 -2 -1.294 -4.8295 -2 -1.294 -4.8295 -2 -1.294 4.8295 -2 -1.294 4.8295 -2 -0.6525 -4.957 -2 -0.6525 -4.957 -2 -0.6525 4.957 -2 -0.6525 4.957 -2 0 -5 -2 0 -5 -2 0 5 -2 0 5 -2 0.6525 -4.957 -2 0.6525 -4.957 -2 0.6525 4.957 -2 0.6525 4.957 -2 1.294 -4.8295 -2 1.294 -4.8295 -2 1.294 4.8295 -2 1.294 4.8295 -2 1.9135 -4.6195 -2 1.913 -4.619 -2 1.9135 4.6195 -2 1.913 4.619 -2 2.5 -4.33 -2 2.5 -4.33 -2 2.5 4.33 -2 2.5 4.33 -2 3.044 -3.967 -2 3.044 -3.967 -2 3.044 3.967 -2 3.044 3.967 -2 3.5355 -3.5355 -2 3.5355 -3.5355 -2 3.536 3.536 -2 3.5355 3.5355 -2 3.967 -3.044 -2 3.967 -3.044 -2 3.967 3.044 -2 3.967 3.044 -2 4.33 -2.5 -2 4.33 -2.5 -2 4.33 2.5 -2 4.33 2.5 -2 4.619 -1.913 -2 4.619 -1.913 -2 4.619 1.913 -2 4.619 1.913 -2 4.8295 -1.294 -2 4.8295 -1.294 -2 4.8295 1.294 -2 4.8295 1.294 -2 4.957 -0.6525 -2 4.957 -0.6525 -2 4.957 0.6525 -2 4.957 0.6525 -2 5 0 -2 5 0 0 -6.5 0 0 -6.5 0 0 -6.4441 -0.8483 0 -6.4441 -0.84825 0 -6.4441 0.8483 0 -6.4441 0.84825 0 -6.2784 -1.6822 0 -6.27835 -1.6822 0 -6.2784 1.6822 0 -6.27835 1.6822 0 -6.005 -2.487 0 -6.00535 -2.48755 0 -6.005 2.487 0 -6.00535 2.48755 0 -5.629 -3.25 0 -5.629 -3.25 0 -5.629 3.25 0 -5.629 3.25 0 -5.1571 -3.9572 0 -5.1571 -3.9572 0 -5.1571 3.9572 0 -5.1571 3.9572 0 -5 0 0 -4.957 -0.6525 0 -4.957 0.6525 0 -4.8295 -1.294 0 -4.8295 1.294 0 -4.6195 -1.9135 0 -4.6195 1.9135 0 -4.59615 -4.59615 0 -4.596 -4.596 0 -4.59615 4.59615 0 -4.596 4.596 0 -4.33 -2.5 0 -4.33 2.5 0 -3.967 -3.044 0 -3.967 3.044 0 -3.9572 -5.1571 0 -3.9572 -5.1571 0 -3.9572 5.1571 0 -3.9572 5.1571 0 -3.5355 -3.5355 0 -3.5355 3.5355 0 -3.25 -5.629 0 -3.25 -5.629 0 -3.25 5.629 0 -3.25 5.629 0 -3.044 -3.967 0 -3.044 3.967 0 -2.5 -4.33 0 -2.5 4.33 0 -2.48755 -6.00535 0 -2.487 -6.005 0 -2.48755 6.00535 0 -2.487 6.005 0 -2 0 0 -1.9828 -0.261 0 -1.9828 0.261 0 -1.9318 -0.5176 0 -1.9318 0.5176 0 -1.9135 -4.6195 0 -1.9135 4.6195 0 -1.8478 -0.7654 0 -1.8478 0.7654 0 -1.732 -1 0 -1.732 1 0 -1.6822 -6.2784 0 -1.6822 -6.27835 0 -1.6822 6.2784 0 -1.6822 6.27835 0 -1.5868 -1.2176 0 -1.5868 1.2176 0 -1.4142 -1.4142 0 -1.4142 1.4142 0 -1.294 -4.8295 0 -1.294 4.8295 0 -1.2176 -1.5868 0 -1.2176 1.5868 0 -1 -1.732 0 -1 1.732 0 -0.84825 -6.4441 0 -0.8483 -6.4441 0 -0.8483 6.4441 0 -0.84825 6.4441 0 -0.7654 -1.8478 0 -0.7654 1.8478 0 -0.6525 -4.957 0 -0.6525 4.957 0 -0.5176 -1.9318 0 -0.5176 1.9318 0 -0.261 -1.9828 0 -0.261 1.9828 0 0 -6.5 0 0 -6.5 0 0 -5 0 0 -5 0 0 -2 0 0 -2 0 0 0 0 0 2 0 0 2 0 0 5 0 0 5 0 0 6.5 0 0 6.5 0 0 6.5 0 0.261 -1.9828 0 0.261 -1.9828 0 0.261 1.9828 0 0.261 1.9828 0 0.5176 -1.9318 0 0.5176 -1.9318 0 0.5176 1.9318 0 0.5176 1.9318 0 0.6525 -4.957 0 0.6525 4.957 0 0.7654 -1.8478 0 0.7654 -1.8478 0 0.7654 1.8478 0 0.7654 1.8478 0 1 -1.732 0 1 -1.732 0 1 1.732 0 1 1.732 0 1.2176 -1.5868 0 1.2176 -1.5868 0 1.2176 1.5868 0 1.2176 1.5868 0 1.294 -4.8295 0 1.294 4.8295 0 1.4142 -1.4142 0 1.4142 -1.4142 0 1.4142 1.4142 0 1.4142 1.4142 0 1.5868 -1.2176 0 1.5868 -1.2176 0 1.5868 1.2176 0 1.5868 1.2176 0 1.732 -1 0 1.732 -1 0 1.732 1 0 1.732 1 0 1.8478 -0.7654 0 1.8478 -0.7654 0 1.8478 0.7654 0 1.8478 0.7654 0 1.913 -4.619 0 1.9135 -4.6195 0 1.913 4.619 0 1.9135 4.6195 0 1.9318 -0.5176 0 1.9318 -0.5176 0 1.9318 0.5176 0 1.9318 0.5176 0 1.9828 -0.261 0 1.9828 -0.261 0 1.9828 0.261 0 1.9828 0.261 0 2 0 0 2 0 0 2.487 6.005 0 2.487 6.005 0 2.493 -6.507 0 2.5 -6.5 0 2.5 -6.5 0 2.5 -4.33 0 2.5 4.33 0 3.044 -3.967 0 3.044 3.967 0 3.5355 -3.5355 0 3.536 -3.536 0 3.5355 3.5355 0 3.536 3.536 0 3.967 -3.044 0 3.967 3.044 0 4.33 -2.5 0 4.33 2.5 0 4.5 -4.5 0 4.596 4.596 0 4.596 4.596 0 4.619 -1.913 0 4.6195 -1.9135 0 4.619 1.913 0 4.6195 1.9135 0 4.8295 -1.294 0 4.8295 1.294 0 4.957 -0.6525 0 4.957 0.6525 0 5 0 0 5 0 0 6 -3 -1E-06 6.036 -2.964 0 9.028 0.028 0 11.964 2.964 0 18.9 9.9 0 18.9 9.9 0.04299998 3.416744 -6.506021 0.043 3.4167 -6.506 0.04299998 6.497383 -3.425383 0.04299998 8.949699 0.872596 0.04299998 11.50255 3.425448 0.04299998 12.42545 2.502553 0.04299998 18.4386 10.3614 0.04299998 18.43855 10.36145 0.04299998 19.36139 9.438603 0.04299998 19.36145 9.438552 0.1705 4.3249 -6.5051 0.1705 4.324916 -6.505059 0.1705 6.950987 -3.878987 0.1705 8.8727 1.703 0.1705 8.8727 1.703 0.1705 8.87272 1.702954 0.1705 11.04888 3.879117 0.1705 12.87912 2.048884 0.1705 17.98499 10.81501 0.1705 17.98488 10.81512 0.1705 19.81512 8.984882 0.1705 19.81501 8.984986 0.3805 5.201942 -6.504129 0.381 5.206 -6.5 0.3804989 7.389036 -4.317036 0.3805 8.79838 2.504834 0.3805 10.61077 4.317227 0.3805 13.31704 1.610964 0.3805 17.54677 11.25323 0.3805 17.54692 11.25307 0.3805 20.25307 8.546926 0.3805 20.25323 8.546772 0.67 6.0323 -6.5033 0.67 6.03225 -6.50325 0.669999 7.80375 -4.73175 0.67 8.728 3.264 0.67 8.728 3.264 0.67 10.196 4.732 0.67 13.73175 1.19625 0.67 17.132 11.668 0.67 17.1322 11.6678 0.67 20.668 8.132 0.67 20.6678 8.132199 0.957 -2.2 -6.005 0.957 -2.2 6.005 0.957 -2.2 6.005 1.033 6.8024 -6.5024 1.033 6.802391 -6.502434 1.032999 8.188413 -5.116412 1.033 8.6627 3.9682 1.033 8.66272 3.968153 1.033 9.811284 5.116717 1.033 14.11641 0.8115876 1.033 16.74753 12.05247 1.033 16.74728 12.05272 1.033 21.05272 7.747283 1.033 21.05247 7.747526 1.4645 7.498208 -6.501697 1.465 7.5 -6.5 1.464499 8.535953 -5.463952 1.4645 8.60374 4.604351 1.4645 8.6037 4.6044 1.4645 9.463696 5.464306 1.4645 14.46431 0.4636952 1.4645 16.39969 12.4003 1.4645 16.39998 12.40002 1.4645 21.4003 7.399694 1.4645 21.40002 7.399977 1.666 0 -6.5 1.666 0 6.5 1.768 -4.066 -4.596 1.768 -4.066 4.596 1.956 8.109082 -6.50105 1.956 8.1091 -6.5011 1.956 8.552 5.1629 1.956 8.55196 5.162885 1.956 8.841066 -5.769066 1.956 9.158538 5.769463 1.956 14.76907 0.1589343 1.956 16.09485 12.70514 1.956 16.09454 12.70546 1.956 21.70546 7.094537 1.956 21.70514 7.094855 2.31 -5.312 -2.487 2.31 -5.312 2.487 2.3185 0 -6.4441 2.3185 0 6.4441 2.5 -5.75 0 2.5 8.294 -0.707 2.5 8.294 -0.707 2.5 8.5084 5.6328 2.5 8.5084 5.632752 2.5 8.623 -6.5005 2.5 8.622982 -6.500505 2.5 8.901825 6.026177 2.499999 9.097744 -6.025743 2.5 15.02574 -0.09774304 2.5 15.83782 12.96218 2.5 15.83817 12.96183 2.5 18.9 9.9 2.5 18.9006 9.8996 2.5 21.96218 6.837823 2.5 21.96183 6.83817 2.5215 8.063306 -0.476306 2.5215 8.063306 -0.476306 2.5215 8.524693 -0.937694 2.5215 8.524693 -0.937694 2.5215 18.6699 10.13029 2.5215 18.6693 10.1307 2.5215 19.13129 9.668906 2.5215 19.1307 9.669302 2.58525 7.836501 -0.2495011 2.58525 7.836501 -0.2495011 2.58525 8.751498 -1.164499 2.58525 8.751498 -1.164499 2.58525 18.4431 10.3571 2.58525 18.44249 10.35751 2.58525 19.3581 9.442101 2.58525 19.35751 9.442493 2.69025 7.617474 -0.03047442 2.69025 7.617474 -0.03047442 2.69025 8.970525 -1.383526 2.69025 8.970525 -1.383526 2.69025 18.22346 10.57654 2.69025 18.22407 10.57613 2.69025 19.57654 9.223462 2.69025 19.57713 9.223074 2.835 7.410115 0.176885 2.835 7.410115 0.176885 2.835 9.177885 -1.590885 2.835 9.177885 -1.590885 2.835 18.01671 10.78348 2.835 18.0161 10.7839 2.835 19.78448 9.015715 2.835 19.7839 9.0161 2.942 -1.53 -6.005 2.942 -1.53 6.005 2.942 -1.53 6.005 2.96 0 -6.2784 2.96 0 6.2784 3.0165 7.217781 0.3692184 3.0165 7.217781 0.3692184 3.0165 9.370218 -1.783218 3.0165 9.370218 -1.783218 3.0165 17.82438 10.97582 3.0165 17.82376 10.97624 3.0165 19.97624 8.823763 3.0165 19.97682 8.823381 3.0865 8.4737 6.0075 3.087 8.474 6.008 3.0865 8.69709 6.230911 3.0865 9.0328 -6.5001 3.0865 9.032826 -6.500071 3.087 9.034 -6.5 3.086499 9.302449 -6.230449 3.0865 15.23091 -0.3029097 3.0865 15.63346 13.16654 3.0865 15.63309 13.16691 3.0865 22.16654 6.633459 3.0865 22.16691 6.633089 3.23225 7.04401 0.5429901 3.23225 7.04401 0.5429901 3.23225 9.54399 -1.95699 3.23225 9.54399 -1.95699 3.23225 17.64999 11.15001 3.23225 17.65061 11.14959 3.23225 20.15001 8.649988 3.23225 20.15059 8.64961 3.478 6.891451 0.6955487 3.478 6.891451 0.6955487 3.478 9.696548 -2.109549 3.478 9.696548 -2.109549 3.478 17.49743 11.30257 3.478 17.49805 11.30215 3.478 20.30257 8.497427 3.478 20.30315 8.497051 3.579 0 -6.005 3.5795 -3.827E-07 6.00535 3.706 8.44846 6.279305 3.706 8.548577 6.379422 3.706 9.3301 -6.4998 3.706 9.330124 -6.499756 3.705999 9.45094 -6.37894 3.706 15.37942 -0.4514217 3.706 15.48496 13.31504 3.706 15.48458 13.31542 3.706 22.31503 6.484963 3.706 22.31542 6.484577 3.75 6.763111 0.8238888 3.75 6.763111 0.8238888 3.75 9.824888 -2.237889 3.75 9.824888 -2.237889 3.75 17.36971 11.43049 3.75 17.36909 11.43091 3.75 20.43149 8.368711 3.75 20.43091 8.369085 4.024 -2.829 -4.596 4.024 -2.829 -4.596 4.024 -2.829 4.596 4.04325 6.660757 0.9262426 4.04325 6.660757 0.9262428 4.04325 9.927242 -2.340243 4.04325 9.927242 -2.340243 4.04325 17.26673 11.53327 4.04325 17.26736 11.53284 4.04325 20.53384 8.266357 4.04325 20.53327 8.266729 4.166 0 -5.629 4.166 0 5.629 4.3475 8.43316 6.444341 4.3475 8.4332 6.4443 4.3475 8.45841 6.469591 4.3475 9.510626 -6.499565 4.3475 9.541096 -6.469095 4.3475 9.5411 -6.4691 4.3475 15.39441 13.40559 4.3475 15.39481 13.40519 4.3475 15.46959 -0.5415897 4.3475 22.40519 6.394806 4.3475 22.40559 6.394409 4.353 6.586511 1.000489 4.353 6.586511 1.000489 4.353 10.00149 -2.414489 4.353 10.00149 -2.414489 4.353 17.19248 11.60752 4.353 17.19311 11.60709 4.353 20.60752 8.192482 4.353 20.60809 8.192111 4.67375 6.541432 1.045567 4.67375 6.541432 1.045567 4.67375 10.04657 -2.459567 4.67375 10.04657 -2.459567 4.67375 17.1474 11.6526 4.67375 17.14803 11.65217 4.67375 20.6526 8.147403 4.67375 20.65317 8.147033 4.71 0 -5.1571 4.71 0 5.1571 4.746 -3.695 -2.487 4.746 -3.695 -2.487 4.746 -3.695 -2.487 4.746 -3.695 2.487 4.746 -3.695 2.487 5 -4 0 5 -4 0 5 6.52623 1.06077 5 6.52623 1.06077 5 8 -6.5 4.999 8 6.5 4.999001 7.999999 6.5 5 8.294 -0.707 5 8.428 6.500001 5 8.427999 6.5 5 9.572 -6.5 5 9.571501 -6.4995 5 10.06177 -2.47477 5 10.06177 -2.47477 5 15.364 13.436 5 15.3644 13.4356 5 15.4995 -0.5715001 5 17.13283 11.66737 5 17.1322 11.6678 5 20.66837 8.13183 5 20.6678 8.132199 5 22.436 6.363999 5 22.4356 6.3644 5.202 0 -4.596 5.2015 -7.071E-07 4.59615 5.32625 6.541432 1.045567 5.32625 6.541432 1.045567 5.32625 10.04657 -2.459567 5.32625 10.04657 -2.459567 5.32625 17.1474 11.6526 5.32625 17.14803 11.65217 5.32625 20.6526 8.147403 5.32625 20.65317 8.147033 5.633 0 -3.9572 5.633 -7.934E-07 3.9572 5.647 6.586511 1.000489 5.647 6.586511 1.000489 5.647 10.00149 -2.414489 5.647 10.00149 -2.414489 5.647 17.19311 11.60709 5.647 17.19248 11.60752 5.647 20.60752 8.192482 5.647 20.60809 8.192111 5.6515 8 -6.4441 5.6515 8 6.4441 5.6525 8.4334 6.4436 5.652631 8.433388 6.443896 5.6525 8.45841 6.469591 5.65263 9.566611 -6.443896 5.6525 9.5666 -6.4436 5.6525 15.39481 13.40519 5.6525 15.39441 13.40559 5.65263 15.46925 -0.5412534 5.6525 22.40559 6.394409 5.6525 22.40519 6.394806 5.95675 6.660757 0.9262426 5.95675 6.660757 0.9262428 5.95675 9.927242 -2.340243 5.95675 9.927242 -2.340243 5.95675 17.26673 11.53327 5.95675 17.26736 11.53284 5.95675 20.53384 8.266357 5.95675 20.53327 8.266729 5.996 0 -3.25 5.996 -8.66E-07 3.25 6.25 6.763111 0.8238888 6.25 6.763111 0.8238888 6.25 9.824888 -2.237889 6.25 9.824888 -2.237889 6.25 17.36971 11.43049 6.25 17.36909 11.43091 6.25 20.43149 8.368711 6.25 20.43091 8.369085 6.2855 -9.239E-07 -2.48755 6.286 0 -2.488 6.286 0 -2.488 6.285 0 2.487 6.293 8 -6.2784 6.293001 7.999999 6.27835 6.294 8.448 6.2779 6.294095 8.447972 6.278035 6.294 8.548578 6.379423 6.294 9.552 -6.2779 6.294095 9.552027 -6.278036 6.294 15.37942 -0.4514217 6.294 15.48458 13.31542 6.294 15.48496 13.31504 6.294 22.31542 6.484577 6.294 22.31503 6.484963 6.4955 0 -1.6822 6.4955 -9.659E-07 1.6822 6.522 6.891451 0.6955487 6.522 6.891451 0.6955487 6.522 9.696548 -2.109549 6.522 9.696548 -2.109549 6.522 17.49805 11.30215 6.522 17.49743 11.30257 6.522 20.30257 8.497427 6.522 20.30315 8.497051 6.623 -9.914E-07 -0.84825 6.623 0 0.8483 6.666 0 0 6.76775 7.04401 0.5429901 6.76775 7.04401 0.5429901 6.76775 9.54399 -1.95699 6.76775 9.54399 -1.95699 6.76775 17.65061 11.14959 6.76775 17.64999 11.15001 6.76775 20.15059 8.64961 6.76775 20.15001 8.649988 6.9125 8 -6.0054 6.9125 8 6.0054 6.9135 8.472 6.0049 6.913417 8.472002 6.004755 6.9135 8.69709 6.230911 6.9135 9.528 -6.0049 6.913416 9.527997 -6.004757 6.913416 15.23038 -0.3023765 6.9135 15.63346 13.16654 6.9135 15.63309 13.16691 6.9135 22.16691 6.633089 6.9135 22.16654 6.633459 6.9835 7.217781 0.3692184 6.9835 7.217781 0.3692184 6.9835 9.370218 -1.783218 6.9835 9.370218 -1.783218 6.9835 17.82438 10.97582 6.9835 17.82376 10.97624 6.9835 19.97624 8.823763 6.9835 19.97682 8.823381 7.165 7.410115 0.176885 7.165 7.410115 0.176885 7.165 9.177885 -1.590885 7.165 9.177885 -1.590885 7.165 18.01671 10.78348 7.165 18.0161 10.7839 7.165 19.7839 9.0161 7.165 19.78448 9.015715 7.30975 7.617474 -0.03047442 7.30975 7.617474 -0.03047442 7.30975 8.970525 -1.383526 7.30975 8.970525 -1.383526 7.30975 18.22346 10.57654 7.30975 18.22407 10.57613 7.30975 19.57654 9.223462 7.30975 19.57713 9.223074 7.41475 7.836501 -0.2495011 7.41475 7.836501 -0.2495011 7.41475 8.751498 -1.164499 7.41475 8.751498 -1.164499 7.41475 18.4431 10.3571 7.41475 18.44249 10.35751 7.41475 19.35751 9.442493 7.41475 19.3581 9.442101 7.4785 8.063306 -0.476306 7.4785 8.063306 -0.476306 7.4785 8.524693 -0.937694 7.4785 8.524693 -0.937694 7.4785 18.6693 10.1307 7.4785 18.6699 10.13029 7.4785 19.13129 9.668906 7.4785 19.1307 9.669302 7.499 8 -5.629 7.499 8 5.629 7.5 8.294 -0.707 7.5 8.294 -0.707 7.5 8.505065 5.628732 7.5 8.5051 5.6286 7.5 8.902166 6.025833 7.5 9.494935 -5.628731 7.5 9.4949 -5.6286 7.5 15.02583 -0.09783281 7.5 15.83817 12.96183 7.5 15.83782 12.96218 7.5 18.9 9.9 7.5 18.9006 9.8996 7.5 21.96218 6.837823 7.5 21.96183 6.83817 8.043001 7.999999 -5.1571 8.043 8 5.1571 8.044 8.546599 5.1567 8.043807 8.546597 5.1564 8.044 9.158538 5.769463 8.043807 9.453403 -5.156399 8.044 9.4534 -5.1567 8.043807 14.7689 0.1590993 8.044 16.09485 12.70514 8.044 16.09454 12.70546 8.044 21.70514 7.094855 8.044 21.70546 7.094537 8.5345 8 -4.5962 8.5345 8 4.5962 8.535534 8.595887 4.595841 8.5355 8.5959 4.5958 8.5355 9.404099 -4.5958 8.535534 9.404112 -4.595841 8.535534 9.464023 5.463976 8.5355 14.46431 0.4636952 8.5355 16.39969 12.4003 8.5355 16.39998 12.40002 8.5355 21.40002 7.399977 8.5355 21.4003 7.399694 8.966 8 -3.9572 8.966 8 3.9572 8.967 8.6521 3.9569 8.967 9.347899 -3.9569 8.966766 9.347909 -3.956644 8.967 9.811284 5.116717 8.967 14.11672 0.8112839 8.967 16.74753 12.05247 8.967 16.74728 12.05272 8.967 21.05247 7.747526 8.967 21.05272 7.747283 9.329 7.999998 -3.25 9.329 7.999998 3.25 9.33 8.7143 3.2498 9.33 9.2858 -3.2498 9.330127 10.19625 4.73175 9.330127 13.73175 1.196249 9.33 17.1322 11.6678 9.33 17.132 11.668 9.33 20.6678 8.132199 9.33 20.668 8.132 9.6185 8 -2.4876 9.6185 8 2.4876 9.6195 8.7813 2.4874 9.6195 9.218699 -2.4874 9.6195 10.61077 4.317228 9.6195 13.31723 1.610774 9.6195 17.54677 11.25323 9.6195 17.54692 11.25307 9.6195 20.25307 8.546926 9.6195 20.25323 8.546772 9.8285 8 -1.6822 9.8285 8 1.6822 9.8295 8.852099 1.6821 9.8295 9.1479 -1.6821 9.829629 11.04894 3.879055 9.8295 12.87912 2.048884 9.8295 17.98499 10.81501 9.8295 17.98488 10.81512 9.8295 19.81512 8.984882 9.8295 19.81501 8.984986 9.955999 8 -0.8483 9.955999 8 0.8483 9.957225 8.925404 0.8483545 9.957225 9.074596 -0.8483543 9.957225 11.50252 3.425475 9.957225 12.42548 2.502525 9.957 18.43855 10.36145 9.957 18.4386 10.3614 9.957 19.36145 9.438552 9.957 19.36139 9.438603 9.999 8 0 10 9 0 10 11.964 2.964001 10 18.9 9.9 10 18.9 9.9 
				</float_array>
				<technique_common>
					<accessor count="1014" source="#Part-3819_dot_dat-pos-array" stride="3">
						<param name="X" type="float" /><param name="Y" type="float" /><param name="Z" type="float" />
					</accessor>
				</technique_common>
			</source>
			<source id="Part-3819_dot_dat-norm" name="Part-3819_dot_dat-norm">
				<float_array id="Part-3819_dot_dat-norm-array" count="3042">
					-1 0 0 -0.7059471 -0.7061968 -0.05408261 -1 0 0 -1 0 0 -1 0 0 -1 0 0 -0.705982 -0.6317762 -0.3200753 -1 0 0 -1 0 0 -0.7058328 -0.6731821 0.2205129 -0.9999999 0 0 -1 0 0 -0.9999999 0 0 -1 0 0 -1 0 0 -0.7062223 -0.4608473 -0.5374661 -0.7062223 -0.5374661 0.4608473 -1 0 0 -1 0 0 -0.9999999 0 0 -1 0 0 -1 0 0 0 0.9997588 0.02196149 -0.9999999 0 0 0 0.988354 0.1521723 -1 0 0 0 0.9940384 -0.1090301 -1 0 0 0 0.9601343 0.2795392 -1 0 0 -1 0 0 0 0.9714055 -0.2374263 -1 0 0 0 0.9152585 0.402867 -1 0 0 0 0.9320766 -0.3622615 0 0.8550502 0.5185451 -1 0 0 -1 0 0 0 0.8767221 -0.4809973 0 0.7797715 0.6260642 -1 0 0 -1 0 0 0 0.8065997 -0.591098 -0.7058328 -0.2205129 -0.6731821 -1 0 0 -0.705982 -0.3200753 0.6317762 -1 0 0 0 0.6916226 0.7222592 -1 0 0 -1 0 0 0 0.7222592 -0.6916226 0 0.591098 0.8065997 -1 0 0 0 0.6260642 -0.7797715 -1 0 0 -1 0 0 -1 0 0 -1 0 0 0 0.4809973 0.8767221 0 0.5185451 -0.8550502 -1 0 0 0 0.3622615 0.9320766 -1 0 0 0 0.402867 -0.9152585 -1 0 0 -1 0 0 -1 0 0 -1 0 0 0 0.2374263 0.9714055 0 0.2795392 -0.9601343 -1 0 0 0 0.1090301 0.9940384 -1 0 0 -1 0 0 0 0.1521723 -0.988354 -0.7059471 0.05408261 -0.7061968 -1 0 0 -1 0 0 0 -0.02196149 0.9997588 0 0.02196149 -0.9997588 -1 0 0 -0.7059471 -0.05408261 0.7061968 -1 0 0 0 -0.1521723 0.988354 -1 0 0 -1 0 0 0 -0.1090301 -0.9940384 -1 0 0 0 -0.2795392 0.9601343 -1 0 0 0 -0.2374263 -0.9714055 -1 0 0 -1 0 0 0 -0.402867 0.9152585 -1 0 0 -1 0 0 0 -0.3622615 -0.9320766 0 -0.5185451 0.8550502 -1 0 0 -1 0 0 0 -0.4809973 -0.8767221 -1 0 0 -1 0 0 0 -0.6260642 0.7797715 -1 0 0 -1 0 0 0 -0.591098 -0.8065997 -1 0 0 0 -0.7222592 0.6916226 -1 0 0 0 -0.6916226 -0.7222592 -1 0 0 -0.705982 0.3200753 -0.6317762 -0.7058328 0.2205129 0.6731821 -1 0 0 0 -0.8065997 0.591098 -1 0 0 0 -0.7797715 -0.6260642 -1 0 0 0 -0.8767221 0.4809973 -1 0 0 0 -0.8550502 -0.5185451 -1 0 0 -1 0 0 0 -0.9320766 0.3622615 0 -0.9152585 -0.402867 -1 0 0 0 -0.9714055 0.2374263 -1 0 0 0 -0.9601343 -0.2795392 -1 0 0 -1 0 0 0 -0.9940384 0.1090301 -1 0 0 0 -0.988354 -0.1521723 -0.9999999 0 0 0 -0.9997588 -0.02196149 -1 0 0 -1 0 0 -0.9999999 0 0 -1 0 0 -0.7062223 0.5374661 -0.4608473 -1 0 0 -0.7062223 0.4608473 0.5374661 -1 0 0 -1 0 0 -0.9999999 0 0 -1 0 0 -0.9999999 0 0 -0.7058328 0.6731821 -0.2205129 -1 0 0 -1 0 0 -0.705982 0.6317762 0.3200753 -1 0 0 -1 0 0 -1 0 0 -1 0 0 -1 0 0 -0.7059471 0.7061968 0.05408261 -0.5933512 -0.804902 -0.008200206 -0.5932156 -0.7406618 -0.3154604 -0.5933767 -0.746728 0.300502 -0.5934438 -0.5632929 -0.5749137 -0.5934437 -0.5749137 0.5632928 -0.5933767 -0.300502 -0.746728 -0.5932156 -0.3154604 0.7406618 -0.5933512 0.008200206 -0.804902 -0.5933512 -0.008200206 0.804902 -0.5932156 0.3154604 -0.7406618 -0.5933767 0.300502 0.746728 -0.5934437 0.5749137 -0.5632928 -0.5934438 0.5632929 0.5749137 -0.5933767 0.746728 -0.300502 -0.5932156 0.7406618 0.3154604 -0.5933512 0.804902 0.008200206 -0.311663 -0.9446207 0.1027525 0 -0.9807594 -0.1952201 -0.192694 -0.9004778 -0.389883 0 -0.8314762 0.5555604 -0.2384193 -0.9211228 0.307716 -0.1924895 -0.6828471 -0.7047465 0 -0.5555604 0.8314762 -0.2383064 -0.7331924 0.636898 -0.2384193 -0.307716 -0.9211228 0 -0.5555604 -0.8314762 -0.192694 -0.3898831 0.9004778 0 -0.1952201 -0.9807594 -0.2384838 0.06822822 -0.9687468 -0.1926344 -0.01557078 0.981147 -0.192694 0.3898831 -0.9004778 -0.1925944 0.3610617 0.9124373 -0.1924896 0.7047465 -0.6828471 -0.1924895 0.6828471 0.7047465 -0.2384193 0.9211228 -0.307716 0 0.8314762 -0.5555604 -0.238567 0.8688818 0.4337398 0 0.9807594 0.1952201 -0.1926345 0.9811471 0.01557078 0.08264002 -0.9916802 0.09869695 0.3107971 -0.9321789 -0.1856006 0.1619882 -0.9128299 -0.3748351 0.3109821 -0.7902482 0.5280133 0.1284959 -0.9295449 0.3455939 0.1619715 -0.6998695 -0.6956636 0.1618251 -0.6957204 0.699847 0.3109821 -0.5280133 -0.7902482 0.1284959 -0.3455939 -0.9295449 0.1617768 -0.3748483 0.9128619 0.1618926 -0.003054408 -0.9868037 0.1618926 0.003054408 0.9868037 0.16185 0.3748916 -0.9128312 0.1619998 0.3804643 0.910496 0.1619715 0.6956636 -0.6998695 0.1618251 0.699847 0.6957204 0.3109821 0.7902482 -0.5280133 0.1284959 0.9295449 -0.3455939 0.1284137 0.901676 0.4129045 0.3108581 0.932169 0.1855482 0.1284847 0.991038 0.03654171 0.310736 0.9322081 -0.185556 -0.9999999 0 0 0.2253506 -0.9734054 0.04121861 -1 0 0 0 -0.988354 -0.152172 0 -0.9940385 0.1090302 -0.9999999 0 0 -0.0001059314 -0.9600458 -0.2798431 -1 0 0 -1 0 0 0 -0.9713323 0.2377259 0.2253314 -0.9150621 -0.3344955 -0.9999999 0 0 0.2252094 -0.8836243 0.410474 -1 0 0 -1 0 0 0 -0.8552321 -0.5182451 -0.0001118407 -0.8768887 0.4806934 -1 0 0 0 -0.7797714 -0.6260644 -1 0 0 -0.9999999 0 0 0 -0.8068107 0.5908101 -1 0 0 0.2253475 -0.717474 -0.659128 0.2251122 -0.659224 0.7174596 -1 0 0 0 -0.5910981 -0.8065997 -0.9999999 0 0 0.0001178759 -0.6257843 0.7799962 -1 0 0 -1 0 0 -0.0001118407 -0.4806934 -0.8768887 -1 0 0 0 -0.518545 0.8550503 0.2253131 -0.4105325 -0.8835707 -1 0 0 0.2252149 -0.334436 0.9151125 -0.9999999 0 0 0 -0.2377259 -0.9713323 -1 0 0 -1 0 0 0 -0.2795391 0.9601343 -0.9999999 0 0 0 -0.1090302 -0.9940385 0 -0.152172 0.988354 -1 0 0 -0.9999999 0 0 0.2253556 -0.04127306 -0.973402 0.2253556 0.04127306 0.973402 -1 0 0 0 0.152172 -0.988354 -1 0 0 -1 0 0 0 0.1090302 0.9940385 0 0.2795391 -0.9601343 -0.9999999 0 0 0 0.2377259 0.9713323 -0.9999999 0 0 0.2252126 0.3345049 -0.9150878 -1 0 0 -1 0 0 0.2252094 0.410474 0.8836243 -1 0 0 0 0.518545 -0.8550503 -0.0001118407 0.4806934 0.8768887 -1 0 0 -1 0 0 0 0.6260644 -0.7797714 -0.9999999 0 0 0 0.5908101 0.8068107 0.2252409 0.6592039 -0.7174376 -1 0 0 0.2252189 0.7174959 0.659148 -1 0 0 0 0.8065997 -0.5910981 -0.9999999 0 0 -1 0 0 0.0001178759 0.7799962 0.6257843 -0.0001118407 0.8768887 -0.4806934 -1 0 0 0 0.8552321 0.5182451 -1 0 0 0.2253131 0.8835707 -0.4105325 -1 0 0 0.2253337 0.9150866 0.3344266 -1 0 0 0 0.9713323 -0.2377259 -1 0 0 -0.9999999 0 0 -0.0001059314 0.9600458 0.2798431 -0.9999999 0 0 0 0.9940385 -0.1090302 0 0.988354 0.152172 -1 0 0 0.2253506 0.9734054 -0.04121861 -0.9999999 0 0 -1 0 0 0.2873479 -0.9578263 0 0.3152803 -0.9350849 -0.1619096 -1 0 0 0.3044114 -0.9443818 0.1244056 -1 0 0 0.2995132 -0.9215806 -0.2469435 -1 0 0 0.313133 -0.9260023 0.2108734 -1 0 0 0.2670947 -0.8903159 -0.3687788 -1 0 0 0.2670947 -0.8903159 0.3687788 -1 0 0 -1 0 0 0.283544 -0.8091049 -0.5147349 0.2731014 -0.8333295 0.4806013 -1 0 0 0.2603062 -0.7659545 -0.5878389 -1 0 0 -1 0 0 0.2777206 -0.7821471 0.5577788 0 -0.9997588 0.02196161 0 -0.9940385 -0.1090302 0 -0.988354 0.152172 0 -0.9714056 -0.2374259 -0.0001059314 -0.9600458 0.2798431 -0.0002177937 -0.9319566 -0.3625697 -0.000217741 -0.9153939 0.4025591 -1 0 0 0.2073645 -0.691737 -0.691737 -1 0 0 0.2073645 -0.691737 0.691737 -0.0001118407 -0.8768887 -0.4806934 0 -0.8550503 0.518545 0 -0.8065997 -0.5910981 0.0001178759 -0.7799962 0.6257843 0.2266293 -0.5550852 -0.8003247 -1 0 0 -1 0 0 0.2095421 -0.5953113 0.7756911 0 -0.7222591 -0.6916226 0.0002357383 -0.6913617 0.7225088 0.2034484 -0.4891446 -0.8481429 -1 0 0 -1 0 0 0.2213162 -0.5118513 0.8300767 0 -0.6260644 -0.7797714 0 -0.5910981 0.8065997 0 -0.518545 -0.8550503 0 -0.4809974 0.876722 -1 0 0 0.1140161 -0.3801861 -0.9178556 -1 0 0 0.1140161 -0.3801861 0.9178556 0 0.9997588 -0.02196149 0 0.9940384 0.1090301 0 0.988354 -0.1521723 0 0.9714055 0.2374263 0 0.9601343 -0.2795392 -0.000217741 -0.4025591 -0.9153939 0 -0.3622616 0.9320765 0 0.9320765 0.3622614 0 0.9152585 -0.402867 0 0.8767221 0.4809973 0 0.8550503 -0.518545 0.13467 -0.2564678 -0.9571249 -1 0 0 0.13467 -0.2564678 0.9571249 -1 0 0 0 0.8065997 0.591098 0 0.7797715 -0.6260642 0 0.7222592 0.6916226 0 0.6916226 -0.7222592 -0.0001059314 -0.2798431 -0.9600458 0 -0.2374259 0.9714056 0 0.6260642 0.7797715 0 0.591098 -0.8065997 0 0.518545 0.8550503 0 0.4809973 -0.8767221 -1 0 0 0.261053 -0.1260752 -0.957056 0.261053 -0.1260752 0.957056 -1 0 0 0 0.402867 0.9152585 0 0.3622614 -0.9320765 0 -0.152172 -0.988354 0 -0.1090302 0.9940385 0 0.2795392 0.9601343 0 0.2374263 -0.9714055 0 0.1521723 0.988354 0 0.1090301 -0.9940384 -1 0 0 0.009793418 -0.02896406 -0.9995325 -1 0 0 0 -0.02196161 -0.9997588 -1 0 0 0 0.02196149 0.9997588 -1 0 0 0 -0.02196149 -0.9997588 -1 0 0 -1 0 0 0 0.02196161 0.9997588 0.01665412 -0.0492546 0.9986475 -0.9999999 0 0 -0.2600498 0.1501604 0.953848 0 -0.1090301 0.9940384 -1 0 0 -1 0 0 0 -0.1521723 -0.988354 -1 0 0 0 -0.2374263 0.9714055 0 -0.2795392 -0.9601343 -1 0 0 0 0.1090302 -0.9940385 0 0.152172 0.988354 -1 0 0 0 -0.3622614 0.9320765 0 -0.402867 -0.9152585 -1 0 0 -1 0 0 0 -0.4809973 0.8767221 0 -0.518545 -0.8550503 -1 0 0 0 -0.591098 0.8065997 -1 0 0 -1 0 0 0 -0.6260642 -0.7797715 0 0.2374259 -0.9714056 -0.0001059314 0.2798431 0.9600458 -1 0 0 0 -0.6916226 0.7222592 0 -0.7222592 -0.6916226 -1 0 0 -1 0 0 0 -0.7797715 0.6260642 -1 0 0 0 -0.8065997 -0.591098 0 -0.8550503 0.518545 -1 0 0 0 -0.8767221 -0.4809973 -1 0 0 0 -0.9152585 0.402867 -1 0 0 -1 0 0 0 -0.9320765 -0.3622614 -1 0 0 0 0.3622616 -0.9320765 -1 0 0 -0.000217741 0.4025591 0.9153939 0 -0.9601343 0.2795392 -1 0 0 -1 0 0 0 -0.9714055 -0.2374263 0 -0.988354 0.1521723 -1 0 0 -1 0 0 0 -0.9940384 -0.1090301 0 -0.9997588 0.02196149 -1 0 0 -0.6087234 0.2726522 0.7450615 -1 0 0 -0.9978356 0.04649866 -0.04649881 -1 0 0 0.0006718186 -9.459086E-05 -0.9999998 0 0.4809974 -0.876722 0 0.518545 0.8550503 0 0.5910981 -0.8065997 0.0001178759 0.6257843 0.7799962 0 0.6916226 -0.7222591 -1 0 0 0.0002357383 0.7225088 0.6913617 -1 0 0 0 0.7797714 -0.6260644 0 0.8065997 0.5910981 0 0.8550503 -0.518545 -0.0001118407 0.8768887 0.4806934 -1 0 0 0 0 0 -0.9664254 0.1434456 0.2131792 -1 0 0 -0.000217741 0.9153939 -0.4025591 -1 0 0 -0.0002177937 0.9319566 0.3625697 -0.0001059314 0.9600458 -0.2798431 0 0.9714056 0.2374259 0 0.988354 -0.152172 0 0.9940385 0.1090302 0 0.9997588 -0.02196161 -1 0 0 -1 0 0 -0.9978357 0.04649611 -0.0464965 -0.9999506 -0.0009182123 0.009892421 -0.999757 0.01558567 -0.01558563 -0.9997589 -0.01552707 0.01552707 -5.38944E-08 0.7071074 0.7071062 -0.9886937 0.10603 -0.10603 0.06425931 -0.008792398 -0.9978945 -0.9906752 0.0963383 -0.09634052 -0.9940688 -0.0004358919 0.1087527 -0.9941028 -0.07667977 0.07667977 -0.9912085 0.09355646 -0.09355706 1.58931E-07 0.7071071 0.7071065 -0.9883571 -0.1075881 0.1075881 -2.129847E-07 0.7071071 0.7071065 -0.99404 0.0770859 -0.0770859 0.04862987 -0.005836951 -0.9987999 -0.9608495 0.1959187 -0.1959188 -0.9641261 0.1876959 -0.1876995 0 0 0 0 0 0 -0.9775689 0.01136424 0.2103094 -0.9715533 -0.1674579 0.1674579 -0.9655541 0.1839885 -0.1839937 4.78536E-07 0.7071062 0.7071073 -0.9601443 -0.1976401 0.1976401 -0.9714128 0.1678648 -0.1678648 -1.590123E-07 0.7071065 0.7071071 -0.9164502 0.2829477 -0.2829481 0.001414342 -0.0003235466 -0.9999989 -0.9204924 0.2763094 -0.2763094 -0.949334 0.02769264 0.3130465 -0.93231 -0.2557324 0.2557324 -0.9232187 0.271718 -0.2717289 -0.915278 -0.2848388 0.2848388 -4.456353E-07 0.7071068 0.7071066 1.461129E-07 0.7071064 0.7071072 -0.9320745 0.2561564 -0.2561663 0.02814422 -0.01299724 -0.9995194 -0.8568011 0.3646174 -0.3646178 -0.8608687 0.3597952 -0.3597952 -0.8686904 0.273908 0.4127365 -0.8568333 -0.3645796 0.3645797 -0.8770294 -0.33972 0.33972 -0.8652428 0.3545026 -0.3545178 -0.8550807 -0.3666313 0.3666314 2.922472E-08 0.7071068 0.7071067 -0.8767391 0.3400831 -0.3401058 7.3063E-09 0.7071071 0.7071065 0.1466242 -0.3842133 -0.911527 0.3428442 -0.06176881 0.9373593 0.130062 -0.3842491 0.9140221 0.01535452 -0.006068747 -0.9998636 -0.782284 0.4404719 -0.4404726 -0.7859 0.4372347 -0.4372494 -0.8127662 0.2849041 0.5081739 -0.7823271 -0.440434 0.4404342 -0.8069754 -0.4176066 0.4176067 -0.7924247 0.431307 -0.4313205 2.922529E-07 0.7071066 0.707107 -0.7798117 -0.4426589 0.4426588 -0.8066233 0.4179294 -0.417964 -3.799233E-07 0.7071065 0.7071071 -0.6950186 0.5084035 -0.5084043 0.0008184645 -0.0004552993 -0.9999996 -0.6970992 0.506961 -0.5069943 -0.6950699 -0.5083688 0.5083688 -0.7835367 0.3049058 0.5413895 -0.7226695 -0.4887477 0.4887477 -0.7059101 0.5008302 -0.5008594 -0.6916701 -0.5106821 0.5106822 0 0.7071068 0.7071068 -0.7224094 0.4889333 -0.4889469 -5.844798E-08 0.7071066 0.707107 0.03176685 -0.08251638 -0.9960833 0.04042926 -0.07495178 0.9963673 0.2886498 -0.6669802 -0.6868906 0.2880738 -0.6534492 0.7000126 -0.5958006 0.5679001 -0.5679007 0.005055179 -0.005104451 -0.9999742 -0.6561819 0.3073139 0.6891904 -0.5958543 -0.5678723 0.567872 -0.5960028 0.5677943 -0.5677943 -0.6264952 -0.551137 0.551137 -0.6072022 0.5618069 -0.5618528 0 0.7071068 0.7071068 -0.5911488 -0.5703257 0.5703258 -0.6259404 0.5514306 -0.5514733 4.968306E-07 0.7071071 0.7071066 0.4046933 -0.8350255 -0.3727673 0.4048898 -0.8269383 0.3901758 0.143919 -0.07620373 -0.986651 0.1922518 -0.09624388 0.9766148 0.471282 -0.8819474 0.007881483 0.9997588 0.01552917 -0.01552917 0 0.7071071 0.7071065 -0.5617599 0.2813251 0.7779987 -0.4873776 -0.617493 0.6173859 -0.0005126561 0.001709954 -0.9999985 -0.4873753 0.6174396 -0.6174412 -0.5189508 -0.6044378 0.6044378 -0.4850073 0.6183569 -0.618387 -0.4986719 0.6129 -0.6129274 -0.4810461 -0.6199172 0.6199172 0 0.7071067 0.7071067 6.622619E-08 0.7071072 0.7071064 0.9997588 -0.01552917 0.01552917 -0.5185762 0.6045619 -0.6046352 2.337977E-07 0.7071071 0.7071065 6.850456E-08 0.7071066 0.7071069 0.988354 0.1076017 -0.1076016 0 0.7071071 0.7071065 0.9940385 -0.07709586 0.07709587 0.9940385 0.07709577 -0.07709577 2.717177E-07 0.7071068 0.7071068 0.9883541 -0.1076016 0.1076016 -1.336593E-07 0.7071072 0.7071064 1.369857E-08 0.7071066 0.7071069 0.9601344 0.1976636 -0.1976636 0.9714058 -0.1678851 0.1678851 -9.132385E-09 0.707107 0.7071065 0.9714059 0.1678852 -0.1678852 1.552417E-07 0.7071064 0.7071072 0.9601344 -0.1976636 0.1976636 -1.280702E-07 0.7071072 0.7071064 -1.004534E-07 0.7071069 0.7071066 0.9152585 0.2848699 -0.2848699 -4.109452E-07 0.7071063 0.7071072 0.9320767 -0.2561572 0.2561572 -6.392536E-07 0.7071074 0.7071062 0.9320766 0.2561574 -0.2561574 -1.392589E-07 0.7071061 0.7071075 0.9152588 -0.2848697 0.2848697 0.8550507 0.3666663 -0.3666663 1.461273E-07 0.7071067 0.7071069 0.8767223 -0.3401161 0.3401161 -3.013874E-07 0.7071063 0.7071074 0.8767222 0.3401162 -0.3401162 6.758412E-07 0.7071062 0.7071073 0.8550504 -0.3666666 0.3666666 2.648457E-07 0.7071071 0.7071065 0.3093008 -0.4032209 -0.8612466 0.5990697 -0.2876149 0.7472572 0.2156025 -0.4318677 0.8757887 0.3033704 -0.1303902 -0.9439093 0.3472178 -0.1486391 0.9259299 0.7797714 0.4426943 -0.4426943 -9.132996E-08 0.7071068 0.7071068 4.566498E-08 0.7071067 0.7071068 0.8066001 -0.4179691 0.4179691 0.8066001 0.4179691 -0.4179691 0 0.7071068 0.7071068 -3.835863E-07 0.7071065 0.707107 0.7797719 -0.4426939 0.4426939 -0.2971061 0.1670035 0.9401265 -0.3573312 -0.6423674 0.677996 -0.403226 -0.6470772 0.6470703 0.005055179 -0.005104451 -0.9999742 -0.3714742 0.6565068 -0.6565103 -1.368883E-05 4.867431E-05 -1 -0.3649253 0.6582931 -0.6583918 -0.3813662 0.6536509 -0.6536821 0 0.7071068 0.7071068 -0.3623029 -0.6590663 0.6590663 0 0.7071069 0.7071067 -0.4031733 0.6470769 -0.6471033 0.6916241 0.5107133 -0.5107133 -7.306122E-08 0.7071069 0.7071066 2.557143E-07 0.7071069 0.7071068 0.7222595 -0.4890507 0.4890507 0 0.7071068 0.7071068 0.7222595 0.4890507 -0.4890507 -1.0959E-07 0.7071066 0.7071069 0.6916233 -0.5107139 0.5107138 0.5910987 0.5703518 -0.5703518 3.105217E-07 0.7071066 0.707107 5.114479E-07 0.7071071 0.7071065 0.6260648 -0.5513814 0.5513814 0 0.7071068 0.7071068 0.6260661 0.5513807 -0.5513807 7.306138E-08 0.7071067 0.7071069 0.5910984 -0.570352 0.570352 0.4457325 -0.1857312 -0.8756863 0.4840119 -0.201679 0.8515033 -0.2920725 -0.5234941 0.8004047 -0.2798154 -0.6788616 0.6788597 -0.02142233 0.1137747 -0.9932755 -0.2514603 0.6843847 -0.684387 -0.2389599 0.6865666 -0.6866764 -0.2569189 0.6833462 -0.6833964 0 0.7071068 0.7071068 -0.2374559 -0.6868824 0.6868824 -7.01366E-07 0.7071069 0.7071066 -0.2795731 0.6789106 -0.6789106 -1.369943E-07 0.7071068 0.7071068 0.4809977 0.619936 -0.619936 -3.653182E-08 0.7071068 0.7071068 0.5185449 -0.6046119 0.6046119 0.5185449 0.6046119 -0.6046119 0 0.7071068 0.7071068 0.4809977 -0.619936 0.619936 5.114478E-07 0.7071071 0.7071064 0.4132555 -0.6960762 -0.5871098 0.7426916 -0.336372 -0.5790191 0.616039 -0.5272839 0.5852073 -2.967939E-07 0.7071068 0.7071067 0.3622628 0.6590772 -0.6590772 0.402868 -0.6471853 0.6471853 -2.374351E-07 0.7071067 0.7071068 0 0.7071068 0.7071068 0.4028684 0.647185 -0.647185 0.3622628 -0.6590772 0.6590772 -2.9223E-07 0.7071068 0.7071068 0.5751512 -0.2512133 -0.7785197 0.5970287 -0.2523863 0.761484 -0.1306498 -0.7010459 0.7010459 -0.1687078 -0.1280626 0.9773114 -0.1523457 -0.6988528 0.6988528 -0.1306318 0.7010476 -0.7010476 -0.1093343 0.702829 -0.7029063 -0.0599231 0.3197673 -0.9455993 -0.1090446 -0.7028902 0.7028902 4.091862E-07 0.7071068 0.7071067 -0.1285993 0.7011996 -0.7012712 -5.845734E-08 0.7071068 0.7071068 -0.1521915 0.6988697 -0.6988697 6.849287E-08 0.7071068 0.7071068 0.2374257 0.6868876 -0.6868876 0 0.7071067 0.7071067 0.2795405 -0.6789172 0.6789172 5.114246E-07 0.7071068 0.7071068 0.2795391 0.6789175 -0.6789175 -2.922199E-07 0.7071069 0.7071066 0.2374262 -0.6868874 0.6868875 0.1090302 0.7028913 -0.7028913 -1.278752E-07 0.7071068 0.7071068 2.568922E-07 0.7071068 0.7071068 0.1521719 -0.6988719 0.6988719 -5.115161E-07 0.7071068 0.7071067 0.1521714 0.6988719 -0.6988719 -7.306692E-08 0.7071069 0.7071066 0.1090307 -0.7028913 0.7028913 0.6650811 -0.2803084 -0.6921663 0.6749486 -0.2918271 0.677703 0.8764919 -0.3833162 -0.291257 0 0 0 0.5398876 -0.7977995 -0.2683979 0.5398875 -0.7977995 0.2683979 0.8848385 -0.385958 0.2609545 0.9173043 -0.3979128 -0.01477641 0.5734623 -0.8192319 1.570729E-08 1.141849E-09 0.7071069 0.7071067 -0.02196164 0.7069362 -0.7069362 0.01648731 -0.005735037 -0.9998476 -0.3361423 -0.620492 0.7085182 -0.09422635 0.05868882 0.9938194 -2.854069E-10 0.7071068 0.7071068 -0.02191091 -0.7069482 0.7069257 0.0005363963 -1.249948E-06 0.9999999 0.01849078 0.009175569 -0.9997869 -0.000340624 0.7071068 -0.7071067 1.141849E-09 0.7071069 0.7071067 0.02196372 -0.7069362 0.7069362 0.02196452 -0.7069362 0.7069362 -8.184637E-07 0.7071067 0.7071068 0.01040032 0.7070397 -0.7070975 0.02196112 0.7069362 -0.7069362 0 0.7071068 0.7071068 -0.0219606 -0.7069362 0.7069362 -5.115398E-07 0.7071066 0.707107 -0.02160319 0.7069078 -0.7069757 -8.184636E-07 0.7071066 0.7071069 0.7436514 -0.3097739 -0.5924717 0.7613583 -0.3171515 0.5654629 -0.1521709 0.6988719 -0.698872 1.29017E-07 0.7071068 0.7071068 -2.557505E-07 0.7071068 0.7071068 -0.1090307 -0.7028913 0.7028913 4.384014E-07 0.7071068 0.7071066 -0.1090286 0.7028914 -0.7028915 0 0.7071067 0.7071068 -0.1521719 -0.6988719 0.6988719 0.8085294 -0.3455238 -0.4763334 0.8165061 -0.3430746 0.4643461 -7.305907E-08 0.7071068 0.7071067 -0.2795405 0.6789172 -0.6789172 0 0.7071068 0.7071068 -0.2374247 -0.6868877 0.6868877 -0.2374262 0.6868874 -0.6868874 -5.113848E-07 0.7071066 0.7071069 1.022849E-06 0.7071068 0.7071067 -0.2795372 -0.6789178 0.6789178 0.1958261 -0.06823948 -0.9782615 0.1419013 -0.05664187 0.988259 0.1699406 0.0004304844 0.9854543 0.1732607 -0.7011178 0.6916751 0.1090971 -0.702908 0.7028643 0.108776 0.702911 -0.702911 0.1413956 0.0001379405 -0.9899532 7.599455E-07 0.7071069 0.7071067 0.1521918 -0.6988696 0.6988696 0.1517743 0.6988964 -0.6989338 0.1089206 0.702861 -0.7029387 1.227558E-06 0.7071068 0.7071068 2.922279E-07 0.7071068 0.7071067 -0.402868 0.6471853 -0.6471853 -0.362261 -0.6590778 0.6590778 2.374351E-07 0.7071067 0.7071068 0 0.7071068 0.7071068 -0.3622628 0.6590772 -0.6590772 -0.4028676 -0.6471854 0.6471854 -2.191619E-07 0.7071069 0.7071066 0.8485282 -0.3562109 -0.3912975 0.8503123 -0.362489 0.3815373 1.461273E-07 0.7071068 0.7071068 -0.5185452 0.6046119 -0.6046119 -0.4809982 -0.6199358 0.6199358 2.739888E-08 0.7071068 0.7071067 -0.4809978 0.619936 -0.619936 0 0.7071068 0.7071068 -0.5185459 -0.6046115 0.6046115 2.922434E-07 0.7071068 0.7071068 0.882145 -0.3675386 -0.2945092 0 0 0 0 0 0 0.8888501 -0.3703319 0.2698143 0.3514555 -0.1227714 -0.9281198 0.3006662 -0.1186581 0.9463192 0.3548185 0.0001810543 0.9349352 0.2915116 -0.6784527 0.6743314 0.2376058 -0.6868912 0.6868217 0.3026149 0.0001117443 -0.9531129 0.237225 0.6868932 -0.6869513 0.279651 0.6788714 -0.6789175 0.2795732 -0.6789105 0.6789105 -4.675773E-07 0.7071067 0.7071068 0.237242 0.6869087 -0.6869299 2.337814E-07 0.7071069 0.7071066 0.9048696 -0.3843683 -0.1829542 0.9079801 -0.3808253 0.1747691 -3.013889E-07 0.7071066 0.707107 -0.6260663 0.5513806 -0.5513806 -0.5910986 -0.5703518 0.5703518 -5.11448E-07 0.7071071 0.7071065 -0.5910989 0.5703516 -0.5703516 0 0.7071068 0.7071068 -6.575776E-07 0.7071071 0.7071065 -0.6260653 -0.5513811 0.5513811 0.9171486 -0.3845473 -0.1046995 0.9161347 -0.3889119 0.09718333 0.9230376 -0.3845317 -0.01169707 -0.7222592 0.4890509 -0.4890509 6.392855E-08 0.7071069 0.7071066 -2.465815E-07 0.7071068 0.7071067 -0.6916234 -0.5107138 0.5107137 -0.6916239 0.5107134 -0.5107134 0 0.7071068 0.7071068 -0.7222598 -0.4890505 0.4890505 -7.305997E-08 0.7071067 0.7071069 0.489082 -0.1713463 -0.8552422 0.4440789 -0.174858 0.8787597 0.4976774 -0.0001889199 0.8673621 0.4109513 -0.6454974 0.6437796 0.362756 -0.6589873 0.6588959 0.4507017 -3.084317E-06 -0.8926746 0.362347 0.6590398 -0.6590683 0.4028794 0.6471566 -0.6472068 0 0.7071068 0.7071068 0.4031191 -0.6471176 0.6470966 0.362652 0.6589352 -0.6590053 5.844516E-08 0.7071069 0.7071067 8.219695E-08 0.7071068 0.7071068 -0.8066003 0.4179688 -0.4179688 -5.479797E-08 0.7071068 0.7071068 -0.7797717 -0.4426942 0.4426942 -0.7797714 0.4426944 -0.4426944 -3.835863E-07 0.7071066 0.707107 1.461226E-07 0.7071066 0.707107 -0.8065999 -0.4179694 0.4179694 -0.8767223 0.3401161 -0.3401161 -1.461272E-07 0.7071066 0.7071068 -0.8550507 -0.3666663 0.3666663 2.922544E-07 0.7071064 0.7071073 -0.855051 0.3666659 -0.3666659 2.648457E-07 0.7071071 0.7071065 6.758412E-07 0.7071062 0.7071073 -0.8767225 -0.3401159 0.340116 1.004534E-07 0.7071069 0.7071066 -0.9320766 0.2561574 -0.2561574 -0.9152588 -0.2848695 0.2848696 4.155113E-07 0.7071064 0.7071073 -1.392589E-07 0.707106 0.7071076 -0.9152585 0.2848699 -0.2848699 -6.392536E-07 0.7071074 0.7071062 -0.9320766 -0.2561573 0.2561573 -1.369857E-08 0.7071066 0.7071069 -0.9714059 0.1678852 -0.1678852 -0.9601344 -0.1976636 0.1976636 1.369858E-08 0.707107 0.7071066 -0.9601344 0.1976637 -0.1976637 -1.280702E-07 0.7071072 0.7071064 1.552417E-07 0.7071064 0.7071071 -0.9714058 -0.1678851 0.1678851 -0.9940385 0.07709573 -0.07709573 -6.850457E-08 0.7071067 0.7071069 -0.9883541 -0.1076016 0.1076016 0 0.7071071 0.7071065 -1.336593E-07 0.7071071 0.7071064 -0.9883541 0.1076015 -0.1076015 -0.9940385 -0.07709586 0.07709587 2.717178E-07 0.7071068 0.7071068 0.6049097 -0.2127052 -0.7673596 0.566215 -0.222184 0.7937473 -0.9997588 -0.01552919 0.01552919 0 0.7071071 0.7071065 0.5240569 -0.6025038 0.6019582 0.6201134 -0.0005875293 0.784512 0.4813334 -0.6198412 0.6197701 0.4805694 0.620102 -0.620102 0.5803697 -0.0001510016 -0.814353 0.5184882 0.6046146 -0.6046579 0 0.7071068 0.7071068 0.5184142 -0.6046882 0.6046479 6.622619E-08 0.7071072 0.7071064 -0.9997588 0.01552917 -0.01552917 0.4809222 0.6199278 -0.6200026 -2.922522E-07 0.707107 0.7071065 0.6995469 -0.2471355 -0.6704909 0.6660509 -0.2601881 0.6990553 0.7229866 -0.0007899102 0.6908617 0.6302579 -0.5493444 0.5486307 0.5914829 -0.5701948 0.5701103 0.5908142 0.5704993 -0.5704992 0.6894311 -0.0002722768 -0.7243512 0.625659 0.5515867 -0.5516366 0 0.7071068 0.7071068 0.6262505 -0.5512838 0.551268 -5.552728E-07 0.707107 0.7071066 0.5912986 0.5702026 -0.5702938 0.7741286 -0.2749765 -0.5701868 0.7461764 -0.2899164 0.5993073 0.7250674 -0.4870199 0.4869178 0.8059142 -0.0009541254 0.5920318 0.7792664 -0.0003719766 -0.6266927 0.6908599 0.5112104 -0.5112499 0.6919954 -0.5104905 0.510433 0.7218626 0.4893269 -0.4893604 0.7221996 -0.4891095 0.4890803 0 0.7071068 0.7071068 8.767196E-08 0.7071066 0.707107 0.6914092 0.5108413 -0.5108761 0.8316964 -0.2972994 -0.4689288 0.8083584 -0.312128 0.4991321 0.8450162 -0.2925209 0.4476374 0.8504997 -0.0004937866 -0.5259755 0.7792562 0.4430994 -0.4431961 0.7801008 -0.4424214 0.4423869 0.8063834 0.4181596 -0.4181966 -2.630237E-07 0.7071065 0.707107 0.8066688 -0.417905 0.4179006 4.383795E-07 0.7071064 0.7071071 0.7798119 0.4426588 -0.4426588 0.8744555 -0.3147373 -0.3691451 0.8560537 -0.328269 0.3992639 0.9016868 -0.2443094 0.3567545 0.8746333 0.2973875 -0.3828542 0.8553669 -0.3663093 0.3662852 0.8765337 0.3403533 -0.340365 7.3063E-09 0.7071071 0.7071065 0.8767344 -0.3401038 0.3400975 2.922472E-08 0.7071068 0.7071067 0.8551003 0.3666053 -0.3666117 0.9050157 -0.3281566 -0.2706654 0.8911175 -0.3392258 0.3013895 0.9460253 -0.1873886 0.2644267 0.9278998 0.2278424 -0.2951097 0.9154899 -0.2845047 0.2844913 0.9319106 0.2564556 -0.2564631 0.9320762 -0.2561558 0.2561603 1.461129E-07 0.7071064 0.7071072 -4.456353E-07 0.7071069 0.7071066 0.9152727 0.2848464 -0.2848484 0.9249166 -0.3380142 -0.1739987 0.9156103 -0.3457736 0.2051787 0.9773139 -0.1245666 0.1712909 0.9664637 0.1561911 -0.2038434 0.9602757 -0.1973234 0.1973172 0.9712501 0.1683374 -0.1683328 -1.590123E-07 0.7071065 0.707107 0.9713979 -0.1678974 0.1679182 0.9601442 0.1976398 -0.1976399 4.78536E-07 0.7071062 0.7071073 0.9354075 -0.3446322 -0.07900278 0.9307599 -0.3486433 0.1101544 0.99534 -0.05746875 0.07743078 0.9902347 0.08425009 -0.1110721 0.9884501 -0.1071519 0.1071669 0.9939833 0.07745771 -0.07744273 0.9940526 -0.07699312 0.07701505 -2.129847E-07 0.7071071 0.7071065 0.9883392 0.1076804 -0.1076584 1.58931E-07 0.7071071 0.7071065 0.937294 -0.3481845 0.01573702 0.9997768 0.01258152 -0.01697504 0.9997722 -0.01509149 0.01509926 -5.38944E-08 0.7071074 0.7071062 0.9997615 0.01545109 -0.01544015 
				</float_array>
				<technique_common>
					<accessor count="1014" source="#Part-3819_dot_dat-norm-array" stride="3">
						<param name="X" type="float" /><param name="Y" type="float" /><param name="Z" type="float" />
					</accessor>
				</technique_common>
			</source>
			<vertices id="Part-3819_dot_dat-vert">
				<input semantic="POSITION" source="#Part-3819_dot_dat-pos" />
			</vertices>
			<triangles count="1168" material="Base">
				<input semantic="VERTEX" source="#Part-3819_dot_dat-vert" offset="0" />
				<input semantic="NORMAL" source="#Part-3819_dot_dat-norm" offset="0" />
				<p>
					133 137 475 475 471 133 128 133 471 471 467 128 125 128 467 467 459 125 120 125 459 459 455 120 116 120 455 455 452 116 109 116 452 452 448 109 104 109 448 448 441 104 98 104 441 441 438 98 94 98 438 438 434 94 89 94 434 434 428 89 84 89 428 428 423 84 79 84 423 423 414 79 72 79 414 414 407 72 69 72 407 407 405 69 62 69 405 405 401 62 59 62 401 401 395 59 52 59 395 395 393 52 48 52 393 393 389 48 40 48 389 389 387 40 36 40 387 387 381 36 33 36 381 381 379 33 28 33 379 379 375 28 24 28 375 375 373 24 22 24 373 373 372 22 26 22 372 372 374 26 31 26 374 374 376 31 35 31 376 376 380 35 39 35 380 380 382 39 43 39 382 382 388 43 51 43 388 388 390 51 54 51 390 390 394 54 60 54 394 394 396 60 64 60 396 396 402 64 70 64 402 402 406 70 75 70 406 406 408 75 80 75 408 408 416 80 87 80 416 416 426 87 91 87 426 426 429 91 97 91 429 429 435 97 101 97 435 435 439 101 107 101 439 439 444 107 111 107 444 444 449 111 118 111 449 449 454 118 122 118 454 454 457 122 126 122 457 457 462 126 130 126 462 462 470 130 135 130 470 470 474 135 137 135 474 474 475 137 138 132 156 156 158 138 132 129 154 154 156 132 129 124 151 151 154 129 124 121 148 148 151 124 121 117 146 146 148 121 117 108 143 143 146 117 108 105 140 140 143 108 105 99 136 136 140 105 99 95 112 112 136 99 95 88 102 102 112 95 88 85 92 92 102 88 85 78 77 77 92 85 78 73 66 66 77 78 73 68 56 56 66 73 68 63 45 45 56 68 63 58 20 20 45 63 58 53 18 18 20 58 53 49 14 14 18 53 49 41 12 12 14 49 41 37 10 10 12 41 37 32 7 7 10 37 32 29 4 4 7 32 29 25 2 2 4 29 25 21 0 0 2 25 21 27 3 3 0 21 27 30 5 5 3 27 30 34 8 8 5 30 34 38 11 11 8 34 38 42 13 13 11 38 42 50 17 17 13 42 50 55 19 19 17 50 55 61 23 23 19 55 61 65 47 47 23 61 65 71 57 57 47 65 71 74 67 67 57 71 74 81 83 83 67 74 81 86 93 93 83 81 86 90 103 103 93 86 90 96 115 115 103 90 96 100 139 139 115 96 100 106 141 141 139 100 106 110 145 145 141 106 110 119 147 147 145 110 119 123 149 149 147 119 123 127 152 152 149 123 127 131 155 155 152 127 131 134 157 157 155 131 134 138 158 158 157 134 505 315 312 312 503 505 503 312 307 307 501 503 501 307 303 303 498 501 498 303 299 299 492 498 492 299 295 295 490 492 490 295 291 291 486 490 486 291 288 288 484 486 484 288 284 284 482 484 482 284 279 279 464 482 464 279 275 275 445 464 445 275 271 271 431 445 431 271 268 268 412 431 412 268 264 264 403 412 403 264 259 259 391 403 391 259 255 255 377 391 377 255 252 252 366 377 366 252 247 247 364 366 364 247 244 244 358 364 358 244 239 239 352 358 352 239 236 236 350 352 350 236 231 231 344 350 344 231 227 227 342 344 342 227 224 224 340 342 340 224 222 222 339 340 339 222 225 225 341 339 341 225 230 230 343 341 343 230 233 233 345 343 345 233 237 237 351 345 351 237 242 242 353 351 353 242 245 245 359 353 359 245 249 249 365 359 365 249 254 254 367 365 367 254 257 257 378 367 378 257 262 262 392 378 392 262 265 265 404 392 404 265 269 269 419 404 419 269 274 274 432 419 432 274 277 277 446 432 446 277 282 282 466 446 466 282 285 285 483 466 483 285 290 290 485 483 485 290 293 293 488 485 488 293 298 298 491 488 491 298 301 301 493 491 493 301 305 305 500 493 500 305 310 310 502 500 502 310 313 313 504 502 504 313 315 315 505 504 231 201 200 200 222 231 201 178 177 177 199 201 178 161 160 160 176 178 161 6 1 1 160 161 244 204 201 201 231 244 204 181 178 178 201 204 181 163 161 161 178 181 163 15 6 6 161 163 255 206 204 204 244 255 207 185 181 181 204 207 184 165 163 163 181 184 165 44 15 15 163 165 268 209 207 207 255 268 209 187 184 184 207 209 188 167 165 165 184 188 167 76 44 44 165 167 279 211 209 209 268 279 211 190 188 188 209 211 190 169 167 167 188 190 169 113 76 76 167 169 291 213 211 211 279 291 213 192 190 190 211 213 192 171 169 169 190 192 171 142 113 113 169 171 303 215 213 213 291 303 216 195 192 192 213 216 194 173 171 171 192 194 173 150 142 142 171 173 315 220 216 216 303 315 219 198 194 194 216 219 198 175 173 173 194 198 175 159 150 150 173 175 305 218 219 219 315 305 217 197 198 198 219 217 196 174 175 175 198 196 174 153 159 159 175 174 293 214 217 217 305 293 214 193 196 196 217 214 193 172 174 174 196 193 172 144 153 153 174 172 282 212 214 214 293 282 212 191 193 193 214 212 191 170 172 172 193 191 170 114 144 144 172 170 269 210 212 212 282 269 210 189 191 191 212 210 189 168 170 170 191 189 168 82 114 114 170 168 257 208 210 210 269 257 208 186 189 189 210 208 186 166 168 168 189 186 166 46 82 82 168 166 245 205 208 208 257 245 205 182 186 186 208 205 183 164 166 166 186 183 164 16 46 46 166 164 233 202 205 205 245 233 203 179 183 183 205 203 180 162 164 164 183 180 162 9 16 16 164 162 222 199 203 203 233 222 199 176 180 180 203 199 176 160 162 162 180 176 160 1 9 9 162 160 397 409 415 384 397 415 368 384 415 361 368 415 355 361 415 346 355 415 336 346 415 331 336 415 328 331 415 324 328 415 320 324 415 317 320 415 322 317 415 326 322 415 330 326 415 334 330 415 337 334 415 348 337 415 356 348 415 362 356 415 370 362 415 386 370 415 400 386 415 421 400 415 415 413 424 415 424 427 415 427 433 415 433 437 415 437 442 415 442 447 415 447 451 415 451 456 415 456 460 415 460 468 415 468 472 415 472 476 415 476 473 415 473 469 415 469 461 415 461 458 415 458 453 415 453 450 415 450 443 415 443 440 415 440 436 415 436 430 415 430 425 415 425 417 480 463 411 411 409 480 494 487 463 463 480 494 507 497 487 487 494 507 509 506 497 497 507 509 499 506 509 496 489 499 499 509 496 478 465 489 489 496 478 421 418 465 465 478 421 763 616 602 763 624 616 763 632 624 763 641 632 763 654 641 763 674 654 763 682 674 763 701 682 763 712 701 763 733 712 763 742 733 763 758 742 763 782 758 763 791 782 763 811 791 763 821 811 763 847 821 763 859 847 763 878 859 763 887 878 763 894 887 763 902 894 763 911 902 763 921 911 763 913 921 763 905 913 763 897 905 763 889 897 763 880 889 763 860 880 763 850 860 763 824 850 763 814 824 763 793 814 763 783 793 763 768 783 763 743 768 763 735 743 763 715 735 763 703 715 763 683 703 763 675 683 763 655 675 763 643 655 763 634 643 763 627 634 763 618 627 763 602 618 620 613 601 601 617 620 628 620 617 617 625 628 637 628 625 625 633 637 644 637 633 633 640 644 657 644 640 640 653 657 678 657 653 653 673 678 686 678 673 673 681 686 705 686 681 681 702 705 717 705 702 702 713 717 738 717 713 713 734 738 746 738 734 734 741 746 773 746 741 741 759 773 786 773 759 759 781 786 795 786 781 781 792 795 816 795 792 792 812 816 825 816 812 812 822 825 851 825 822 822 848 851 862 851 848 848 858 862 882 862 858 858 879 882 890 882 879 879 886 890 899 890 886 886 895 899 906 899 895 895 903 906 915 906 903 903 910 915 931 915 910 910 920 931 916 931 920 920 912 916 909 916 912 912 904 909 901 909 904 904 896 901 893 901 896 896 888 893 885 893 888 888 881 885 864 885 881 881 861 864 854 864 861 861 849 854 827 854 849 849 823 827 817 827 823 823 813 817 798 817 813 813 794 798 788 798 794 794 784 788 775 788 784 784 769 775 748 775 769 769 744 748 740 748 744 744 736 740 718 740 736 736 714 718 707 718 714 714 704 707 688 707 704 704 684 688 680 688 684 684 676 680 660 680 676 676 656 660 646 660 656 656 642 646 639 646 642 642 635 639 630 639 635 635 626 630 622 630 626 626 619 622 613 622 619 619 601 613 612 621 519 519 512 612 621 629 531 531 519 621 629 636 542 542 531 629 636 645 553 553 542 636 645 658 566 566 553 645 658 677 578 578 566 658 677 685 592 592 578 677 685 706 611 611 592 685 706 716 669 669 611 706 716 737 697 697 669 716 737 745 729 729 697 737 745 774 771 771 729 745 774 785 806 806 771 774 785 796 842 842 806 785 796 815 874 874 842 796 815 826 928 928 874 815 826 852 942 942 928 826 852 863 955 955 942 852 863 883 965 965 955 863 883 891 975 975 965 883 891 898 986 986 975 891 898 907 995 995 986 898 907 914 1006 1006 995 907 914 930 1012 1012 1006 914 930 917 1008 1008 1012 930 917 908 998 998 1008 917 908 900 987 987 998 908 900 892 977 977 987 900 892 884 967 967 977 892 884 865 956 956 967 884 865 853 944 944 956 865 853 828 933 933 944 853 828 818 877 877 933 828 818 797 844 844 877 818 797 787 810 810 844 797 787 776 778 778 810 787 776 747 731 731 778 776 747 739 699 699 731 747 739 719 671 671 699 739 719 708 615 615 671 719 708 687 595 595 615 708 687 679 580 580 595 687 679 659 569 569 580 679 659 647 555 555 569 659 647 638 543 543 555 647 638 631 534 534 543 638 631 623 521 521 534 631 623 612 512 512 521 623 600 597 754 597 584 711 584 558 650 558 420 582 754 757 600 711 754 597 650 711 584 582 650 558 556 648 581 581 410 556 753 596 600 709 583 596 648 556 583 600 757 753 596 753 709 583 709 648 582 762 800 800 599 582 599 800 834 834 652 599 652 834 867 867 690 652 690 867 919 919 721 690 721 919 935 935 750 721 750 935 947 947 780 750 780 947 959 959 790 780 790 959 970 970 820 790 820 970 980 980 832 820 832 980 990 990 846 832 846 990 1000 1000 856 846 856 1000 1009 1009 857 856 857 1009 999 999 855 857 855 999 989 989 845 855 845 989 979 979 829 845 829 979 969 969 819 829 819 969 958 958 789 819 789 958 946 946 779 789 779 946 934 934 749 779 749 934 918 918 720 749 720 918 866 866 689 720 689 866 833 833 651 689 651 833 799 799 598 651 598 799 760 760 581 598 517 510 511 511 520 517 529 517 520 520 532 529 539 529 532 532 541 539 550 539 541 541 552 550 564 550 552 552 567 564 575 564 567 567 577 575 590 575 577 577 593 590 607 590 593 593 610 607 663 607 610 610 670 663 692 663 670 670 698 692 724 692 698 698 728 724 764 724 728 728 770 764 803 764 770 770 807 803 837 803 807 807 841 837 870 837 841 841 875 870 924 870 875 875 929 924 938 924 929 929 943 938 952 938 943 943 954 952 963 952 954 954 966 963 973 963 966 966 976 973 983 973 976 976 985 983 993 983 985 985 996 993 1003 993 996 996 1005 1003 1011 1003 1005 1005 1013 1011 1004 1011 1013 1013 1007 1004 994 1004 1007 1007 997 994 984 994 997 997 988 984 974 984 988 988 978 974 964 974 978 978 968 964 953 964 968 968 957 953 941 953 957 957 945 941 927 941 945 945 932 927 873 927 932 932 876 873 840 873 876 876 843 840 808 840 843 843 809 808 772 808 809 809 777 772 730 772 777 777 732 730 696 730 732 732 700 696 668 696 700 700 672 668 609 668 672 672 614 609 591 609 614 614 594 591 576 591 594 594 579 576 565 576 579 579 568 565 551 565 568 568 554 551 540 551 554 554 544 540 530 540 544 544 533 530 518 530 533 533 522 518 510 518 522 522 511 510 803 802 764 837 836 802 802 803 837 870 869 836 836 837 870 924 922 869 869 870 924 938 937 922 922 924 938 952 948 937 937 938 952 963 960 948 948 952 963 973 971 960 960 963 973 983 981 971 971 973 983 993 991 981 981 983 993 1003 1001 991 991 993 1003 1011 1010 1001 1001 1003 1011 1004 1002 1010 1010 1011 1004 994 992 1002 1002 1004 994 984 982 992 992 994 984 974 972 982 982 984 974 964 962 972 972 974 964 953 951 962 962 964 953 941 939 951 951 953 941 927 925 939 939 941 927 873 872 925 925 927 873 840 839 872 872 873 840 808 804 839 839 840 808 772 767 804 804 808 772 726 767 772 772 730 726 695 726 730 730 696 695 667 695 696 696 668 667 608 667 668 668 609 608 589 608 609 609 591 589 572 589 591 591 576 572 561 572 576 576 565 561 547 561 565 565 551 547 537 547 551 551 540 537 525 537 540 540 530 525 515 525 530 530 518 515 508 515 518 518 510 508 726 725 767 726 695 694 694 725 726 695 667 665 665 694 695 667 608 606 606 665 667 608 589 585 585 606 608 589 572 570 570 585 589 572 561 560 560 570 572 561 547 546 546 560 561 547 537 535 535 546 547 537 525 524 524 535 537 525 515 513 513 524 525 515 508 479 479 513 515 764 722 724 691 692 724 724 722 691 662 663 692 692 691 662 604 607 663 663 662 604 588 590 607 607 604 588 573 575 590 590 588 573 563 564 575 575 573 563 549 550 564 564 563 549 538 539 550 550 549 538 528 529 539 539 538 528 516 517 529 529 528 516 509 510 517 517 516 509 760 766 666 666 571 760 760 571 536 536 481 760 760 481 410 410 581 760 762 582 420 422 661 762 661 422 477 496 574 477 399 420 557 385 399 558 371 385 558 363 371 558 363 558 584 357 363 584 349 357 584 338 349 584 338 584 597 333 338 597 329 333 597 325 329 597 325 597 600 321 325 600 318 321 600 319 318 600 319 600 596 323 319 596 327 323 596 332 327 596 332 596 583 335 332 583 347 335 583 354 347 583 354 583 556 360 354 556 369 360 556 383 369 556 398 383 556 410 398 556 766 727 693 693 666 766 664 605 586 586 571 664 571 559 545 545 536 571 536 523 514 514 481 536 281 278 273 273 270 281 270 266 261 261 258 270 258 253 250 250 246 258 246 241 238 238 234 246 234 229 226 226 221 234 221 223 228 228 232 221 232 235 240 240 243 232 243 248 251 251 256 243 256 260 263 263 267 256 267 272 276 276 280 267 280 283 287 287 292 280 292 296 300 300 304 292 304 308 311 311 316 304 316 314 309 309 306 316 306 302 297 297 294 306 294 289 286 286 281 294 598 581 648 651 598 648 689 651 648 720 689 648 720 648 710 710 749 720 710 779 749 789 779 710 710 751 789 819 789 751 831 830 752 829 819 751 845 829 751 751 756 845 855 845 756 857 855 756 856 857 756 756 755 856 846 856 755 832 846 755 820 832 755 755 711 820 790 820 711 780 790 711 750 780 711 711 649 750 721 750 649 690 721 649 652 690 650 599 652 650 582 599 650 509 516 496 526 527 495 516 528 496 528 538 496 538 548 496 548 562 496 562 574 496 574 587 477 587 603 477 603 661 477 662 691 761 691 723 762 723 765 762 762 765 801 801 800 762 800 801 834 834 801 835 867 834 835 835 868 867 867 868 919 919 868 923 923 936 935 935 919 923 947 935 936 936 949 947 959 947 949 949 960 959 970 959 960 960 971 970 980 970 971 971 981 980 990 980 981 981 991 990 990 991 1000 1000 991 1001 1001 1010 1009 1009 1000 1001 1010 999 1009 1010 1002 999 989 999 1002 1002 992 989 979 989 992 992 982 979 982 972 969 969 979 982 972 961 958 958 969 972 961 946 958 961 950 946 934 946 950 950 940 934 918 934 940 940 926 918 926 871 866 866 918 926 833 866 871 871 838 833 799 833 838 838 805 799 760 799 805 805 766 760 
				</p>
			</triangles>
		</mesh>
	</geometry>
	<geometry id="Part-3818_dot_dat" name="Part-3818_dot_dat">
		<mesh>
			<source id="Part-3818_dot_dat-pos" name="Part-3818_dot_dat-pos">
				<float_array id="Part-3818_dot_dat-pos-array" count="3090">
					-9.999001 7.999998 0 -10 9 0 -10 11.964 2.964001 -10 18.9 9.9 -10 18.9 9.9 -9.999 8 0 -9.957225 8.925404 0.8483545 -9.957225 9.074596 -0.8483543 -9.957225 11.50252 3.425475 -9.957225 12.42548 2.502525 -9.956001 7.999998 0.84825 -9.957 8.9254 0.8482 -9.957 9.0746 -0.8482 -9.957 11.50255 3.425449 -9.957 12.42545 2.502553 -9.957 18.4386 10.3614 -9.957 18.43855 10.36145 -9.957 19.36145 9.438552 -9.957 19.36139 9.438603 -9.955999 8 -0.8483 -9.955999 8 0.8483 -9.8295 8.852099 1.6821 -9.8295 9.1479 -1.6821 -9.829629 11.04894 3.879055 -9.8295 12.87912 2.048884 -9.8295 17.98488 10.81512 -9.8295 17.98499 10.81501 -9.8295 19.81501 8.984986 -9.8295 19.81512 8.984882 -9.8285 8 -1.6822 -9.8285 8 1.6822 -9.6185 8 -2.4876 -9.6195 8.7813 2.4874 -9.6195 9.218699 -2.4874 -9.6195 10.61077 4.317228 -9.6195 13.31723 1.610774 -9.6195 17.54692 11.25307 -9.6195 17.54677 11.25323 -9.6195 20.25323 8.546772 -9.6195 20.25307 8.546926 -9.6185 8 2.4876 -9.619397 8.781296 2.487251 -9.619397 9.218702 -2.487253 -9.619397 10.61102 4.316977 -9.619397 13.31698 1.611022 -9.329 7.999998 -3.25 -9.329 7.999998 3.25 -9.33 8.7143 3.2498 -9.33 9.2858 -3.2498 -9.330127 10.19625 4.73175 -9.330127 13.73175 1.196249 -9.33 17.132 11.668 -9.33 17.1322 11.6678 -9.33 20.668 8.132 -9.33 20.6678 8.132199 -9.329 8 -3.25 -9.329 8 3.25 -8.966001 7.999998 -3.9572 -8.966001 7.999998 3.9572 -8.967 8.6521 3.9569 -8.967 9.347899 -3.9569 -8.966766 9.347909 -3.956644 -8.967 9.811284 5.116717 -8.967 14.11672 0.8112839 -8.967 16.74728 12.05272 -8.967 16.74753 12.05247 -8.967 21.05272 7.747283 -8.967 21.05247 7.747526 -8.966 8 -3.9572 -8.966 8 3.9572 -8.535534 8.595887 4.595841 -8.5355 8.5959 4.5958 -8.5355 9.404099 -4.5958 -8.535534 9.404112 -4.595841 -8.535534 9.464023 5.463976 -8.535534 14.46398 0.4640238 -8.5345 8 -4.5962 -8.5345 8 4.5962 -8.5355 14.46431 0.4636952 -8.5355 16.39998 12.40002 -8.5355 16.39969 12.4003 -8.5355 21.4003 7.399694 -8.5355 21.40002 7.399977 -8.043001 7.999999 -5.1571 -8.043 8 5.1571 -8.043807 8.546597 5.1564 -8.044 8.546599 5.1567 -8.044 9.158538 5.769463 -8.044 9.4534 -5.1567 -8.043807 9.453403 -5.156399 -8.043807 14.7689 0.1590993 -8.044 16.09454 12.70546 -8.044 16.09485 12.70514 -8.044 21.70546 7.094537 -8.044 21.70514 7.094855 -7.499 8 -5.629 -7.499 8 5.629 -7.5 8.294 -0.707 -7.5 8.294 -0.707 -7.5 8.505065 5.628732 -7.5 8.5051 5.6286 -7.5 8.902166 6.025833 -7.5 9.4949 -5.6286 -7.5 9.494935 -5.628731 -7.5 15.02583 -0.09783281 -7.5 15.83817 12.96183 -7.5 15.83782 12.96218 -7.5 18.9 9.9 -7.5 18.9006 9.8996 -7.5 21.96218 6.837823 -7.5 21.96183 6.83817 -7.4785 8.063306 -0.476306 -7.4785 8.063306 -0.476306 -7.4785 8.524693 -0.937694 -7.4785 8.524693 -0.937694 -7.4785 18.6699 10.13029 -7.4785 18.6693 10.1307 -7.4785 19.13129 9.668906 -7.4785 19.1307 9.669302 -7.41475 7.836501 -0.2495011 -7.41475 7.836501 -0.2495011 -7.41475 8.751498 -1.164499 -7.41475 8.751498 -1.164499 -7.41475 18.44249 10.35751 -7.41475 18.4431 10.3571 -7.41475 19.3581 9.442101 -7.41475 19.35751 9.442493 -7.30975 7.617474 -0.03047442 -7.30975 7.617474 -0.03047442 -7.30975 8.970525 -1.383526 -7.30975 8.970525 -1.383526 -7.30975 18.22407 10.57613 -7.30975 18.22346 10.57654 -7.30975 19.57713 9.223074 -7.30975 19.57654 9.223462 -7.165 7.410115 0.176885 -7.165 7.410115 0.176885 -7.165 9.177885 -1.590885 -7.165 9.177885 -1.590885 -7.165 18.01671 10.78348 -7.165 18.0161 10.7839 -7.165 19.7839 9.0161 -7.165 19.78448 9.015715 -6.9835 7.217781 0.3692184 -6.9835 7.217781 0.3692184 -6.9835 9.370218 -1.783218 -6.9835 9.370218 -1.783218 -6.9835 17.82376 10.97624 -6.9835 17.82438 10.97582 -6.9835 19.97624 8.823763 -6.9835 19.97682 8.823381 -6.9125 8 -6.0054 -6.9125 8 6.0054 -6.9135 8.472 6.0049 -6.913417 8.472002 6.004755 -6.9135 8.69709 6.230911 -6.913416 9.527997 -6.004757 -6.9135 9.528 -6.0049 -6.913416 15.23038 -0.3023765 -6.9135 15.63346 13.16654 -6.9135 15.63309 13.16691 -6.9135 22.16691 6.633089 -6.9135 22.16654 6.633459 -6.76775 7.04401 0.5429901 -6.76775 7.04401 0.5429901 -6.76775 9.54399 -1.95699 -6.76775 9.54399 -1.95699 -6.76775 17.65061 11.14959 -6.76775 17.64999 11.15001 -6.76775 20.15059 8.64961 -6.76775 20.15001 8.649988 -6.666 0 0 -6.623 -9.914E-07 -0.84825 -6.623 0 0.8483 -6.522 6.891451 0.6955487 -6.522 6.891451 0.6955487 -6.522 9.696548 -2.109549 -6.522 9.696548 -2.109549 -6.522 17.49743 11.30257 -6.522 17.49805 11.30215 -6.522 20.30257 8.497427 -6.522 20.30315 8.497051 -6.4955 0 -1.6822 -6.4955 -9.659E-07 1.6822 -6.294095 8.447972 6.278035 -6.294095 8.548968 6.379031 -6.294095 9.552027 -6.278036 -6.293001 7.999999 6.27835 -6.294 8.448 6.2779 -6.294 8.548578 6.379423 -6.294 9.552 -6.2779 -6.294 15.37942 -0.4514217 -6.294 15.48496 13.31504 -6.294 15.48458 13.31542 -6.294 22.31503 6.484963 -6.294 22.31542 6.484577 -6.293 8 -6.2784 -6.2855 -9.239E-07 -2.48755 -6.286 0 -2.488 -6.286 0 -2.488 -6.285 0 2.487 -6.25 6.763111 0.8238888 -6.25 6.763111 0.8238888 -6.25 9.824888 -2.237889 -6.25 9.824888 -2.237889 -6.25 17.36909 11.43091 -6.25 17.36971 11.43049 -6.25 20.43091 8.369085 -6.25 20.43149 8.368711 -5.996 0 -3.25 -5.996 -8.66E-07 3.25 -5.95675 6.660757 0.9262426 -5.95675 6.660757 0.9262428 -5.95675 9.927242 -2.340243 -5.95675 9.927242 -2.340243 -5.95675 17.26736 11.53284 -5.95675 17.26673 11.53327 -5.95675 20.53384 8.266357 -5.95675 20.53327 8.266729 -5.6525 8.4334 6.4436 -5.652631 8.433388 6.443896 -5.6525 8.45841 6.469591 -5.65263 9.566611 -6.443896 -5.6525 9.5666 -6.4436 -5.6525 15.39481 13.40519 -5.6525 15.39441 13.40559 -5.65263 15.46925 -0.5412534 -5.6525 22.40559 6.394409 -5.6525 22.40519 6.394806 -5.6515 8 -6.4441 -5.6515 8 6.4441 -5.647 6.586511 1.000489 -5.647 6.586511 1.000489 -5.647 10.00149 -2.414489 -5.647 10.00149 -2.414489 -5.647 17.19248 11.60752 -5.647 17.19311 11.60709 -5.647 20.60752 8.192482 -5.647 20.60809 8.192111 -5.633 0 -3.9572 -5.633 -7.934E-07 3.9572 -5.32625 6.541432 1.045567 -5.32625 6.541432 1.045567 -5.32625 10.04657 -2.459567 -5.32625 10.04657 -2.459567 -5.32625 17.14803 11.65217 -5.32625 17.1474 11.6526 -5.32625 20.65317 8.147033 -5.32625 20.6526 8.147403 -5.202 0 -4.596 -5.2015 -7.071E-07 4.59615 -5 -4 0 -5 -4 0 -5 6.52623 1.06077 -5 6.52623 1.06077 -5 8 -6.5 -4.999001 7.999999 6.5 -4.999 8 6.5 -5 8.294 -0.707 -5 8.427999 6.5 -5 8.428 6.500001 -5 9.571501 -6.4995 -5 9.572 -6.5 -5 10.06177 -2.47477 -5 10.06177 -2.47477 -5 15.3644 13.4356 -5 15.364 13.436 -5 15.4995 -0.5715001 -5 17.13283 11.66737 -5 17.1322 11.6678 -5 20.6678 8.132199 -5 20.66837 8.13183 -5 22.436 6.363999 -5 22.4356 6.3644 -4.746 -3.695 -2.487 -4.746 -3.695 -2.487 -4.746 -3.695 -2.487 -4.746 -3.695 2.487 -4.746 -3.695 2.487 -4.71 0 -5.1571 -4.71 0 5.1571 -4.67375 6.541432 1.045567 -4.67375 6.541432 1.045567 -4.67375 10.04657 -2.459567 -4.67375 10.04657 -2.459567 -4.67375 17.14803 11.65217 -4.67375 17.1474 11.6526 -4.67375 20.6526 8.147403 -4.67375 20.65317 8.147033 -4.353 6.586511 1.000489 -4.353 6.586511 1.000489 -4.353 10.00149 -2.414489 -4.353 10.00149 -2.414489 -4.353 17.19248 11.60752 -4.353 17.19311 11.60709 -4.353 20.60752 8.192482 -4.353 20.60809 8.192111 -4.3475 8.4332 6.4443 -4.3475 8.43316 6.444341 -4.3475 8.45841 6.469591 -4.3475 9.510626 -6.499565 -4.3475 9.5411 -6.4691 -4.3475 9.541096 -6.469095 -4.3475 15.39481 13.40519 -4.3475 15.39441 13.40559 -4.3475 15.46959 -0.5415897 -4.3475 22.40519 6.394806 -4.3475 22.40559 6.394409 -4.166 0 -5.629 -4.166 0 5.629 -4.04325 6.660757 0.9262426 -4.04325 6.660757 0.9262428 -4.04325 9.927242 -2.340243 -4.04325 9.927242 -2.340243 -4.04325 17.26736 11.53284 -4.04325 17.26673 11.53327 -4.04325 20.53384 8.266357 -4.04325 20.53327 8.266729 -4.024 -2.829 -4.596 -4.024 -2.829 -4.596 -4.024 -2.829 4.596 -3.75 6.763111 0.8238888 -3.75 6.763111 0.8238888 -3.75 9.824888 -2.237889 -3.75 9.824888 -2.237889 -3.75 17.36909 11.43091 -3.75 17.36971 11.43049 -3.75 20.43149 8.368711 -3.75 20.43091 8.369085 -3.706 8.44846 6.279305 -3.706 8.548577 6.379422 -3.706 9.330124 -6.499756 -3.706 9.3301 -6.4998 -3.705999 9.45094 -6.37894 -3.706 15.37942 -0.4514217 -3.706 15.48458 13.31542 -3.706 15.48496 13.31504 -3.706 22.31542 6.484577 -3.706 22.31503 6.484963 -3.579 0 -6.005 -3.5795 -3.827E-07 6.00535 -3.478 6.891451 0.6955487 -3.478 6.891451 0.6955487 -3.478 9.696548 -2.109549 -3.478 9.696548 -2.109549 -3.478 17.49805 11.30215 -3.478 17.49743 11.30257 -3.478 20.30315 8.497051 -3.478 20.30257 8.497427 -3.23225 7.04401 0.5429901 -3.23225 7.04401 0.5429901 -3.23225 9.54399 -1.95699 -3.23225 9.54399 -1.95699 -3.23225 17.65061 11.14959 -3.23225 17.64999 11.15001 -3.23225 20.15059 8.64961 -3.23225 20.15001 8.649988 -3.087 8.474 6.008 -3.0865 8.4737 6.0075 -3.0865 8.69709 6.230911 -3.0865 9.032826 -6.500071 -3.0865 9.0328 -6.5001 -3.087 9.034 -6.5 -3.086499 9.302449 -6.230449 -3.0865 15.23091 -0.3029097 -3.0865 15.63309 13.16691 -3.0865 15.63346 13.16654 -3.0865 22.16654 6.633459 -3.0865 22.16691 6.633089 -3.0165 7.217781 0.3692184 -3.0165 7.217781 0.3692184 -3.0165 9.370218 -1.783218 -3.0165 9.370218 -1.783218 -3.0165 17.82376 10.97624 -3.0165 17.82438 10.97582 -3.0165 19.97624 8.823763 -3.0165 19.97682 8.823381 -2.96 0 -6.2784 -2.96 0 6.2784 -2.942 -1.53 -6.005 -2.942 -1.53 6.005 -2.942 -1.53 6.005 -2.835 7.410115 0.176885 -2.835 7.410115 0.176885 -2.835 9.177885 -1.590885 -2.835 9.177885 -1.590885 -2.835 18.0161 10.7839 -2.835 18.01671 10.78348 -2.835 19.78448 9.015715 -2.835 19.7839 9.0161 -2.69025 7.617474 -0.03047442 -2.69025 7.617474 -0.03047442 -2.69025 8.970525 -1.383526 -2.69025 8.970525 -1.383526 -2.69025 18.22407 10.57613 -2.69025 18.22346 10.57654 -2.69025 19.57654 9.223462 -2.69025 19.57713 9.223074 -2.58525 7.836501 -0.2495011 -2.58525 7.836501 -0.2495011 -2.58525 8.751498 -1.164499 -2.58525 8.751498 -1.164499 -2.58525 18.44249 10.35751 -2.58525 18.4431 10.3571 -2.58525 19.3581 9.442101 -2.58525 19.35751 9.442493 -2.5215 8.063306 -0.476306 -2.5215 8.063306 -0.476306 -2.5215 8.524693 -0.937694 -2.5215 8.524693 -0.937694 -2.5215 18.6693 10.1307 -2.5215 18.6699 10.13029 -2.5215 19.13129 9.668906 -2.5215 19.1307 9.669302 -2.5 -5.75 0 -2.5 8.294 -0.707 -2.5 8.294 -0.707 -2.5 8.5084 5.6328 -2.5 8.5084 5.632752 -2.5 8.623 -6.5005 -2.5 8.622982 -6.500505 -2.5 8.901825 6.026177 -2.499999 9.097744 -6.025743 -2.5 15.02574 -0.09774304 -2.5 15.83782 12.96218 -2.5 15.83817 12.96183 -2.5 18.9 9.9 -2.5 18.9006 9.8996 -2.5 21.96218 6.837823 -2.5 21.96183 6.83817 -2.3185 0 -6.4441 -2.3185 0 6.4441 -2.31 -5.312 -2.487 -2.31 -5.312 2.487 -1.956 8.109082 -6.50105 -1.956 8.1091 -6.5011 -1.956 8.552 5.1629 -1.956 8.55196 5.162885 -1.956 8.841066 -5.769066 -1.956 9.158538 5.769463 -1.956 14.76907 0.1589343 -1.956 16.09454 12.70546 -1.956 16.09485 12.70514 -1.956 21.70514 7.094855 -1.956 21.70546 7.094537 -1.768 -4.066 -4.596 -1.768 -4.066 4.596 -1.666 0 -6.5 -1.666 0 6.5 -1.4645 7.498208 -6.501697 -1.465 7.5 -6.5 -1.464499 8.535953 -5.463952 -1.4645 8.6037 4.6044 -1.4645 8.60374 4.604351 -1.4645 9.463696 5.464306 -1.4645 14.46431 0.4636952 -1.4645 16.39998 12.40002 -1.4645 16.39969 12.4003 -1.4645 21.40002 7.399977 -1.4645 21.4003 7.399694 -1.033 6.8024 -6.5024 -1.033 6.802391 -6.502434 -1.032999 8.188413 -5.116412 -1.033 8.66272 3.968153 -1.033 8.6627 3.9682 -1.033 9.811284 5.116717 -1.033 14.11641 0.8115876 -1.033 16.74728 12.05272 -1.033 16.74753 12.05247 -1.033 21.05247 7.747526 -1.033 21.05272 7.747283 -0.957 -2.2 -6.005 -0.957 -2.2 6.005 -0.957 -2.2 6.005 -0.67 6.0323 -6.5033 -0.67 6.03225 -6.50325 -0.669999 7.80375 -4.73175 -0.67 8.728 3.264 -0.67 8.728 3.264 -0.67 10.196 4.732 -0.67 13.73175 1.19625 -0.67 17.1322 11.6678 -0.67 17.132 11.668 -0.67 20.668 8.132 -0.67 20.6678 8.132199 -0.3805 5.201942 -6.504129 -0.381 5.206 -6.5 -0.3804989 7.389036 -4.317036 -0.3805 8.79838 2.504834 -0.3805 10.61077 4.317227 -0.3805 13.31704 1.610964 -0.3805 17.54677 11.25323 -0.3805 17.54692 11.25307 -0.3805 20.25307 8.546926 -0.3805 20.25323 8.546772 -0.1705 4.324916 -6.505059 -0.1705 4.3249 -6.5051 -0.1705 6.950987 -3.878987 -0.1705 8.87272 1.702954 -0.1705 8.8727 1.703 -0.1705 8.8727 1.703 -0.1705 11.04888 3.879117 -0.1705 12.87912 2.048884 -0.1705 17.98488 10.81512 -0.1705 17.98499 10.81501 -0.1705 19.81501 8.984986 -0.1705 19.81512 8.984882 -0.043 3.4167 -6.506 -0.04299998 3.416744 -6.506021 -0.04299998 6.497383 -3.425383 -0.04299998 8.949699 0.872596 -0.04299998 11.50255 3.425448 -0.04299998 12.42545 2.502553 -0.04299998 18.43855 10.36145 -0.04299998 18.4386 10.3614 -0.04299998 19.36139 9.438603 -0.04299998 19.36145 9.438552 0 -6.5 0 0 -6.5 0 0 -6.4441 -0.8483 0 -6.4441 -0.84825 0 -6.4441 0.8483 0 -6.4441 0.84825 0 -6.2784 -1.6822 0 -6.27835 -1.6822 0 -6.2784 1.6822 0 -6.27835 1.6822 0 -6.005 -2.487 0 -6.00535 -2.48755 0 -6.005 2.487 0 -6.00535 2.48755 0 -5.629 -3.25 0 -5.629 -3.25 0 -5.629 3.25 0 -5.629 3.25 0 -5.1571 -3.9572 0 -5.1571 -3.9572 0 -5.1571 3.9572 0 -5.1571 3.9572 0 -5 0 0 -4.957 -0.6525 0 -4.957 0.6525 0 -4.8295 -1.294 0 -4.8295 1.294 0 -4.6195 -1.9135 0 -4.6195 1.9135 0 -4.59615 -4.59615 0 -4.596 -4.596 0 -4.59615 4.59615 0 -4.596 4.596 0 -4.33 -2.5 0 -4.33 2.5 0 -3.967 -3.044 0 -3.967 3.044 0 -3.9572 -5.1571 0 -3.9572 -5.1571 0 -3.9572 5.1571 0 -3.9572 5.1571 0 -3.5355 -3.5355 0 -3.5355 3.5355 0 -3.25 -5.629 0 -3.25 -5.629 0 -3.25 5.629 0 -3.25 5.629 0 -3.044 -3.967 0 -3.044 3.967 0 -2.5 -4.33 0 -2.5 4.33 0 -2.48755 -6.00535 0 -2.487 -6.005 0 -2.487 6.005 0 -2.48755 6.00535 0 -2 0 0 -1.9828 -0.261 0 -1.9828 0.261 0 -1.9318 -0.5176 0 -1.9318 0.5176 0 -1.9135 -4.6195 0 -1.9135 4.6195 0 -1.8478 -0.7654 0 -1.8478 0.7654 0 -1.732 -1 0 -1.732 1 0 -1.6822 -6.2784 0 -1.6822 -6.27835 0 -1.6822 6.27835 0 -1.6822 6.2784 0 -1.5868 -1.2176 0 -1.5868 1.2176 0 -1.4142 -1.4142 0 -1.4142 1.4142 0 -1.294 -4.8295 0 -1.294 4.8295 0 -1.2176 -1.5868 0 -1.2176 1.5868 0 -1 -1.732 0 -1 1.732 0 -0.8483 -6.4441 0 -0.84825 -6.4441 0 -0.8483 6.4441 0 -0.84825 6.4441 0 -0.7654 -1.8478 0 -0.7654 1.8478 0 -0.6525 -4.957 0 -0.6525 4.957 0 -0.5176 -1.9318 0 -0.5176 1.9318 0 -0.261 -1.9828 0 -0.261 1.9828 0 0 -6.5 0 0 -6.5 0 0 -5 0 0 -5 0 0 -2 0 0 -2 0 0 0 0 0 2 0 0 2 0 0 5 0 0 5 0 0 6.5 0 0 6.5 0 0 6.5 0 0.261 -1.9828 0 0.261 -1.9828 0 0.261 1.9828 0 0.261 1.9828 0 0.5176 -1.9318 0 0.5176 -1.9318 0 0.5176 1.9318 0 0.5176 1.9318 0 0.6525 -4.957 0 0.6525 4.957 0 0.7654 -1.8478 0 0.7654 -1.8478 0 0.7654 1.8478 0 0.7654 1.8478 0 1 -1.732 0 1 -1.732 0 1 1.732 0 1 1.732 0 1.2176 -1.5868 0 1.2176 -1.5868 0 1.2176 1.5868 0 1.2176 1.5868 0 1.294 -4.8295 0 1.294 4.8295 0 1.4142 -1.4142 0 1.4142 -1.4142 0 1.4142 1.4142 0 1.4142 1.4142 0 1.5868 -1.2176 0 1.5868 -1.2176 0 1.5868 1.2176 0 1.5868 1.2176 0 1.732 -1 0 1.732 -1 0 1.732 1 0 1.732 1 0 1.8478 -0.7654 0 1.8478 -0.7654 0 1.8478 0.7654 0 1.8478 0.7654 0 1.913 -4.619 0 1.9135 -4.6195 0 1.913 4.619 0 1.9135 4.6195 0 1.9318 -0.5176 0 1.9318 -0.5176 0 1.9318 0.5176 0 1.9318 0.5176 0 1.9828 -0.261 0 1.9828 -0.261 0 1.9828 0.261 0 1.9828 0.261 0 2 0 0 2 0 0 2.487 6.005 0 2.487 6.005 0 2.493 -6.507 0 2.5 -6.5 0 2.5 -6.5 0 2.5 -4.33 0 2.5 4.33 0 3.044 -3.967 0 3.044 3.967 0 3.5355 -3.5355 0 3.536 -3.536 0 3.536 3.536 0 3.5355 3.5355 0 3.967 -3.044 0 3.967 3.044 0 4.33 -2.5 0 4.33 2.5 0 4.5 -4.5 0 4.596 4.596 0 4.596 4.596 0 4.619 -1.913 0 4.6195 -1.9135 0 4.619 1.913 0 4.6195 1.9135 0 4.8295 -1.294 0 4.8295 1.294 0 4.957 -0.6525 0 4.957 0.6525 0 5 0 0 5 0 0 6 -3 1E-06 6.036 -2.964 0 9.028 0.028 0 11.964 2.964 0 18.9 9.9 0 18.9 9.9 2 -5 0 2 -5 0 2 -4.957 -0.6525 2 -4.957 -0.6525 2 -4.957 0.6525 2 -4.957 0.6525 2 -4.8295 -1.294 2 -4.8295 -1.294 2 -4.8295 1.294 2 -4.8295 1.294 2 -4.619 -1.913 2 -4.6195 -1.9135 2 -4.619 1.913 2 -4.619 1.913 2 -4.33 -2.5 2 -4.33 -2.5 2 -4.33 2.5 2 -4.33 2.5 2 -3.967 -3.044 2 -3.967 -3.044 2 -3.967 3.044 2 -3.967 3.044 2 -3.5355 -3.5355 2 -3.5355 -3.5355 2 -3.536 3.536 2 -3.5355 3.5355 2 -3.044 -3.967 2 -3.044 -3.967 2 -3.044 3.967 2 -3.044 3.967 2 -2.5 -4.33 2 -2.5 -4.33 2 -2.5 4.33 2 -2.5 4.33 2 -1.913 -4.619 2 -1.913 -4.619 2 -1.9135 4.6195 2 -1.9135 4.6195 2 -1.294 -4.8295 2 -1.294 -4.8295 2 -1.294 4.8295 2 -1.294 4.8295 2 -0.6525 -4.957 2 -0.6525 -4.957 2 -0.6525 4.957 2 -0.6525 4.957 2 0 -5 2 0 -5 2 0 5 2 0 5 2 0.6525 -4.957 2 0.6525 -4.957 2 0.6525 4.957 2 0.6525 4.957 2 1.294 -4.8295 2 1.294 -4.8295 2 1.294 4.8295 2 1.294 4.8295 2 1.9135 -4.6195 2 1.913 -4.619 2 1.9135 4.6195 2 1.913 4.619 2 2.5 -4.33 2 2.5 -4.33 2 2.5 4.33 2 2.5 4.33 2 3.044 -3.967 2 3.044 -3.967 2 3.044 3.967 2 3.044 3.967 2 3.5355 -3.5355 2 3.5355 -3.5355 2 3.536 3.536 2 3.5355 3.5355 2 3.967 -3.044 2 3.967 -3.044 2 3.967 3.044 2 3.967 3.044 2 4.33 -2.5 2 4.33 -2.5 2 4.33 2.5 2 4.33 2.5 2 4.619 -1.913 2 4.619 -1.913 2 4.619 1.913 2 4.619 1.913 2 4.8295 -1.294 2 4.8295 -1.294 2 4.8295 1.294 2 4.8295 1.294 2 4.957 -0.6525 2 4.957 -0.6525 2 4.957 0.6525 2 4.957 0.6525 2 5 0 2 5 0 3.5 -5.5 0 3.5 -5.5 0 3.5 -5.081 -2.105 3.5 -5.081 2.105 3.5 -5.081 2.105 3.5 -3.889 -3.889 3.5 -3.889 3.889 3.5 -2.105 -5.081 3.5 -2.105 -5.081 3.5 -2.105 5.081 3.5 0 -5.5 3.5 0 5.5 3.5 2.105 -5.081 3.5 2.105 5.081 3.5 3.889 -3.889 3.5 3.889 3.889 3.5 5.081 -2.105 3.5 5.081 -2.105 3.5 5.081 2.105 3.5 5.081 2.105 3.5 5.5 0 3.5 5.5 0 5 -5.5 0 5 -5.5 0 5 -5.081 -2.105 5 -5.081 2.105 5 -5.081 2.105 5 -3.889 -3.889 5 -3.889 3.889 5 -3.889 3.889 5 -2.105 -5.081 5 -2.105 -5.081 5 -2.105 5.081 5 0 -5.5 5 0 -5.5 5 0 5.5 5 2.105 -5.081 5 2.105 5.081 5 3.889 -3.889 5 3.889 3.889 5 5.081 -2.105 5 5.081 -2.105 5 5.081 2.105 5 5.081 2.105 5 5.5 0 6 -5 0 6 -4.619 -1.913 6 -4.619 1.913 6 -3.536 -3.536 6 -3.536 3.536 6 -1.913 -4.619 6 -1.913 4.619 6 0 -5 6 0 5 6 1.913 -4.619 6 1.913 4.619 6 3.536 -3.536 6 3.536 3.536 6 4.619 -1.913 6 4.619 1.913 6 5 0 7 -4 0 7 -4 0 7 -3.9656 -0.522 7 -3.9656 0.522 7 -3.8636 -1.0352 7 -3.8636 1.0352 7 -3.696 -1.531 7 -3.6956 -1.5308 7 -3.6956 1.5308 7 -3.696 1.531 7 -3.464 -2 7 -3.464 2 7 -3.1736 -2.4352 7 -3.1736 2.4352 7 -2.8284 -2.8284 7 -2.828 -2.828 7 -2.828 2.828 7 -2.8284 2.8284 7 -2.4352 -3.1736 7 -2.4352 3.1736 7 -2 -3.464 7 -2 0 7 -2 0 7 -2 3.464 7 -1.9828 -0.261 7 -1.9828 -0.261 7 -1.9828 0.261 7 -1.9828 0.261 7 -1.9318 -0.5176 7 -1.9318 -0.5176 7 -1.9318 0.5176 7 -1.9318 0.5176 7 -1.8478 -0.7654 7 -1.8478 -0.7654 7 -1.8478 0.7654 7 -1.8478 0.7654 7 -1.732 -1 7 -1.732 -1 7 -1.732 1 7 -1.732 1 7 -1.5868 -1.2176 7 -1.5868 -1.2176 7 -1.5868 1.2176 7 -1.5868 1.2176 7 -1.531 -3.696 7 -1.5308 -3.6956 7 -1.531 3.696 7 -1.5308 3.6956 7 -1.4142 -1.4142 7 -1.4142 -1.4142 7 -1.4142 1.4142 7 -1.4142 1.4142 7 -1.2176 -1.5868 7 -1.2176 -1.5868 7 -1.2176 1.5868 7 -1.2176 1.5868 7 -1.0352 -3.8636 7 -1.0352 3.8636 7 -1 -1.732 7 -1 -1.732 7 -1 1.732 7 -1 1.732 7 -0.7654 -1.8478 7 -0.7654 -1.8478 7 -0.7654 1.8478 7 -0.7654 1.8478 7 -0.522 -3.9656 7 -0.522 3.9656 7 -0.5176 -1.9318 7 -0.5176 -1.9318 7 -0.5176 1.9318 7 -0.5176 1.9318 7 -0.261 -1.9828 7 -0.261 -1.9828 7 -0.261 1.9828 7 -0.261 1.9828 7 0 -4 7 0 -4 7 0 -2 7 0 -2 7 0 2 7 0 2 7 0 4 7 0 4 7 0.261 -1.9828 7 0.261 -1.9828 7 0.261 1.9828 7 0.261 1.9828 7 0.5176 -1.9318 7 0.5176 -1.9318 7 0.5176 1.9318 7 0.5176 1.9318 7 0.522 -3.9656 7 0.522 3.9656 7 0.7654 -1.8478 7 0.7654 -1.8478 7 0.7654 1.8478 7 0.7654 1.8478 7 1 -1.732 7 1 -1.732 7 1 1.732 7 1 1.732 7 1.0352 -3.8636 7 1.0352 3.8636 7 1.2176 -1.5868 7 1.2176 -1.5868 7 1.2176 1.5868 7 1.2176 1.5868 7 1.4142 -1.4142 7 1.4142 -1.4142 7 1.4142 1.4142 7 1.4142 1.4142 7 1.5308 -3.6956 7 1.531 -3.696 7 1.5308 3.6956 7 1.531 3.696 7 1.5868 -1.2176 7 1.5868 -1.2176 7 1.5868 1.2176 7 1.5868 1.2176 7 1.732 -1 7 1.732 -1 7 1.732 1 7 1.732 1 7 1.8478 -0.7654 7 1.8478 -0.7654 7 1.8478 0.7654 7 1.8478 0.7654 7 1.9318 -0.5176 7 1.9318 -0.5176 7 1.9318 0.5176 7 1.9318 0.5176 7 1.9828 -0.261 7 1.9828 -0.261 7 1.9828 0.261 7 1.9828 0.261 7 2 -3.464 7 2 0 7 2 0 7 2 3.464 7 2.4352 -3.1736 7 2.4352 3.1736 7 2.828 -2.828 7 2.8284 -2.8284 7 2.828 2.828 7 2.8284 2.8284 7 3.1736 -2.4352 7 3.1736 2.4352 7 3.464 -2 7 3.464 2 7 3.6956 -1.5308 7 3.696 -1.531 7 3.6956 1.5308 7 3.696 1.531 7 3.8636 -1.0352 7 3.8636 1.0352 7 3.9656 -0.522 7 3.9656 0.522 7 4 0 7 4 0 
				</float_array>
				<technique_common>
					<accessor count="1030" source="#Part-3818_dot_dat-pos-array" stride="3">
						<param name="X" type="float" /><param name="Y" type="float" /><param name="Z" type="float" />
					</accessor>
				</technique_common>
			</source>
			<source id="Part-3818_dot_dat-norm" name="Part-3818_dot_dat-norm">
				<float_array id="Part-3818_dot_dat-norm-array" count="3090">
					-0.9229783 -0.3845359 0.01559458 -0.9997765 0.01259956 -0.01697551 -0.9997721 -0.0150958 0.0150958 -0.9997589 0.01552715 -0.01552716 5.480786E-08 0.7071074 0.7071062 -0.9998714 -0.001024051 0.01600338 -0.9942766 -0.07554508 0.07554508 -0.9880934 0.1087902 -0.1087933 -0.988687 -0.1060708 0.1060515 -0.9938605 0.07823446 -0.07823445 -0.9176229 -0.3823044 0.1086811 -0.9965375 -0.001041899 0.08313778 -0.9929636 -0.00089326 -0.1184172 -0.9883659 -0.1075447 0.1075499 -0.9940401 0.0770859 -0.07708591 2.13898E-07 0.7071071 0.7071065 -0.99404 -0.07708592 0.07708591 -0.9883571 0.1075879 -0.1075879 -1.644114E-07 0.7071071 0.7071065 -0.9354114 -0.3446194 -0.07901337 -0.9931697 -0.00108956 0.1166737 -0.977312 -0.1245713 0.1712984 -0.9664353 0.156277 -0.2039123 -0.9602904 -0.1972861 0.197283 -0.9712603 0.168304 -0.1683068 -0.9714255 -0.1678231 0.1678329 1.617519E-07 0.7071065 0.707107 -4.78536E-07 0.7071063 0.7071074 -0.9601443 0.1976399 -0.19764 -0.9249222 -0.338005 -0.1739878 -0.9156107 -0.3457744 0.205176 -0.9050157 -0.3281566 -0.2706653 -0.9584126 -0.001130017 0.2853841 -0.9469501 -0.0007119083 -0.3213799 -0.9152555 -0.2848758 0.2848737 -0.9320908 0.2561316 -0.2561316 -1.461129E-07 0.7071065 0.7071071 -0.9320762 -0.2561559 0.2561604 -0.9152725 0.2848464 -0.2848484 4.565935E-07 0.7071069 0.7071066 -0.8911173 -0.3392258 0.3013895 -0.9330106 -0.2544642 0.2544391 -0.9148269 0.2855591 -0.2855657 -0.9164596 -0.282944 0.2829218 -0.9315724 0.2570707 -0.2570752 -0.8601251 -0.3583504 -0.3630012 -0.8478207 -0.3532234 0.3955165 -0.9017504 -0.2442139 0.3566591 -0.8746606 0.2973533 -0.3828185 -0.8553798 -0.3662944 0.3662702 -0.8765705 0.3403077 -0.340316 -0.8767344 -0.3401038 0.3400975 -2.557205E-08 0.7071071 0.7071065 -0.8551003 0.3666052 -0.3666116 -3.65309E-08 0.7071068 0.7071067 -0.9210476 -0.0006680672 -0.3894494 -0.9067146 -0.001163223 0.4217431 -0.8188654 -0.3411599 -0.4615943 -0.8019295 -0.334105 0.4952606 -0.8450162 -0.2925211 0.4476372 -0.8504997 -0.000493783 -0.5259755 -0.7791682 0.4431865 -0.4432638 -0.7801008 -0.4424213 0.4423868 -0.8063527 0.4181892 -0.4182262 -0.8066689 -0.4179049 0.4179006 2.484113E-07 0.7071065 0.707107 -0.7798117 0.4426589 -0.4426589 -4.164605E-07 0.7071065 0.7071071 -0.8708084 -0.0005573307 -0.4916223 -0.8514546 -0.001065133 0.5244271 -0.7250674 -0.4870199 0.4869178 -0.8059141 -0.0009541366 0.5920318 -0.7792664 -0.00037198 -0.6266927 -0.6909668 0.511158 -0.5111579 -0.6919953 -0.5104905 0.510433 -0.7215849 0.4895288 -0.4895683 -0.7741282 -0.2749764 -0.5701873 -0.746176 -0.2899163 0.5993078 -0.7220612 0.4891971 -0.4891971 0 0.7071068 0.7071068 -0.7221997 -0.4891095 0.4890803 -0.6914092 0.5108414 -0.5108762 -6.575397E-08 0.7071066 0.7071069 -0.6995469 -0.2471355 -0.670491 -0.6660509 -0.2601881 0.6990553 -0.6302579 -0.5493444 0.5486307 -0.7229866 -0.0007899376 0.6908616 -0.5914829 -0.5701949 0.5701104 -0.6894311 -0.0002722821 -0.7243512 -0.5908142 0.5704992 -0.5704992 -0.6257156 0.5515591 -0.5516 -0.6262504 -0.5512839 0.5512682 0 0.7071068 0.7071068 -0.5912986 0.5702025 -0.5702938 5.808446E-07 0.707107 0.7071066 -0.6049097 -0.2127052 -0.7673596 -0.566215 -0.222184 0.7937474 0.9997588 -0.01552918 0.01552919 0 0.7071071 0.7071065 -0.5240569 -0.6025038 0.6019582 -0.6201134 -0.0005875278 0.784512 -0.4813334 -0.6198413 0.6197701 -0.5803697 -0.0001510053 -0.814353 -0.4805695 0.620102 -0.620102 -0.5184883 0.6046145 -0.6046578 0 0.7071068 0.7071068 -0.5184141 -0.6046882 0.6046479 -6.850985E-08 0.7071072 0.7071064 0.9997588 0.01552916 -0.01552916 -0.4809223 0.6199278 -0.6200026 2.703333E-07 0.707107 0.7071065 0.9940385 0.07709575 -0.07709575 6.850456E-08 0.7071067 0.7071068 0 0.7071071 0.7071065 0.988354 -0.1076016 0.1076016 0.9883541 0.1076016 -0.1076015 1.348011E-07 0.7071072 0.7071064 0.9940385 -0.07709584 0.07709584 -2.740011E-07 0.7071069 0.7071068 0.9714057 0.1678853 -0.1678852 1.369857E-08 0.7071067 0.7071069 -1.826477E-08 0.707107 0.7071065 0.9601344 -0.1976637 0.1976637 1.292118E-07 0.7071072 0.7071064 0.9601343 0.1976637 -0.1976637 0.9714057 -0.1678852 0.1678852 -1.369779E-07 0.7071064 0.7071071 -9.132123E-08 0.7071069 0.7071066 0.9320766 0.2561573 -0.2561573 0.9152588 -0.2848696 0.2848696 -4.200773E-07 0.7071063 0.7071073 0.9152586 0.2848698 -0.2848698 1.449663E-07 0.707106 0.7071075 0.9320766 -0.2561573 0.2561574 6.438196E-07 0.7071074 0.7071062 0.8767223 0.3401161 -0.3401161 1.826591E-07 0.7071067 0.7071069 -2.922543E-07 0.7071062 0.7071073 0.8550508 -0.3666662 0.3666662 0.8550509 0.3666661 -0.3666661 -2.671289E-07 0.7071071 0.7071065 -6.849742E-07 0.7071063 0.7071073 0.8767225 -0.340116 0.340116 -1.461279E-07 0.7071068 0.7071067 0.8066003 0.4179689 -0.4179688 1.095959E-07 0.7071068 0.7071068 0.7797717 -0.4426942 0.4426942 3.653203E-07 0.7071065 0.707107 0.7797714 0.4426943 -0.4426943 -1.278573E-07 0.7071066 0.707107 0.8065999 -0.4179693 0.4179693 -0.489082 -0.1713463 -0.8552422 -0.444079 -0.174858 0.8787597 -0.4976774 -0.000188924 0.8673621 -0.4109513 -0.6454974 0.6437796 -0.3627527 -0.6589767 0.6589084 -0.3623471 0.6590398 -0.6590683 -0.4507017 -3.087958E-06 -0.8926746 -0.4028796 0.6471566 -0.6472068 0 0.7071068 0.7071068 -0.4031191 -0.6471176 0.6470966 -0.3626521 0.6589352 -0.6590052 -6.940363E-08 0.7071069 0.7071066 -1.461224E-07 0.707107 0.7071066 0.7222589 0.4890512 -0.4890512 0.6916232 -0.5107139 0.5107138 2.922448E-07 0.7071068 0.7071067 0.6916231 0.5107139 -0.510714 0 0.7071068 0.7071068 0.7222595 -0.4890507 0.4890507 9.58912E-08 0.7071067 0.7071068 -0.9230376 -0.3845318 -0.0116975 -0.9171486 -0.3845473 -0.1046995 -0.9161347 -0.3889119 0.09718426 0.6260657 0.5513808 -0.5513808 3.653198E-07 0.7071066 0.707107 4.383841E-07 0.7071071 0.7071065 0.5910987 -0.5703517 0.5703517 0 0.7071068 0.7071068 0.5910993 0.5703515 -0.5703515 6.438781E-07 0.7071071 0.7071065 0.6260653 -0.5513811 0.5513811 -0.9048696 -0.3843683 -0.1829542 -0.9079804 -0.3808253 0.1747673 -0.2914693 -0.6772725 0.6755351 -0.2513242 -0.6853815 0.6834386 -0.237225 0.6868932 -0.6869513 -0.3006662 -0.1186582 0.9463192 -0.3548185 0.0001810472 0.9349352 -0.2374558 -0.6868824 0.6868824 -0.3026149 0.0001117467 -0.9531129 -0.279651 0.6788714 -0.6789175 4.219154E-07 0.7071068 0.7071067 -0.2795731 -0.6789105 0.6789104 -2.703098E-07 0.7071069 0.7071066 -0.2372418 0.6869087 -0.6869299 -0.3514555 -0.1227714 -0.9281198 -0.882145 -0.3675386 -0.2945091 0 0 0 0 0 0 -0.8888501 -0.3703319 0.2698143 0.5185453 0.6046118 -0.6046118 -1.461273E-07 0.7071068 0.7071068 -1.461273E-07 0.7071068 0.7071066 0.4809974 -0.619936 0.619936 0 0.7071068 0.7071068 0.4809975 0.619936 -0.619936 -3.333402E-07 0.7071068 0.7071068 0.5185453 -0.6046118 0.6046118 -0.8485283 -0.356211 -0.391297 -0.8503123 -0.362489 0.3815372 -4.383418E-07 0.7071069 0.7071067 0.4028675 0.6471853 -0.6471854 0.3622627 -0.6590772 0.6590772 -2.922278E-07 0.7071067 0.7071068 0.3622628 0.6590772 -0.6590772 0 0.7071068 0.7071068 0.4028679 -0.6471852 0.6471853 1.735031E-07 0.7071069 0.7071066 -0.1699406 0.0004304817 0.9854543 -0.1737932 -0.6993308 0.6933488 -0.1090982 -0.7029077 0.7028643 -0.1087759 0.702911 -0.702911 -0.1413956 0.0001379421 -0.9899532 -8.01505E-07 0.7071069 0.7071067 -0.152192 -0.6988696 0.6988696 -0.1517742 0.6988963 -0.6989337 -0.1089204 0.702861 -0.7029387 -1.256786E-06 0.7071068 0.7071068 -0.1958261 -0.06823948 -0.9782615 -0.1419013 -0.05664187 0.988259 0 0.7071068 0.7071067 0.2795406 0.6789172 -0.6789172 0 0.7071067 0.7071067 0.2374258 -0.6868875 0.6868875 4.999699E-07 0.7071066 0.7071068 0.2374266 0.6868874 -0.6868874 -1.073078E-06 0.7071069 0.7071067 0.2795393 -0.6789175 0.6789175 -0.8085292 -0.3455239 -0.4763338 -0.8165064 -0.3430748 0.4643457 -1.461431E-07 0.7071068 0.7071068 0.1521714 0.6988719 -0.698872 2.922862E-07 0.7071068 0.7071067 0.1090306 -0.7028913 0.7028913 0.1090292 0.7028913 -0.7028914 -4.926308E-07 0.7071069 0.7071066 0.1521719 -0.6988719 0.6988719 -3.996219E-09 0.7071067 0.7071068 -0.7436514 -0.3097739 -0.5924717 -0.761358 -0.3171515 0.5654634 -0.9173043 -0.3979129 -0.0147764 -0.5734623 -0.8192319 -1.570729E-08 0 0.7071069 0.7071067 0.02196179 0.7069362 -0.7069362 -0.01648731 -0.005735037 -0.9998476 0.09422635 0.05868882 0.9938194 0.3361424 -0.6204919 0.7085182 0 0.7071067 0.7071068 -0.0005363997 -1.249264E-06 0.9999999 0.02191093 -0.7069482 0.7069257 0.0003399992 0.7071068 -0.7071067 -0.01849078 0.009175569 -0.9997869 -0.02196178 -0.7069362 0.7069362 0 0.7071069 0.7071067 8.157234E-07 0.7071068 0.7071068 -0.02196454 -0.7069361 0.7069362 -0.01040036 0.7070395 -0.7070975 -0.02196127 0.7069362 -0.7069362 8.563725E-09 0.7071068 0.7071068 5.206744E-07 0.7071067 0.707107 0.02196127 -0.7069362 0.7069362 0.0216035 0.7069078 -0.7069757 8.1618E-07 0.7071066 0.7071069 -0.5398875 -0.7977995 -0.2683979 0 0 0 -0.8764919 -0.3833162 -0.291257 -0.8848385 -0.385958 0.2609545 -0.5398876 -0.7977995 0.2683979 -0.6650811 -0.2803084 -0.6921663 -0.6749486 -0.2918271 0.677703 -0.1090305 0.7028913 -0.7028913 1.461431E-07 0.7071068 0.7071068 -0.1521714 -0.6988719 0.6988719 -2.922862E-07 0.7071068 0.7071067 -0.1521719 0.6988719 -0.6988719 5.035237E-07 0.7071068 0.7071067 3.025427E-08 0.7071069 0.7071066 -0.1090292 -0.7028914 0.7028913 0 0.7071068 0.7071067 -0.2374259 0.6868876 -0.6868876 0 0.7071067 0.7071067 -0.2795405 -0.6789172 0.6789172 -5.251235E-07 0.7071068 0.7071068 -0.2795394 0.6789174 -0.6789174 3.104836E-07 0.7071068 0.7071066 -0.2374267 -0.6868874 0.6868874 0.1687078 -0.1280626 0.9773115 0.1306498 -0.7010459 0.7010459 0.1523457 -0.6988529 0.6988528 0.1306318 0.7010476 -0.7010477 0.0599231 0.3197674 -0.9455993 0.1093341 0.7028291 -0.7029063 -4.274534E-07 0.7071068 0.7071066 0.1090447 -0.7028902 0.7028902 0.1285994 0.7011995 -0.7012712 1.415764E-08 0.7071068 0.7071068 0.1521917 0.6988697 -0.6988697 -0.5751512 -0.2512133 -0.7785197 -0.5970287 -0.2523862 0.761484 4.383418E-07 0.7071069 0.7071067 -0.3622625 0.6590774 -0.6590773 -0.4028672 -0.6471854 0.6471854 2.922278E-07 0.7071067 0.7071068 -0.4028681 0.6471852 -0.6471851 0 0.7071068 0.7071068 -0.3622622 -0.6590775 0.6590774 3.013622E-07 0.7071069 0.7071068 -0.7426916 -0.336372 -0.5790191 -0.4132555 -0.6960762 -0.5871098 -0.616039 -0.5272839 0.5852073 1.461273E-07 0.7071068 0.7071069 -0.4809979 0.6199359 -0.6199359 1.461273E-07 0.7071068 0.7071068 -0.5185456 -0.6046116 0.6046116 0 0.7071068 0.7071068 -0.5185455 0.6046118 -0.6046117 -0.4809977 -0.6199359 0.6199359 -5.845118E-07 0.7071071 0.7071064 0.2920725 -0.5234941 0.8004047 0.2798154 -0.6788616 0.6788596 0.2514603 0.6843846 -0.684387 0.02142234 0.1137747 -0.9932755 0.2389599 0.6865666 -0.6866764 0.256919 0.6833462 -0.6833964 0.2374558 -0.6868824 0.6868824 0 0.7071068 0.7071068 0.2795731 0.6789106 -0.6789106 6.721424E-07 0.7071068 0.7071066 -0.4457325 -0.1857312 -0.8756863 -0.4840119 -0.201679 0.8515033 -3.653197E-07 0.7071066 0.7071071 -0.5910984 0.570352 -0.5703519 -0.6260648 -0.5513814 0.5513814 -4.383839E-07 0.7071071 0.7071065 -0.6260653 0.5513811 -0.5513811 0 0.7071068 0.7071068 -0.5910987 -0.5703517 0.5703517 -8.676039E-08 0.7071067 0.7071069 -0.6916237 0.5107136 -0.5107136 1.461224E-07 0.7071069 0.7071065 -0.7222595 -0.4890507 0.4890507 -2.922449E-07 0.7071069 0.7071067 -0.7222596 0.4890506 -0.4890507 0 0.7071068 0.7071068 -0.6916231 -0.510714 0.510714 1.050237E-07 0.7071066 0.707107 0.3573312 -0.6423673 0.6779961 0.2971061 0.1670035 0.9401265 0.4032261 -0.6470771 0.6470702 0.3714742 0.6565067 -0.6565104 -0.005055181 -0.005104453 -0.9999742 1.368883E-05 4.867431E-05 -1 0.3649255 0.6582931 -0.6583918 0.3813662 0.6536509 -0.6536821 0.362303 -0.6590663 0.6590662 0 0.7071068 0.7071068 5.113851E-08 0.7071069 0.7071067 0.4031732 0.647077 -0.6471034 1.461279E-07 0.7071068 0.7071067 -0.7797716 0.4426942 -0.4426942 -0.8066002 -0.417969 0.417969 -1.09596E-07 0.7071068 0.7071068 0 0.7071068 0.7071068 -0.8066001 0.4179691 -0.4179691 3.653203E-07 0.7071065 0.7071071 -0.7797718 -0.442694 0.442694 -0.3033704 -0.1303902 -0.9439093 -0.3472178 -0.1486391 0.9259298 -0.3093009 -0.403221 -0.8612467 -0.2156025 -0.4318677 0.8757887 -0.5990695 -0.2876149 0.7472572 -0.8550509 0.366666 -0.366666 -1.826591E-07 0.7071066 0.7071069 -0.8767225 -0.3401159 0.340116 2.922544E-07 0.7071063 0.7071074 -6.849742E-07 0.7071062 0.7071073 -0.8767225 0.340116 -0.340116 -0.8550506 -0.3666664 0.3666664 -2.671289E-07 0.7071071 0.7071065 9.132124E-08 0.7071069 0.7071066 -0.9152587 0.2848698 -0.2848698 4.200773E-07 0.7071063 0.7071072 -0.9320767 -0.2561572 0.2561572 -0.9320766 0.2561573 -0.2561573 6.438196E-07 0.7071074 0.7071062 1.449663E-07 0.7071061 0.7071075 -0.9152587 -0.2848696 0.2848696 -1.369857E-08 0.7071067 0.7071068 -0.9601344 0.1976637 -0.1976637 1.826477E-08 0.707107 0.7071065 -0.9714059 -0.1678852 0.1678852 -1.369779E-07 0.7071064 0.7071071 -0.9714058 0.1678853 -0.1678853 -0.9601344 -0.1976636 0.1976636 1.292118E-07 0.7071072 0.7071063 -6.850456E-08 0.7071067 0.7071068 -0.9883541 0.1076017 -0.1076017 -0.9940385 -0.07709588 0.07709589 0 0.7071071 0.7071065 -2.740011E-07 0.7071068 0.7071067 -0.9940385 0.07709578 -0.07709578 -0.9883541 -0.1076017 0.1076017 1.348011E-07 0.7071072 0.7071064 -0.4712821 -0.8819474 0.007881466 -0.9997588 0.01552916 -0.01552916 0 0.7071071 0.7071065 0.5617599 0.2813251 0.7779987 0.4873777 -0.617493 0.6173859 0.0005126565 0.001709955 -0.9999984 0.4873753 0.6174396 -0.6174412 0.5189507 -0.6044378 0.6044378 0.4850075 0.6183569 -0.618387 0.4986719 0.6129 -0.6129274 0.4810462 -0.6199172 0.6199172 0 0.7071068 0.7071068 -6.850985E-08 0.7071072 0.7071064 -0.9997588 -0.01552916 0.01552917 0.5185762 0.6045619 -0.6046352 -2.411039E-07 0.7071071 0.7071065 -0.143919 -0.07620372 -0.9866511 -0.1922518 -0.0962439 0.9766148 -0.4046933 -0.8350255 -0.3727673 -0.4048898 -0.8269383 0.3901758 0.5958005 0.5679002 -0.5679007 -0.005055181 -0.005104453 -0.9999742 0.656182 0.3073139 0.6891904 0.5958543 -0.5678723 0.567872 0.5960028 0.5677943 -0.5677943 0.626495 -0.551137 0.551137 0.6072022 0.5618069 -0.5618528 0.5911487 -0.5703258 0.5703259 0 0.7071068 0.7071068 -5.260559E-07 0.7071071 0.7071066 0.6259404 0.5514306 -0.5514733 -0.2886498 -0.6669802 -0.6868905 -0.2880738 -0.6534492 0.7000126 -0.03176685 -0.08251638 -0.9960833 -0.04042926 -0.07495178 0.9963673 0.6950186 0.5084035 -0.5084044 -0.0008184646 -0.0004552994 -0.9999996 0.6970994 0.5069609 -0.5069942 0.7835367 0.3049058 0.5413894 0.6950699 -0.5083687 0.5083688 0.7226696 -0.4887477 0.4887477 0.7059101 0.5008301 -0.5008593 0 0.7071068 0.7071068 0.6916701 -0.5106822 0.5106822 4.748898E-08 0.7071065 0.7071069 0.7224093 0.4889333 -0.4889469 -0.01535452 -0.006068748 -0.9998636 0.782284 0.4404719 -0.4404726 0.7859 0.4372346 -0.4372493 0.7823271 -0.4404339 0.4404341 0.8127662 0.2849041 0.5081739 0.8069754 -0.4176067 0.4176067 0.7924246 0.431307 -0.4313205 0.7798117 -0.4426588 0.4426588 -2.922529E-07 0.7071066 0.7071071 3.506984E-07 0.7071065 0.7071071 0.8066232 0.4179294 -0.417964 -0.1466242 -0.3842134 -0.911527 -0.130062 -0.3842491 0.9140221 -0.3428441 -0.0617688 0.9373593 -0.02814422 -0.01299724 -0.9995194 0.856801 0.3646173 -0.3646178 0.8608688 0.3597951 -0.3597952 0.8568334 -0.3645796 0.3645797 0.8686904 0.273908 0.4127365 0.8770294 -0.3397201 0.3397201 0.8652428 0.3545026 -0.3545178 -3.65309E-08 0.7071068 0.7071067 0.8550807 -0.3666314 0.3666314 0.876739 0.3400832 -0.3401059 -2.557205E-08 0.7071071 0.7071065 0.9164503 0.2829477 -0.2829481 -0.001414342 -0.0003235466 -0.999999 0.9204924 0.2763094 -0.2763094 0.949334 0.02769263 0.3130465 0.93231 -0.2557324 0.2557324 0.9232187 0.2717181 -0.271729 0.915278 -0.2848388 0.2848388 4.565935E-07 0.7071069 0.7071065 -1.461129E-07 0.7071064 0.7071071 0.9320744 0.2561564 -0.2561664 0.9608495 0.1959187 -0.1959188 -0.04862984 -0.005836947 -0.9987998 0.9641261 0.1876959 -0.1876995 0.9775689 0.01136426 0.2103094 0 0 0 0 0 0 0.9715533 -0.1674579 0.1674578 0.9655541 0.1839885 -0.1839937 0.9601442 -0.19764 0.19764 -4.78536E-07 0.7071063 0.7071073 1.61752E-07 0.7071065 0.7071071 0.9714128 0.1678648 -0.1678648 -0.06425931 -0.008792398 -0.9978945 0.9886937 0.10603 -0.10603 0.9906753 0.0963383 -0.09634052 0.9940688 -0.0004358919 0.1087527 0.9941029 -0.0766798 0.0766798 0.9912085 0.09355645 -0.09355705 0.9883571 -0.1075881 0.1075881 -1.644113E-07 0.7071071 0.7071065 2.13898E-07 0.7071071 0.7071065 0.99404 0.07708587 -0.07708588 1 0 0 -0.2873479 -0.9578263 0 -0.3152803 -0.9350849 -0.1619096 1 0 0 -0.3044114 -0.9443818 0.1244056 1 0 0 -0.2995132 -0.9215806 -0.2469435 1 0 0 -0.313133 -0.9260022 0.2108734 1 0 0 -0.2670947 -0.8903159 -0.3687788 1 0 0 -0.2670947 -0.8903159 0.3687788 1 0 0 1 0 0 -0.283544 -0.8091049 -0.5147349 -0.2731014 -0.8333295 0.4806013 1 0 0 -0.2603062 -0.7659544 -0.5878389 1 0 0 -0.2777206 -0.782147 0.5577788 1 0 0 0 -0.9997588 0.02196161 0 -0.9940385 -0.1090302 0 -0.988354 0.152172 0 -0.9714056 -0.2374259 0.0001059287 -0.9600458 0.2798431 0.0002177908 -0.9319566 -0.3625697 0.0002177381 -0.9153939 0.4025591 1 0 0 -0.2073645 -0.691737 -0.691737 1 0 0 -0.2073645 -0.691737 0.691737 0.0001118405 -0.8768887 -0.4806934 0 -0.8550503 0.518545 0 -0.8065997 -0.5910981 -0.0001178769 -0.7799962 0.6257843 -0.2266293 -0.5550852 -0.8003247 1 0 0 -0.2095421 -0.5953113 0.7756911 1 0 0 0 -0.7222591 -0.6916226 -0.0002357403 -0.6913617 0.7225088 -0.2034484 -0.4891446 -0.8481429 1 0 0 1 0 0 -0.2213162 -0.5118513 0.8300767 0 -0.6260644 -0.7797714 0 -0.5910981 0.8065997 0 -0.518545 -0.8550503 0 -0.4809974 0.876722 1 0 0 -0.1140161 -0.3801861 -0.9178556 -0.1140161 -0.3801861 0.9178556 1 0 0 0 0.9997588 -0.02196149 0 0.9940384 0.1090301 0 0.988354 -0.1521723 0 0.9714055 0.2374263 0 0.9601343 -0.2795392 0.0002177381 -0.4025591 -0.9153939 0 -0.3622616 0.9320765 0 0.9320765 0.3622614 0 0.9152585 -0.402867 0 0.8767221 0.4809973 0 0.8550503 -0.518545 -0.13467 -0.2564678 -0.9571249 1 0 0 1 0 0 -0.13467 -0.2564678 0.9571249 0 0.8065997 0.591098 0 0.7797715 -0.6260642 0 0.7222592 0.6916226 0 0.6916226 -0.7222592 0.0001059287 -0.2798431 -0.9600458 0 -0.2374259 0.9714056 0 0.6260642 0.7797715 0 0.591098 -0.8065997 0 0.518545 0.8550503 0 0.4809973 -0.8767221 -0.261053 -0.1260752 -0.9570561 1 0 0 -0.261053 -0.1260752 0.9570561 1 0 0 0 0.402867 0.9152585 0 0.3622614 -0.9320765 0 -0.152172 -0.988354 0 -0.1090302 0.9940385 0 0.2795392 0.9601343 0 0.2374263 -0.9714055 0 0.1521723 0.988354 0 0.1090301 -0.9940384 -0.009793418 -0.02896406 -0.9995325 1 0 0 0.9999999 0 0 0 -0.02196161 -0.9997588 1 0 0 0 0.02196149 0.9997588 1 0 0 0 -0.02196149 -0.9997588 1 0 0 1 0 0 0 0.02196161 0.9997588 -0.01665412 -0.0492546 0.9986475 0.9999999 0 0 0.2600498 0.1501604 0.953848 0 -0.1090301 0.9940384 1 0 0 1 0 0 0 -0.1521723 -0.988354 0 -0.2374263 0.9714055 1 0 0 1 0 0 0 -0.2795392 -0.9601343 0 0.1090302 -0.9940385 0 0.152172 0.988354 1 0 0 0 -0.3622614 0.9320765 0 -0.402867 -0.9152585 1 0 0 1 0 0 0 -0.4809973 0.8767221 0 -0.518545 -0.8550503 1 0 0 0 -0.591098 0.8065997 1 0 0 1 0 0 0 -0.6260642 -0.7797715 0 0.2374259 -0.9714056 0.0001059287 0.2798431 0.9600458 1 0 0 0 -0.6916226 0.7222592 0 -0.7222592 -0.6916226 1 0 0 1 0 0 0 -0.7797715 0.6260642 1 0 0 0 -0.8065997 -0.591098 0 -0.8550503 0.518545 1 0 0 0 -0.8767221 -0.4809973 1 0 0 0 -0.9152585 0.402867 1 0 0 0 -0.9320765 -0.3622614 1 0 0 1 0 0 0 0.3622616 -0.9320765 1 0 0 0.0002177381 0.4025591 0.9153939 1 0 0 0 -0.9601343 0.2795392 0 -0.9714055 -0.2374263 1 0 0 0 -0.988354 0.1521723 1 0 0 0 -0.9940384 -0.1090301 1 0 0 0 -0.9997588 0.02196149 1 0 0 0.6087235 0.2726522 0.7450615 1 0 0 0.9978355 0.04649866 -0.04649882 0.9999999 0 0 -0.0006718186 -9.459086E-05 -0.9999998 0 0.4809974 -0.876722 0 0.518545 0.8550503 0 0.5910981 -0.8065997 -0.0001178769 0.6257843 0.7799962 0 0.6916226 -0.7222591 1 0 0 1 0 0 -0.0002357403 0.7225088 0.6913617 0 0.7797714 -0.6260644 0 0.8065997 0.5910981 0 0.8550503 -0.518545 0.0001118405 0.8768887 0.4806934 1 0 0 0.9664254 0.1434456 0.2131792 0 0 0 1 0 0 0.0002177381 0.9153939 -0.4025591 1 0 0 0.0002177908 0.9319566 0.3625697 0.0001059287 0.9600458 -0.2798431 0 0.9714056 0.2374259 0 0.988354 -0.152172 0 0.9940385 0.1090302 0 0.9997588 -0.02196161 1 0 0 1 0 0 0.9978358 0.04649612 -0.04649651 0.9999506 -0.0009182126 0.009892421 0.999757 0.01558567 -0.01558563 5.480786E-08 0.7071074 0.7071062 0.9997588 -0.01552707 0.01552706 0.9999999 0 0 -0.2253506 -0.9734054 0.04121861 0.9999999 0 0 0 -0.988354 -0.152172 0 -0.9940385 0.1090302 1 0 0 1 0 0 0.0001059287 -0.9600458 -0.2798431 1 0 0 0 -0.9713323 0.2377259 -0.2253314 -0.9150621 -0.3344955 0.9999999 0 0 -0.2252094 -0.8836243 0.410474 1 0 0 1 0 0 0 -0.8552321 -0.5182451 1 0 0 0.0001118405 -0.8768887 0.4806934 0 -0.7797714 -0.6260644 1 0 0 1 0 0 0 -0.8068107 0.5908101 1 0 0 -0.2253475 -0.7174739 -0.659128 -0.2251123 -0.659224 0.7174596 1 0 0 1 0 0 0 -0.5910981 -0.8065997 -0.0001178769 -0.6257843 0.7799962 1 0 0 1 0 0 0.0001118405 -0.4806934 -0.8768887 1 0 0 0 -0.518545 0.8550503 -0.2253131 -0.4105325 -0.8835707 1 0 0 -0.2252149 -0.334436 0.9151125 0.9999999 0 0 1 0 0 0 -0.2377259 -0.9713323 1 0 0 0 -0.2795391 0.9601343 1 0 0 0 -0.1090302 -0.9940385 0 -0.152172 0.988354 0.9999999 0 0 0.9999999 0 0 -0.2253556 -0.04127306 -0.973402 1 0 0 -0.2253556 0.04127306 0.973402 0 0.152172 -0.988354 0.9999999 0 0 0.9999999 0 0 0 0.1090302 0.9940385 0 0.2795391 -0.9601343 0.9999999 0 0 0 0.2377259 0.9713323 0.9999999 0 0 -0.2252126 0.3345049 -0.9150878 1 0 0 1 0 0 -0.2252094 0.410474 0.8836243 1 0 0 0 0.518545 -0.8550503 0.0001118405 0.4806934 0.8768887 1 0 0 0 0.6260644 -0.7797714 1 0 0 1 0 0 0 0.5908101 0.8068107 -0.2252409 0.6592039 -0.7174376 1 0 0 -0.2252189 0.717496 0.659148 1 0 0 0 0.8065997 -0.5910981 1 0 0 -0.0001178769 0.7799962 0.6257843 1 0 0 0.0001118405 0.8768887 -0.4806934 1 0 0 0 0.8552321 0.5182451 1 0 0 -0.2253131 0.8835707 -0.4105325 1 0 0 -0.2253337 0.9150866 0.3344266 1 0 0 1 0 0 0 0.9713323 -0.2377259 0.9999999 0 0 0.0001059287 0.9600458 0.2798431 1 0 0 0 0.9940385 -0.1090302 0 0.988354 0.152172 0.9999999 0 0 0.9999999 0 0 -0.2253506 0.9734054 -0.04121861 -0.08264002 -0.9916802 0.09869695 -0.3107971 -0.9321789 -0.1856006 -0.1619883 -0.9128299 -0.3748351 -0.1284959 -0.9295449 0.3455939 -0.3109821 -0.7902482 0.5280133 -0.1619715 -0.6998695 -0.6956636 -0.1618252 -0.6957204 0.699847 -0.1284959 -0.3455939 -0.9295449 -0.3109821 -0.5280133 -0.7902482 -0.1617769 -0.3748483 0.9128621 -0.1618926 -0.003054408 -0.9868037 -0.1618926 0.003054408 0.9868037 -0.16185 0.3748917 -0.9128312 -0.1619998 0.3804643 0.910496 -0.1619715 0.6956636 -0.6998695 -0.1618252 0.699847 0.6957204 -0.1284959 0.9295449 -0.3455939 -0.3109821 0.7902482 -0.5280133 -0.1284138 0.9016761 0.4129045 -0.3108582 0.932169 0.1855482 -0.1284847 0.991038 0.03654171 -0.310736 0.9322081 -0.185556 0.311663 -0.9446207 0.1027525 0 -0.9807594 -0.1952201 0.192694 -0.9004778 -0.389883 0.2384193 -0.9211228 0.307716 0 -0.8314762 0.5555604 0.1924896 -0.6828471 -0.7047465 0 -0.5555604 0.8314762 0.2383064 -0.7331924 0.636898 0.2384193 -0.307716 -0.9211228 0 -0.5555604 -0.8314762 0.192694 -0.3898831 0.9004778 0.2384838 0.06822822 -0.9687468 0 -0.1952201 -0.9807594 0.1926344 -0.01557078 0.981147 0.192694 0.3898831 -0.9004778 0.1925944 0.3610617 0.9124373 0.1924896 0.7047465 -0.6828471 0.1924896 0.6828471 0.7047465 0.2384193 0.9211228 -0.307716 0 0.8314762 -0.5555604 0.238567 0.8688818 0.4337398 0 0.9807594 0.1952201 0.1926345 0.9811471 0.01557078 0.5933512 -0.804902 -0.008200206 0.5932156 -0.7406618 -0.3154604 0.5933767 -0.746728 0.300502 0.5934438 -0.5632929 -0.5749137 0.5934437 -0.5749137 0.5632928 0.5933767 -0.300502 -0.746728 0.5932156 -0.3154604 0.7406618 0.5933512 0.008200206 -0.804902 0.5933512 -0.008200206 0.804902 0.5932156 0.3154604 -0.7406618 0.5933767 0.300502 0.746728 0.5934437 0.5749137 -0.5632928 0.5934438 0.5632929 0.5749137 0.5933767 0.746728 -0.300502 0.5932156 0.7406618 0.3154604 0.5933512 0.804902 0.008200206 1 0 0 0.7059471 -0.7061968 -0.05408261 1 0 0 1 0 0 1 0 0 1 0 0 0.705982 -0.6317762 -0.3200753 1 0 0 1 0 0 0.7058327 -0.6731821 0.2205129 0.9999999 0 0 0.9999999 0 0 0.9999999 0 0 1 0 0 1 0 0 0.7062223 -0.4608474 -0.5374661 0.7062223 -0.5374661 0.4608474 1 0 0 1 0 0 0.9999999 0 0 0.9999999 0 0 1 0 0 0 0.9997588 0.02196149 0.9999999 0 0 0 0.988354 0.1521723 1 0 0 0 0.9940384 -0.1090301 1 0 0 0 0.9601343 0.2795392 1 0 0 1 0 0 0 0.9714055 -0.2374263 1 0 0 0 0.9152585 0.402867 1 0 0 0 0.9320766 -0.3622615 0 0.8550502 0.5185451 1 0 0 1 0 0 0 0.8767221 -0.4809973 0 0.7797715 0.6260642 1 0 0 1 0 0 0 0.8065997 -0.591098 0.7058327 -0.2205129 -0.6731821 1 0 0 0.705982 -0.3200753 0.6317762 1 0 0 1 0 0 0 0.6916226 0.7222592 1 0 0 0 0.7222592 -0.6916226 0 0.591098 0.8065997 1 0 0 0 0.6260642 -0.7797715 1 0 0 1 0 0 1 0 0 1 0 0 0 0.4809973 0.8767221 0 0.5185451 -0.8550502 1 0 0 0 0.3622615 0.9320766 1 0 0 1 0 0 0 0.402867 -0.9152585 1 0 0 1 0 0 1 0 0 0 0.2374263 0.9714055 0 0.2795392 -0.9601343 1 0 0 0 0.1090301 0.9940384 1 0 0 1 0 0 0 0.1521723 -0.988354 0.7059471 0.05408261 -0.7061968 1 0 0 1 0 0 0 -0.02196149 0.9997588 0 0.02196149 -0.9997588 1 0 0 0.7059471 -0.05408261 0.7061968 1 0 0 0 -0.1521723 0.988354 1 0 0 1 0 0 0 -0.1090301 -0.9940384 1 0 0 0 -0.2795392 0.9601343 1 0 0 0 -0.2374263 -0.9714055 1 0 0 1 0 0 1 0 0 0 -0.402867 0.9152585 0 -0.3622615 -0.9320766 1 0 0 1 0 0 0 -0.5185451 0.8550502 1 0 0 0 -0.4809973 -0.8767221 1 0 0 1 0 0 0 -0.6260642 0.7797715 1 0 0 1 0 0 0 -0.591098 -0.8065997 1 0 0 0 -0.7222592 0.6916226 1 0 0 0 -0.6916226 -0.7222592 1 0 0 0.705982 0.3200753 -0.6317762 1 0 0 0.7058327 0.2205129 0.6731821 1 0 0 0 -0.8065997 0.591098 1 0 0 0 -0.7797715 -0.6260642 0 -0.8767221 0.4809973 1 0 0 0 -0.8550502 -0.5185451 1 0 0 1 0 0 0 -0.9320766 0.3622615 1 0 0 0 -0.9152585 -0.402867 0 -0.9714055 0.2374263 1 0 0 0 -0.9601343 -0.2795392 1 0 0 1 0 0 0 -0.9940384 0.1090301 0 -0.988354 -0.1521723 1 0 0 0.9999999 0 0 1 0 0 0 -0.9997588 -0.02196149 0.9999999 0 0 0.9999999 0 0 1 0 0 0.7062223 0.5374661 -0.4608474 1 0 0 0.7062223 0.4608474 0.5374661 1 0 0 1 0 0 0.9999999 0 0 0.9999999 0 0 0.9999999 0 0 1 0 0 0.7058327 0.6731821 -0.2205129 1 0 0 0.705982 0.6317762 0.3200753 1 0 0 1 0 0 1 0 0 1 0 0 1 0 0 0.7059471 0.7061968 0.05408261 
				</float_array>
				<technique_common>
					<accessor count="1030" source="#Part-3818_dot_dat-norm-array" stride="3">
						<param name="X" type="float" /><param name="Y" type="float" /><param name="Z" type="float" />
					</accessor>
				</technique_common>
			</source>
			<vertices id="Part-3818_dot_dat-vert">
				<input semantic="POSITION" source="#Part-3818_dot_dat-pos" />
			</vertices>
			<triangles count="1168" material="Base">
				<input semantic="VERTEX" source="#Part-3818_dot_dat-vert" offset="0" />
				<input semantic="NORMAL" source="#Part-3818_dot_dat-norm" offset="0" />
				<p>
					675 1008 1003 1003 671 675 671 1003 998 998 668 671 668 998 995 995 659 668 659 995 990 990 655 659 655 990 987 987 652 655 652 987 979 979 648 652 648 979 974 974 641 648 641 974 969 969 638 641 638 969 965 965 634 638 634 965 959 959 627 634 627 959 954 954 623 627 623 954 949 949 614 623 614 949 942 942 607 614 607 942 939 939 605 607 605 939 932 932 601 605 601 932 929 929 595 601 595 929 922 922 593 595 593 922 919 919 589 593 589 919 910 910 587 589 587 910 906 906 581 587 581 906 903 903 579 581 579 903 898 898 575 579 575 898 894 894 573 575 573 894 892 892 572 573 572 892 896 896 574 572 574 896 901 901 576 574 576 901 905 905 580 576 580 905 909 909 582 580 582 909 913 913 588 582 588 913 921 921 590 588 590 921 924 924 594 590 594 924 930 930 596 594 596 930 935 935 602 596 602 935 940 940 606 602 606 940 945 945 608 606 608 945 950 950 616 608 616 950 957 957 626 616 626 957 961 961 630 626 630 961 966 966 635 630 635 966 971 971 639 635 639 971 977 977 644 639 644 977 981 981 649 644 649 981 989 989 654 649 654 989 992 992 657 654 657 992 997 997 661 657 661 997 1000 1000 669 661 669 1000 1004 1004 673 669 673 1004 1008 1008 675 673 1026 1002 1007 1007 1028 1026 1024 999 1002 1002 1026 1024 1020 994 999 999 1024 1020 1018 991 994 994 1020 1018 1016 986 991 991 1018 1016 1013 978 986 986 1016 1013 1010 975 978 978 1013 1010 1006 968 975 975 1010 1006 982 964 968 968 1006 982 972 958 964 964 982 972 962 955 958 958 972 962 947 948 955 955 962 947 936 943 948 948 947 936 926 938 943 943 936 926 915 933 938 938 926 915 890 928 933 933 915 890 888 923 928 928 890 888 884 918 923 923 888 884 882 911 918 918 884 882 880 907 911 911 882 880 877 902 907 907 880 877 874 899 902 902 877 874 872 895 899 899 874 872 870 891 895 895 872 870 873 897 891 891 870 873 875 900 897 897 873 875 878 904 900 900 875 878 881 908 904 904 878 881 883 912 908 908 881 883 887 920 912 912 883 887 889 925 920 920 887 889 893 931 925 925 889 893 917 934 931 931 893 917 927 941 934 934 917 927 937 944 941 941 927 937 953 951 944 944 937 953 963 956 951 951 953 963 973 960 956 956 963 973 984 967 960 960 973 984 1009 970 967 967 984 1009 1011 976 970 970 1009 1011 1015 980 976 976 1011 1015 1017 988 980 980 1015 1017 1019 993 988 988 1017 1019 1022 996 993 993 1019 1022 1025 1001 996 996 1022 1025 1027 1005 1001 1001 1025 1027 1028 1007 1005 1005 1027 1028 804 808 705 705 703 804 800 804 703 703 701 800 795 800 701 701 698 795 791 795 698 698 692 791 787 791 692 692 690 787 783 787 690 690 686 783 779 783 686 686 684 779 776 779 684 684 682 776 771 776 682 682 664 771 767 771 664 664 645 767 763 767 645 645 631 763 760 763 631 631 612 760 756 760 612 612 603 756 752 756 603 603 591 752 747 752 591 591 577 747 744 747 577 577 566 744 740 744 566 566 564 740 736 740 564 564 558 736 731 736 558 558 552 731 728 731 552 552 550 728 723 728 550 550 544 723 720 723 544 544 542 720 716 720 542 542 540 716 714 716 540 540 539 714 717 714 539 539 541 717 722 717 541 541 543 722 725 722 543 543 545 725 730 725 545 545 551 730 734 730 551 551 553 734 737 734 553 553 559 737 741 737 559 559 565 741 746 741 565 565 567 746 749 746 567 567 578 749 754 749 578 578 592 754 757 754 592 592 604 757 762 757 604 604 619 762 766 762 619 619 632 766 769 766 632 632 646 769 774 769 646 646 666 774 777 774 666 666 683 777 782 777 683 683 685 782 785 782 685 685 689 785 789 785 689 689 691 789 793 789 691 691 693 793 797 793 693 693 700 797 802 797 700 700 702 802 805 802 702 702 704 805 808 805 704 704 705 808 810 811 723 723 714 810 832 833 811 811 809 832 854 855 833 833 831 854 871 876 855 855 854 871 811 814 736 736 723 811 833 836 814 814 811 833 855 857 836 836 833 855 876 885 857 857 855 876 814 817 747 747 736 814 836 840 816 816 814 836 857 859 839 839 836 857 885 914 859 859 857 885 816 819 760 760 747 816 839 843 819 819 816 839 859 861 842 842 839 859 914 946 861 861 859 914 819 821 771 771 760 819 842 845 821 821 819 842 861 863 845 845 842 861 946 983 863 863 861 946 821 823 783 783 771 821 845 847 823 823 821 845 863 865 847 847 845 863 983 1012 865 865 863 983 823 826 795 795 783 823 847 850 825 825 823 847 865 867 849 849 847 865 1012 1021 867 867 865 1012 825 830 808 808 795 825 849 853 829 829 825 849 867 869 853 853 849 867 1021 1029 869 869 867 1021 829 828 797 797 808 829 853 852 827 827 829 853 869 868 851 851 853 869 1029 1023 868 868 869 1029 827 824 785 785 797 827 851 848 824 824 827 851 868 866 848 848 851 868 1023 1014 866 866 868 1023 824 822 774 774 785 824 848 846 822 822 824 848 866 864 846 846 848 866 1014 985 864 864 866 1014 822 820 762 762 774 822 846 844 820 820 822 846 864 862 844 844 846 864 985 952 862 862 864 985 820 818 749 749 762 820 844 841 818 818 820 844 862 860 841 841 844 862 952 916 860 860 862 952 818 815 737 737 749 818 841 837 815 815 818 841 860 858 838 838 841 860 916 886 858 858 860 916 815 813 725 725 737 815 838 835 812 812 815 838 858 856 834 834 838 858 886 879 856 856 858 886 812 809 714 714 725 812 834 831 809 809 812 834 856 854 831 831 834 856 879 871 854 854 856 879 615 610 598 615 598 584 615 584 568 615 568 561 615 561 555 615 555 546 615 546 536 615 536 531 615 531 528 615 528 524 615 524 520 615 520 517 615 517 522 615 522 526 615 526 530 615 530 534 615 534 538 615 538 548 615 548 557 615 557 562 615 562 571 615 571 585 615 585 600 615 600 621 624 613 615 628 624 615 633 628 615 637 633 615 642 637 615 647 642 615 651 647 615 656 651 615 660 656 615 667 660 615 672 667 615 676 672 615 674 676 615 670 674 615 662 670 615 658 662 615 653 658 615 650 653 615 643 650 615 640 643 615 636 640 615 629 636 615 625 629 615 617 625 615 611 663 680 680 610 611 663 687 694 694 680 663 687 697 707 707 694 687 697 706 709 709 707 697 709 706 699 699 688 695 695 709 699 688 665 678 678 695 688 665 618 621 621 678 665 416 406 258 406 398 258 398 390 258 390 383 258 383 369 258 369 350 258 350 341 258 341 321 258 321 310 258 310 289 258 289 282 258 282 253 258 253 241 258 241 231 258 231 211 258 211 202 258 202 175 258 175 163 258 163 143 258 143 136 258 136 127 258 127 120 258 120 112 258 112 98 258 98 113 258 113 121 258 121 130 258 130 137 258 137 145 258 145 166 258 166 176 258 176 203 258 203 214 258 214 233 258 233 243 258 243 264 258 264 284 258 284 291 258 291 313 258 313 323 258 323 344 258 344 352 258 352 372 258 372 385 258 385 392 258 392 400 258 400 409 258 409 416 258 415 427 411 411 407 415 407 411 403 403 399 407 399 403 394 394 391 399 391 394 387 387 382 391 382 387 374 374 370 382 370 374 353 353 349 370 349 353 345 345 342 349 342 345 326 326 322 342 322 326 314 314 311 322 311 314 294 294 290 311 290 294 285 285 281 290 281 285 268 268 254 281 254 268 245 245 242 254 242 245 236 236 232 242 232 236 215 215 212 232 212 215 206 206 201 212 201 206 179 179 174 201 174 179 167 167 164 174 164 167 148 148 144 164 144 148 139 139 135 144 135 139 131 131 128 135 128 131 124 124 119 128 119 124 115 115 111 119 111 115 108 108 97 111 97 108 117 117 114 97 114 117 125 125 122 114 122 125 133 133 129 122 129 133 142 142 138 129 138 142 150 150 146 138 146 150 169 169 165 146 165 169 181 181 177 165 177 181 208 208 204 177 204 208 217 217 213 204 213 217 238 238 234 213 234 238 247 247 244 234 244 247 271 271 263 244 263 271 288 288 283 263 283 288 296 296 292 283 292 296 316 316 312 292 312 316 327 327 324 312 324 327 347 347 343 324 343 347 355 355 351 343 351 355 376 376 371 351 371 376 388 388 384 371 384 388 397 397 393 384 393 397 404 404 401 393 401 404 412 412 408 401 408 412 427 427 415 408 514 410 426 426 711 514 504 402 410 410 514 504 492 395 402 402 504 492 481 386 395 395 492 481 468 373 386 386 481 468 456 354 373 373 468 456 442 346 354 354 456 442 425 325 346 346 442 425 366 315 325 325 425 366 336 293 315 315 366 336 303 286 293 293 336 303 265 269 286 286 303 265 224 246 269 269 265 224 192 235 246 246 224 192 159 216 235 235 192 159 105 205 216 216 159 105 92 178 205 205 105 92 79 168 178 178 92 79 65 147 168 168 79 65 52 140 147 147 65 52 36 132 140 140 52 36 26 123 132 132 36 26 15 116 123 123 26 15 4 107 116 116 15 4 18 118 107 107 4 18 27 126 118 118 18 27 39 134 126 126 27 39 54 141 134 134 39 54 67 149 141 141 54 67 82 170 149 149 67 82 94 180 170 170 82 94 110 207 180 180 94 110 162 218 207 207 110 162 194 237 218 218 162 194 228 248 237 237 194 228 273 270 248 248 228 273 306 287 270 270 273 306 338 295 287 287 306 338 367 317 295 295 338 367 429 328 317 317 367 429 443 348 328 328 429 443 458 356 348 348 443 458 469 375 356 356 458 469 484 389 375 375 469 484 493 396 389 389 484 493 505 405 396 396 493 505 515 413 405 405 505 515 711 426 413 413 515 711 278 433 414 320 446 433 380 472 446 448 620 472 414 252 278 433 278 320 446 320 380 472 380 448 447 379 471 471 609 447 414 432 274 432 445 319 445 471 379 274 252 414 319 274 432 379 319 445 230 256 448 448 431 230 187 230 431 431 378 187 152 187 378 378 340 152 96 152 340 340 309 96 84 96 309 309 280 84 77 84 280 280 250 77 58 77 250 250 240 58 46 58 240 240 210 46 40 46 210 210 200 40 30 40 200 200 183 30 10 30 183 183 173 10 0 10 173 173 171 0 19 0 171 171 172 19 29 19 172 172 182 29 31 29 182 182 197 31 45 31 197 197 209 45 57 45 209 209 239 57 76 57 239 239 249 76 83 76 249 249 279 83 95 83 279 279 308 95 151 95 308 308 339 151 196 151 339 339 377 196 229 196 377 377 430 229 255 229 430 430 447 255 712 710 511 511 513 712 513 511 501 501 503 513 503 501 489 489 491 503 491 489 479 479 482 491 482 479 465 465 467 482 467 465 454 454 457 467 457 454 439 439 441 457 441 439 421 421 424 441 424 421 359 359 365 424 365 359 330 330 335 365 335 330 299 299 304 335 304 299 260 260 266 304 266 260 221 221 225 266 225 221 189 189 193 225 193 189 155 155 160 193 160 155 101 101 106 160 106 101 87 87 91 106 91 87 74 74 80 91 80 74 62 62 64 80 64 62 49 49 51 64 51 49 34 34 37 51 37 34 23 23 25 37 25 23 13 13 16 25 16 13 2 2 3 16 3 2 14 14 17 3 17 14 24 24 28 17 28 24 35 35 38 28 38 35 50 50 53 38 53 50 63 63 66 53 66 63 78 78 81 66 81 78 90 90 93 81 93 90 104 104 109 93 109 104 158 158 161 109 161 158 191 191 195 161 195 191 226 226 227 195 227 226 267 267 272 227 272 267 305 305 307 272 307 305 334 334 337 307 337 334 364 364 368 337 368 364 423 423 428 368 428 423 440 440 444 428 444 440 455 455 459 444 459 455 466 466 470 459 470 466 480 480 483 470 483 480 490 490 494 483 494 490 502 502 506 494 506 502 512 512 516 506 516 512 710 710 712 516 260 220 221 220 184 185 185 221 220 184 154 155 155 185 184 154 99 101 101 155 154 99 85 87 87 101 99 85 70 74 74 87 85 70 59 62 62 74 70 59 47 49 49 62 59 47 41 43 43 49 47 41 21 23 23 43 41 21 6 8 8 23 21 6 1 2 2 8 6 1 7 9 9 2 1 7 22 24 24 9 7 22 42 44 44 24 22 42 48 50 50 44 42 48 61 63 63 50 48 61 73 75 75 63 61 73 89 90 90 75 73 89 103 104 104 90 89 103 156 158 158 104 103 156 186 191 191 158 156 186 222 226 226 191 186 222 261 267 267 226 222 267 261 302 302 305 267 305 302 333 333 334 305 334 333 363 363 364 334 364 363 422 422 423 364 423 422 438 438 440 423 440 438 451 451 455 440 455 451 462 462 466 455 466 462 476 476 480 466 480 476 487 487 490 480 490 487 497 497 502 490 502 497 509 509 512 502 512 509 708 708 710 512 261 300 302 331 333 302 302 300 331 360 363 333 333 331 360 420 422 363 363 360 420 434 438 422 422 420 434 449 451 438 438 434 449 461 462 451 451 449 461 475 476 462 462 461 475 485 487 476 476 475 485 495 497 487 487 485 495 508 509 497 497 495 508 679 708 509 509 508 679 299 298 260 299 330 329 329 298 299 330 359 357 357 329 330 359 421 418 418 357 359 421 439 437 437 418 421 439 454 453 453 437 439 454 465 463 463 453 454 465 479 477 477 463 465 479 489 488 488 477 479 489 501 498 498 488 489 501 511 510 510 498 501 511 710 709 709 510 511 362 262 255 255 450 362 486 450 255 255 681 486 609 681 255 255 447 609 620 448 256 256 358 622 677 622 358 677 452 695 473 620 599 472 599 586 472 586 570 472 570 563 446 472 563 446 563 556 446 556 549 446 549 537 433 446 537 433 537 533 433 533 529 433 529 525 414 433 525 414 525 521 414 521 518 414 518 519 432 414 519 432 519 523 432 523 527 432 527 532 445 432 532 445 532 535 445 535 547 445 547 554 471 445 554 471 554 560 471 560 569 471 569 583 471 583 597 471 597 609 332 301 262 262 362 332 435 419 361 361 450 435 474 460 450 450 486 474 507 496 486 486 681 507 765 770 773 773 761 765 753 758 761 761 750 753 742 745 750 750 738 742 729 733 738 738 726 729 718 721 726 726 713 718 719 715 713 713 724 719 732 727 724 724 735 732 743 739 735 735 748 743 755 751 748 748 759 755 768 764 759 759 772 768 780 775 772 772 784 780 792 788 784 784 796 792 803 799 796 796 807 803 801 806 807 807 798 801 790 794 798 798 786 790 778 781 786 786 773 778 379 447 430 379 430 377 379 377 339 379 339 308 318 379 308 308 279 318 279 249 318 318 249 239 239 276 318 276 239 209 275 198 199 276 209 197 276 197 182 182 251 276 251 182 172 251 172 171 251 171 173 173 277 251 277 173 183 277 183 200 277 200 210 210 320 277 320 210 240 320 240 250 320 250 280 280 381 320 381 280 309 381 309 340 380 340 378 380 378 431 380 431 448 695 510 709 696 499 500 695 498 510 695 488 498 695 478 488 695 464 478 695 452 464 677 436 452 677 417 436 677 358 417 257 329 357 256 297 329 256 259 297 219 259 256 256 230 219 187 219 230 188 219 187 188 187 152 152 153 188 96 153 152 100 153 96 84 86 100 100 96 84 86 84 77 77 71 86 71 77 69 69 59 71 59 69 56 56 47 59 47 56 40 40 32 47 32 40 30 30 21 32 20 21 30 11 21 20 5 1 11 11 20 5 5 19 1 19 12 1 12 19 29 29 22 12 22 29 31 31 33 22 55 48 33 33 31 55 68 60 48 48 55 68 68 76 60 76 72 60 72 76 83 83 88 72 88 83 95 95 102 88 151 157 102 102 95 151 157 151 196 196 190 157 190 196 229 229 223 190 223 229 255 255 262 223 
				</p>
			</triangles>
		</mesh>
	</geometry>
	<geometry id="Part-973pa4_dot_dat" name="Part-973pa4_dot_dat">
		<mesh>
			<source id="Part-973pa4_dot_dat-pos" name="Part-973pa4_dot_dat-pos">
				<float_array id="Part-973pa4_dot_dat-pos-array" count="5391">
					-19 29 -10 -19 29 -10 -19 29 10 -19 29 10 -19 32 -10 -19 32 -10 -19 32 -10 -19 32 10 -19 32 10 -19 32 10 -18 29.75 10 -18 30.5 10 -16.378 13.806 -10 -16.378 13.806 0 -16.378 13.806 0 -16.378 13.806 10 -16.37069 13.76365 -0.6525 -16.37069 13.76365 0.6525 -16.34901 13.63806 -1.294 -16.34901 13.63806 1.294 -16.31331 13.43121 -1.9135 -16.31331 13.43121 1.9135 -16.31 13.412 -10 -16.31 13.412 -1.9 -16.31 13.412 1.9 -16.31 13.412 10 -16.2641 13.14605 -2.5 -16.2641 13.14605 2.5 -16.20239 12.7885 -3.044 -16.20239 12.7885 3.044 -16.12903 12.36347 -3.5355 -16.12903 12.36347 3.5355 -16.123 12.329 -10 -16.123 12.329 -3.5 -16.123 12.329 3.5 -16.123 12.329 10 -16.04548 11.87934 -3.967 -16.04548 11.87934 3.967 -16 23.37 -6 -16 23.37 -6 -16 23.37 6 -16 23.37 6 -16 32 -6 -16 32 -6 -16 32 -6 -16 32 6 -16 32 6 -16 32 6 -15.953 11.3435 -4.33 -15.953 11.3435 4.33 -15.85329 10.7658 -4.6195 -15.85329 10.7658 4.6195 -15.851 10.753 -10 -15.851 10.753 -4.6 -15.851 10.753 4.6 -15.851 10.753 10 -15.74798 10.15559 -4.8295 -15.74798 10.15559 4.8295 -15.63892 9.523712 -4.957 -15.63892 9.523712 4.957 -15.528 8.881 -10 -15.528 8.881 -5 -15.528 8.881 -5 -15.528 8.881 5 -15.528 8.881 5 -15.528 8.881 10 -15.41707 8.238287 -4.957 -15.41707 8.238287 4.957 -15.30802 7.60641 -4.8295 -15.30802 7.60641 4.8295 -15.205 7.01 -10 -15.205 7.01 -4.6 -15.205 7.01 4.6 -15.205 7.01 10 -15.2027 6.996202 -4.6195 -15.2027 6.996202 4.6195 -15.103 6.418499 -4.33 -15.103 6.418499 4.33 -15.01052 5.882659 -3.967 -15.01052 5.882659 3.967 -14.933 5.434 -10 -14.933 5.434 -3.5 -14.933 5.434 3.5 -14.933 5.434 10 -14.92696 5.398532 -3.5355 -14.92696 5.398532 3.5355 -14.85361 4.973505 -3.044 -14.85361 4.973505 3.044 -14.7919 4.61595 -2.5 -14.7919 4.61595 2.5 -14.746 4.35 -10 -14.746 4.35 -1.9 -14.746 4.35 1.9 -14.746 4.35 10 -14.74268 4.330792 -1.9135 -14.74268 4.330792 1.9135 -14.70698 4.123942 -1.294 -14.70698 4.123942 1.294 -14.68531 3.998354 -0.6525 -14.68531 3.998354 0.6525 -14.678 3.956 -10 -14.678 3.956 0 -14.678 3.956 0 -14.678 3.956 10 -14.408 14.146 -6 -14.408 14.146 0 -14.408 14.146 0 -14.408 14.146 6 -14.40069 14.10365 -0.6525 -14.40069 14.10365 0.6525 -14.37901 13.97806 -1.294 -14.37901 13.97806 1.294 -14.345 2 -10 -14.345 2 -10 -14.345 2 -10 -14.345 2 10 -14.345 2 10 -14.345 2 10 -14.34331 13.77121 -1.9135 -14.34331 13.77121 1.9135 -14.34 13.752 -6 -14.34 13.752 -1.9 -14.34 13.752 1.9 -14.34 13.752 6 -14.2941 13.48605 -2.5 -14.2941 13.48605 2.5 -14.23239 13.1285 -3.044 -14.23239 13.1285 3.044 -14.15903 12.70347 -3.5355 -14.15903 12.70347 3.5355 -14.153 12.669 -6 -14.153 12.669 -3.5 -14.153 12.669 3.5 -14.153 12.669 6 -14.1 8.1 10 -14.07548 12.21934 -3.967 -14.07548 12.21934 3.967 -14 0 -8 -14 0 -8 -14 0 -8 -14 0 8 -14 0 8 -14 0 8 -14 7.3 10 -13.983 11.6835 -4.33 -13.983 11.6835 4.33 -13.8833 11.1058 -4.6195 -13.8833 11.1058 4.6195 -13.881 11.093 -6 -13.881 11.093 -4.6 -13.881 11.093 4.6 -13.881 11.093 6 -13.77798 10.49559 -4.8295 -13.77798 10.49559 4.8295 -13.7 8.7 10 -13.66892 9.863712 -4.957 -13.66892 9.863712 4.957 -13.558 9.221 -6 -13.558 9.221 -5 -13.558 9.221 -5 -13.558 9.221 5 -13.558 9.221 5 -13.558 9.221 6 -13.44707 8.578287 -4.957 -13.44707 8.578287 4.957 -13.4 9.9 10 -13.33802 7.94641 -4.8295 -13.33802 7.94641 4.8295 -13.235 7.35 -6 -13.235 7.35 -4.6 -13.235 7.35 4.6 -13.235 7.35 6 -13.2327 7.336202 -4.6195 -13.2327 7.336202 4.6195 -13.133 6.7585 -4.33 -13.133 6.7585 4.33 -13.1 13.1 10 -13.04052 6.22266 -3.967 -13.04052 6.22266 3.967 -13 7.4 10 -12.963 5.774 -6 -12.963 5.774 -3.5 -12.963 5.774 3.5 -12.963 5.774 6 -12.95696 5.738532 -3.5355 -12.95696 5.738532 3.5355 -12.88361 5.313505 -3.044 -12.88361 5.313505 3.044 -12.8219 4.95595 -2.5 -12.8219 4.95595 2.5 -12.8 8.1 10 -12.776 4.69 -6 -12.776 4.69 -1.9 -12.776 4.69 1.9 -12.776 4.69 6 -12.77269 4.670792 -1.9135 -12.77269 4.670792 1.9135 -12.73698 4.463942 -1.294 -12.73698 4.463942 1.294 -12.71531 4.338355 -0.6525 -12.71531 4.338355 0.6525 -12.708 4.296 -6 -12.708 4.296 0 -12.708 4.296 0 -12.708 4.296 6 -12.484 3 -6 -12.484 3 -6 -12.484 3 -6 -12.484 3 6 -12.484 3 6 -12.484 3 6 -12.4 10.3 10 -12.2 13 10 -12.2 17.3 10 -12 0 -10 -12 0 -10 -12 0 -10 -12 0 10 -12 0 10 -12 0 10 -11.8 9.2 10 -11.6 3.1 10 -11.1 17.1 10 -10.8 1 10 -10.8 20.5 10 -10.7 3.4 10 -10.25 31 10 -9.9 20.1 10 -9.85 9.1 10 -9.8 1 10 -9.7 8.8 10 -9.5 23.5 10 -9.5 30 10 -9.25 32 10 -9.05 12.3 10 -9 31.25 10 -8.9 16.7 10 -8.85 8 10 -8.8 25.1 10 -8.7 20 10 -8.6 23.1 10 -8.3 3.7 10 -8.2 22.8 10 -8 0.9 10 -7.8 24.5 10 -7.5 32 10 -7.3 30.8 10 -7.2 29.4 10 -6.536 3 -6 -6.536 3 6 -6.536 32 -6 -6.536 32 -6 -6.536 32 6 -6.536 32 6 -6.3 0.9 10 -6.000451 -12 0 -6 -12 0 -6.000451 -4 0 -6 0 0 -5.949534 -12 -0.7832578 -5.949534 -12 0.7832578 -5.949534 -4 -0.7832578 -5.949534 -4 0.7832578 -5.9484 -12 -0.783 -5.9484 -12 0.783 -5.9484 -4 -0.783 -5.9484 -4 0.783 -5.9484 0 -0.783 -5.9484 0 0.783 -5.795938 -12 -1.552938 -5.7954 -12 -1.5528 -5.795938 -12 1.552938 -5.7954 -12 1.5528 -5.7954 -4 -1.5528 -5.7954 -4 1.5528 -5.7954 0 -1.5528 -5.7954 0 1.5528 -5.5434 -12 -2.2962 -5.543904 -12 -2.296312 -5.543904 -12 2.296312 -5.5434 -12 2.2962 -5.5434 -4 -2.2962 -5.543904 -4 2.296312 -5.5434 0 -2.2962 -5.5434 0 2.2962 -5.196402 -12 -3.000225 -5.196 -12 -3 -5.196402 -12 3.000225 -5.196 -12 3 -5.196402 -4 -3.000225 -5.196402 -4 3.000225 -5.196 0 -3 -5.196 0 3 -4.760222 -12 -3.652799 -4.7604 -12 -3.6528 -4.760222 -12 3.652799 -4.7604 -12 3.6528 -4.760222 -4 -3.652799 -4.760222 -4 3.652799 -4.7604 0 -3.6528 -4.7604 0 3.6528 -4.2426 -12 -4.2426 -4.243 -12 -4.243 -4.2426 -12 4.2426 -4.243 -12 4.243 -4.2426 -4 -4.2426 -4.243 -4 4.243 -4.2426 0 -4.2426 -4.2426 0 4.2426 -4 1 10 -4 3 -6 -4 3 -3.464 -4 3 -3.464 -4 3 3.464 -4 3 3.464 -4 3 6 -4 32 -6 -4 32 -6 -4 32 -3.464 -4 32 -3.464 -4 32 -3.464 -4 32 3.464 -4 32 3.464 -4 32 3.464 -4 32 6 -4 32 6 -3.6528 -12 -4.7604 -3.652799 -12 -4.760222 -3.6528 -12 4.7604 -3.6528 -4 -4.7604 -3.6528 -4 4.7604 -3.6528 0 -4.7604 -3.6528 0 4.7604 -3.000225 -12 -5.196402 -3 -12 -5.196 -3 -12 5.196 -3.000225 -4 -5.196402 -3 -4 5.196 -3 0 -5.196 -3 0 5.196 -2.8 1.2 10 -2.2962 -12 -5.5434 -2.296312 -12 -5.543904 -2.2962 -12 5.5434 -2.2962 -4 -5.5434 -2.2962 -4 5.5434 -2.2962 0 -5.5434 -2.2962 0 5.5434 -1.552938 -12 -5.795938 -1.5528 -12 -5.7954 -1.5528 -12 5.7954 -1.5528 -4 -5.7954 -1.5528 -4 5.7954 -1.5528 0 -5.7954 -1.5528 0 5.7954 -0.7832578 -12 -5.949534 -0.783 -12 -5.9484 -0.783 -12 5.9484 -0.7832578 -4 -5.949534 -0.783 -4 -5.9484 -0.783 -4 5.9484 -0.783 0 -5.9484 -0.783 0 5.9484 0 -12 -6 0 -12 -6.000451 0 -12 0 0 -12 6 0 -4 -6 0 -4 6 0 0 -6 0 0 6 0.7832578 -12 -5.949534 0.783 -12 -5.9484 0.783 -12 5.9484 0.7832578 -4 -5.949534 0.783 -4 -5.9484 0.783 -4 5.9484 0.783 0 -5.9484 0.783 0 5.9484 1.5528 -12 -5.7954 1.552938 -12 -5.795938 1.5528 -12 5.7954 1.5528 -4 -5.7954 1.5528 -4 5.7954 1.5528 0 -5.7954 1.5528 0 5.7954 2.296312 -12 -5.543904 2.2962 -12 -5.5434 2.2962 -12 5.5434 2.296312 -4 -5.543904 2.2962 -4 5.5434 2.2962 0 -5.5434 2.2962 0 5.5434 3.000225 -12 -5.196402 3 -12 -5.196 3 -12 5.196 3 -4 -5.196 3 -4 5.196 3 0 -5.196 3 0 5.196 3 1.1 10 3.6528 -12 -4.7604 3.652799 -12 -4.760222 3.6528 -12 4.7604 3.652799 -4 -4.760222 3.6528 -4 4.7604 3.6528 0 -4.7604 3.6528 0 4.7604 4 3 -6 4 3 -3.464 4 3 -3.464 4 3 3.464 4 3 3.464 4 3 6 4 32 -6 4 32 -6 4 32 -3.464 4 32 -3.464 4 32 -3.464 4 32 3.464 4 32 3.464 4 32 3.464 4 32 6 4 32 6 4.1 1.1 10 4.243 -12 -4.243 4.2426 -12 -4.2426 4.2426 -12 4.2426 4.243 -12 4.243 4.2426 -4 -4.2426 4.2426 -4 4.2426 4.2426 0 -4.2426 4.2426 0 4.2426 4.7604 -12 -3.6528 4.760222 -12 -3.652799 4.7604 -12 3.6528 4.760222 -12 3.652799 4.7604 -4 -3.6528 4.760222 -4 3.652799 4.7604 0 -3.6528 4.7604 0 3.6528 5.196 -12 -3 5.196402 -12 -3.000225 5.196402 -12 3.000225 5.196 -12 3 5.196402 -4 -3.000225 5.196402 -4 3.000225 5.196 0 -3 5.196 0 3 5.543904 -12 -2.296312 5.5434 -12 -2.2962 5.5434 -12 2.2962 5.543904 -12 2.296312 5.5434 -4 -2.2962 5.5434 -4 2.2962 5.5434 0 -2.2962 5.5434 0 2.2962 5.7954 -12 -1.5528 5.795938 -12 -1.552938 5.795938 -12 1.552938 5.7954 -12 1.5528 5.7954 -4 -1.5528 5.7954 -4 1.5528 5.7954 0 -1.5528 5.7954 0 1.5528 5.9484 -12 -0.783 5.9484 -12 0.783 5.9484 -4 -0.783 5.9484 -4 0.783 5.9484 0 -0.783 5.9484 0 0.783 5.949534 -12 -0.7832578 5.949534 -12 0.7832578 5.949534 -4 -0.7832578 5.949534 -4 0.7832578 6 -12 0 6.000451 -12 0 6 -4 0 6 0 0 6.536 3 -6 6.536 3 6 6.536 32 -6 6.536 32 -6 6.536 32 6 6.536 32 6 6.8 1.1 10 7.3 8.5 10 7.5 12.5 10 7.5 13.25 10 7.5 16.7 10 7.6 4.8 10 7.7 4 10 7.8 19.6 10 8 1.2 10 8 3 10 8.2 2 10 8.2 22.3 10 8.3 9.8 10 8.5 9 10 8.9 24.9 10 9.3 29.2 10 9.7 26.7 10 9.8 22.1 10 9.8 31 10 9.9 32 10 10.6 1.4 10 10.75 31 10 10.9 22.4 10 11 19 10 11.25 32 10 11.75 30 10 11.8 1.4 10 11.8 9.8 10 11.9 8.6 10 12 0 -10 12 0 -10 12 0 -10 12 0 10 12 0 10 12 0 10 12 31 10 12.2 5.6 10 12.2 15.7 10 12.2 19 10 12.484 3 -6 12.484 3 -6 12.484 3 -6 12.484 3 6 12.484 3 6 12.484 3 6 12.708 4.296 -6 12.708 4.296 0 12.708 4.296 0 12.708 4.296 6 12.71531 4.338355 -0.6525 12.71531 4.338355 0.6525 12.73698 4.463942 -1.294 12.73698 4.463942 1.294 12.77269 4.670792 -1.9135 12.77269 4.670792 1.9135 12.776 4.69 -6 12.776 4.69 -1.9 12.776 4.69 1.9 12.776 4.69 6 12.8219 4.95595 -2.5 12.8219 4.95595 2.5 12.88361 5.313505 -3.044 12.88361 5.313505 3.044 12.9 11.3 10 12.95696 5.738532 -3.5355 12.95696 5.738532 3.5355 12.963 5.774 -6 12.963 5.774 -3.5 12.963 5.774 3.5 12.963 5.774 6 13.04052 6.22266 -3.967 13.04052 6.22266 3.967 13.1 11.6 10 13.133 6.7585 -4.33 13.133 6.7585 4.33 13.2 15.5 10 13.2327 7.336202 -4.6195 13.2327 7.336202 4.6195 13.235 7.35 -6 13.235 7.35 -4.6 13.235 7.35 4.6 13.235 7.35 6 13.3 5.3 10 13.33802 7.94641 -4.8295 13.33802 7.94641 4.8295 13.44707 8.578287 -4.957 13.44707 8.578287 4.957 13.5 7.9 10 13.5 8.3 10 13.558 9.221 -6 13.558 9.221 -5 13.558 9.221 -5 13.558 9.221 5 13.558 9.221 5 13.558 9.221 6 13.66892 9.863712 -4.957 13.66892 9.863712 4.957 13.77798 10.49559 -4.8295 13.77798 10.49559 4.8295 13.881 11.093 -6 13.881 11.093 -4.6 13.881 11.093 4.6 13.881 11.093 6 13.8833 11.1058 -4.6195 13.8833 11.1058 4.6195 13.983 11.6835 -4.33 13.983 11.6835 4.33 14 0 -8 14 0 -8 14 0 -8 14 0 8 14 0 8 14 0 8 14.07548 12.21934 -3.967 14.07548 12.21934 3.967 14.1 10.7 10 14.153 12.669 -6 14.153 12.669 -3.5 14.153 12.669 3.5 14.153 12.669 6 14.15903 12.70347 -3.5355 14.15903 12.70347 3.5355 14.2 9.3 10 14.23239 13.1285 -3.044 14.23239 13.1285 3.044 14.2941 13.48605 -2.5 14.2941 13.48605 2.5 14.3 11.5 10 14.34 13.752 -6 14.34 13.752 -1.9 14.34 13.752 1.9 14.34 13.752 6 14.34331 13.77121 -1.9135 14.34331 13.77121 1.9135 14.345 2 -10 14.345 2 -10 14.345 2 -10 14.345 2 10 14.345 2 10 14.345 2 10 14.37901 13.97806 -1.294 14.37901 13.97806 1.294 14.40069 14.10365 -0.6525 14.40069 14.10365 0.6525 14.408 14.146 -6 14.408 14.146 0 14.408 14.146 0 14.408 14.146 6 14.678 3.956 -10 14.678 3.956 0 14.678 3.956 0 14.678 3.956 10 14.68531 3.998354 -0.6525 14.68531 3.998354 0.6525 14.7 7.7 10 14.70698 4.123942 -1.294 14.70698 4.123942 1.294 14.74268 4.330792 -1.9135 14.74268 4.330792 1.9135 14.746 4.35 -10 14.746 4.35 -1.9 14.746 4.35 1.9 14.746 4.35 10 14.7919 4.61595 -2.5 14.7919 4.61595 2.5 14.85361 4.973505 -3.044 14.85361 4.973505 3.044 14.92696 5.398532 -3.5355 14.92696 5.398532 3.5355 14.933 5.434 -10 14.933 5.434 -3.5 14.933 5.434 3.5 14.933 5.434 10 15.01052 5.882659 -3.967 15.01052 5.882659 3.967 15.103 6.418499 -4.33 15.103 6.418499 4.33 15.2027 6.996202 -4.6195 15.2027 6.996202 4.6195 15.205 7.01 -10 15.205 7.01 -4.6 15.205 7.01 4.6 15.205 7.01 10 15.30802 7.60641 -4.8295 15.30802 7.60641 4.8295 15.41707 8.238287 -4.957 15.41707 8.238287 4.957 15.528 8.881 -10 15.528 8.881 -5 15.528 8.881 -5 15.528 8.881 5 15.528 8.881 5 15.528 8.881 10 15.63892 9.523712 -4.957 15.63892 9.523712 4.957 15.74798 10.15559 -4.8295 15.74798 10.15559 4.8295 15.851 10.753 -10 15.851 10.753 -4.6 15.851 10.753 4.6 15.851 10.753 10 15.85329 10.7658 -4.6195 15.85329 10.7658 4.6195 15.953 11.3435 -4.33 15.953 11.3435 4.33 16 23.37 -6 16 23.37 -6 16 23.37 6 16 23.37 6 16 32 -6 16 32 -6 16 32 -6 16 32 6 16 32 6 16 32 6 16.04548 11.87934 -3.967 16.04548 11.87934 3.967 16.123 12.329 -10 16.123 12.329 -3.5 16.123 12.329 3.5 16.123 12.329 10 16.12903 12.36347 -3.5355 16.12903 12.36347 3.5355 16.20239 12.7885 -3.044 16.20239 12.7885 3.044 16.2641 13.14605 -2.5 16.2641 13.14605 2.5 16.31 13.412 -10 16.31 13.412 -1.9 16.31 13.412 1.9 16.31 13.412 10 16.31331 13.43121 -1.9135 16.31331 13.43121 1.9135 16.34901 13.63806 -1.294 16.34901 13.63806 1.294 16.37069 13.76365 -0.6525 16.37069 13.76365 0.6525 16.378 13.806 -10 16.378 13.806 0 16.378 13.806 0 16.378 13.806 10 18.5 31 10 18.5 31.75 10 19 29 -10 19 29 -10 19 29 10 19 29 10 19 32 -10 19 32 -10 19 32 -10 19 32 10 19 32 10 19 32 10 3.652799 -12 4.760222 4.243 -12 4.243 4.243 -4 4.243 3.652799 -4 4.760222 3.000225 -12 5.196402 3.000225 -4 5.196402 2.296312 -12 5.543904 2.296312 -4 5.543904 1.552938 -12 5.795938 1.552938 -4 5.795938 0.7832578 -12 5.949534 0.7832578 -4 5.949534 0 -12 6.000451 0 -4 6.000451 -0.7832578 -12 5.949534 -0.7832578 -4 5.949534 -1.552938 -12 5.795938 -1.552938 -4 5.795938 -2.296312 -12 5.543904 -2.296312 -4 5.543904 -3.000225 -12 5.196402 -3.000225 -4 5.196402 -3.652799 -12 4.760222 -3.652799 -4 4.760222 -4.243 -12 4.243 -4.243 -4 4.243 2.68624 21.6088 10 1.89312 21.5044 10 1.9 21.4 10 2.7 21.4 10 2.64544 21.81408 10 1.87272 21.60704 10 2.57824 22.01232 10 1.83912 21.70616 10 2.4856 22.2 10 1.7928 21.8 10 2.36944 22.37408 10 1.73472 21.88704 10 2.23136 22.53136 10 1.66568 21.96568 10 2.07408 22.66944 10 1.58704 22.03472 10 1.9 22.7856 10 1.5 22.0928 10 1.71232 22.87824 10 1.40616 22.13912 10 1.51408 22.94544 10 1.30704 22.17272 10 1.3088 22.98624 10 1.2044 22.19312 10 1.1 23 10 1.1 22.2 10 0.8912 22.98624 10 0.9956 22.19312 10 0.68592 22.94544 10 0.89296 22.17272 10 0.48768 22.87824 10 0.7938401 22.13912 10 0.3 22.7856 10 0.7 22.0928 10 0.12592 22.66944 10 0.61296 22.03472 10 -0.03135995 22.53136 10 0.5343201 21.96568 10 -0.16944 22.37408 10 0.46528 21.88704 10 -0.2856 22.2 10 0.4072 21.8 10 -0.37824 22.01232 10 0.36088 21.70616 10 -0.44544 21.81408 10 0.32728 21.60704 10 -0.48624 21.6088 10 0.30688 21.5044 10 -0.5 21.4 10 0.3 21.4 10 -0.48624 21.1912 10 0.30688 21.2956 10 -0.44544 20.98592 10 0.32728 21.19296 10 -0.37824 20.78768 10 0.36088 21.09384 10 -0.2856 20.6 10 0.4072 21 10 -0.16944 20.42592 10 0.46528 20.91296 10 -0.03135995 20.26864 10 0.5343201 20.83432 10 0.12592 20.13056 10 0.61296 20.76528 10 0.3 20.0144 10 0.7 20.7072 10 0.48768 19.92176 10 0.7938401 20.66088 10 0.68592 19.85456 10 0.89296 20.62728 10 0.8912 19.81376 10 0.9956 20.60688 10 1.1 19.8 10 1.1 20.6 10 1.3088 19.81376 10 1.2044 20.60688 10 1.51408 19.85456 10 1.30704 20.62728 10 1.71232 19.92176 10 1.40616 20.66088 10 1.9 20.0144 10 1.5 20.7072 10 2.07408 20.13056 10 1.58704 20.76528 10 2.23136 20.26864 10 1.66568 20.83432 10 2.36944 20.42592 10 1.73472 20.91296 10 2.4856 20.6 10 1.7928 21 10 2.57824 20.78768 10 1.83912 21.09384 10 2.64544 20.98592 10 1.87272 21.19296 10 2.68624 21.1912 10 1.89312 21.2956 10 2.68624 26.1088 10 1.89312 26.0044 10 1.9 25.9 10 2.7 25.9 10 2.64544 26.31408 10 1.87272 26.10704 10 2.57824 26.51232 10 1.83912 26.20616 10 2.4856 26.7 10 1.7928 26.3 10 2.36944 26.87408 10 1.73472 26.38704 10 2.23136 27.03136 10 1.66568 26.46568 10 2.07408 27.16944 10 1.58704 26.53472 10 1.9 27.2856 10 1.5 26.5928 10 1.71232 27.37824 10 1.40616 26.63912 10 1.51408 27.44544 10 1.30704 26.67272 10 1.3088 27.48624 10 1.2044 26.69312 10 1.1 27.5 10 1.1 26.7 10 0.8912 27.48624 10 0.9956 26.69312 10 0.68592 27.44544 10 0.89296 26.67272 10 0.48768 27.37824 10 0.7938401 26.63912 10 0.3 27.2856 10 0.7 26.5928 10 0.12592 27.16944 10 0.61296 26.53472 10 -0.03135995 27.03136 10 0.5343201 26.46568 10 -0.16944 26.87408 10 0.46528 26.38704 10 -0.2856 26.7 10 0.4072 26.3 10 -0.37824 26.51232 10 0.36088 26.20616 10 -0.44544 26.31408 10 0.32728 26.10704 10 -0.48624 26.1088 10 0.30688 26.0044 10 -0.5 25.9 10 0.3 25.9 10 -0.48624 25.6912 10 0.30688 25.7956 10 -0.44544 25.48592 10 0.32728 25.69296 10 -0.37824 25.28768 10 0.36088 25.59384 10 -0.2856 25.1 10 0.4072 25.5 10 -0.16944 24.92592 10 0.46528 25.41296 10 -0.03135995 24.76864 10 0.5343201 25.33432 10 0.12592 24.63056 10 0.61296 25.26528 10 0.3 24.5144 10 0.7 25.2072 10 0.48768 24.42176 10 0.7938401 25.16088 10 0.68592 24.35456 10 0.89296 25.12728 10 0.8912 24.31376 10 0.9956 25.10688 10 1.1 24.3 10 1.1 25.1 10 1.3088 24.31376 10 1.2044 25.10688 10 1.51408 24.35456 10 1.30704 25.12728 10 1.71232 24.42176 10 1.40616 25.16088 10 1.9 24.5144 10 1.5 25.2072 10 2.07408 24.63056 10 1.58704 25.26528 10 2.23136 24.76864 10 1.66568 25.33432 10 2.36944 24.92592 10 1.73472 25.41296 10 2.4856 25.1 10 1.7928 25.5 10 2.57824 25.28768 10 1.83912 25.59384 10 2.64544 25.48592 10 1.87272 25.69296 10 2.68624 25.6912 10 1.89312 25.7956 10 2.58624 30.5088 10 1.79312 30.4044 10 1.8 30.3 10 2.6 30.3 10 2.54544 30.71408 10 1.77272 30.50704 10 2.47824 30.91232 10 1.73912 30.60616 10 2.3856 31.1 10 1.6928 30.7 10 2.26944 31.27408 10 1.63472 30.78704 10 2.13136 31.43136 10 1.56568 30.86568 10 1.97408 31.56944 10 1.48704 30.93472 10 1.8 31.6856 10 1.4 30.9928 10 1.61232 31.77824 10 1.30616 31.03912 10 1.41408 31.84544 10 1.20704 31.07272 10 1.2088 31.88624 10 1.1044 31.09312 10 1 31.9 10 1 31.1 10 0.7912 31.88624 10 0.8956 31.09312 10 0.58592 31.84544 10 0.79296 31.07272 10 0.38768 31.77824 10 0.69384 31.03912 10 0.2 31.6856 10 0.6 30.9928 10 0.02591999 31.56944 10 0.51296 30.93472 10 -0.13136 31.43136 10 0.43432 30.86568 10 -0.26944 31.27408 10 0.36528 30.78704 10 -0.3856 31.1 10 0.3072 30.7 10 -0.47824 30.91232 10 0.26088 30.60616 10 -0.54544 30.71408 10 0.22728 30.50704 10 -0.5862401 30.5088 10 0.20688 30.4044 10 -0.6 30.3 10 0.2 30.3 10 -0.5862401 30.0912 10 0.20688 30.1956 10 -0.54544 29.88592 10 0.22728 30.09296 10 -0.47824 29.68768 10 0.26088 29.99384 10 -0.3856 29.5 10 0.3072 29.9 10 -0.26944 29.32592 10 0.36528 29.81296 10 -0.13136 29.16864 10 0.43432 29.73432 10 0.02591999 29.03056 10 0.51296 29.66528 10 0.2 28.9144 10 0.6 29.6072 10 0.38768 28.82176 10 0.69384 29.56088 10 0.58592 28.75456 10 0.79296 29.52728 10 0.7912 28.71376 10 0.8956 29.50688 10 1 28.7 10 1 29.5 10 1.2088 28.71376 10 1.1044 29.50688 10 1.41408 28.75456 10 1.20704 29.52728 10 1.61232 28.82176 10 1.30616 29.56088 10 1.8 28.9144 10 1.4 29.6072 10 1.97408 29.03056 10 1.48704 29.66528 10 2.13136 29.16864 10 1.56568 29.73432 10 2.26944 29.32592 10 1.63472 29.81296 10 2.3856 29.5 10 1.6928 29.9 10 2.47824 29.68768 10 1.73912 29.99384 10 2.54544 29.88592 10 1.77272 30.09296 10 2.58624 30.0912 10 1.79312 30.1956 10 -18 30.5 10 -18 29.75 10 -9.5 30 10 -10.25 31 10 -9 31.25 10 -9.25 32 10 12 31 10 11.75 30 10 18.5 31 10 18.5 31.75 10 10.75 31 10 11.25 32 10 -1.1 19.2 10 -0.1 19.3 10 -0.4 20 10 -1.2 20 10 -0.7 20.7 10 -1.3 20.6 10 -0.9 21.4 10 -1.6 21.4 10 -0.9 22 10 -1.6 22 10 -0.4 22.6 10 -1.1 22.8 10 -0.1 23.1 10 -0.8 23.4 10 0 23.7 10 -0.7 23.7 10 -0.8 24 10 -0.2 24.2 10 -0.5 24.6 10 -1.1 24.4 10 -0.8 25.3 10 -1.5 25 10 -1 25.9 10 -1.7 25.8 10 -1 26.5 10 -1.8 26.5 10 -0.7 27.2 10 -1.4 27.5 10 -0.1 27.8 10 -0.8 28.1 10 0.2 28.4 10 -0.7 28.5 10 -0.4 29 10 -1.1 28.9 10 -0.8 29.6 10 -1.4 29.4 10 -1 30.3 10 -1.7 30.3 10 -1 31 10 -1.6 31.1 10 -0.6 31.5 10 -1.2 31.7 10 0 32 10 -0.7 32 10 3.6 22.1 10 3.3 21.5 10 3.3 20.9 10 3.7 21.6 10 3.3 22.8 10 3.2 22 10 2.9 22.4 10 3.8 25.9 10 3.6 26.5 10 3.2 27 10 3.2 26.4 10 3.5 25.3 10 3.3 25.9 10 3.2 25.3 10 -3.9 24.2 10 -4.3 23.7 10 -4 23.4 10 -4.7 23.2 10 -4.2 22.9 10 -5.2 22.5 10 -4.6 22.3 10 -5.5 21.9 10 -4.8 22 10 -5.5 21.2 10 -4.8 21.2 10 -5.4 20.7 10 -4.9 20.4 10 -5.6 20.1 10 -5.2 19.8 10 -6.1 19.5 10 -5.8 19.1 10 -6.4 18.9 10 -6.3 18.5 10 -6.8 18.1 10 -2.7 8.1 10 -2 7.3 10 -1 8.5 10 -1.3 9 10 -1.5 9.7 10 -3.3 9.4 10 -1.6 10.4 10 -3.6 10.4 10 -1.6 10.9 10 -3.8 11.2 10 -1.3 11.4 10 -3.9 12.6 10 -0.8 11.7 10 -4 14.1 10 -1 7.9 10 -0.7 8.3 10 -1 9 10 0.9 8 10 1.6 8.3 10 -1 9.7 10 -0.4 7.8 10 -0.4 7.3 10 1.4 7.1 10 -1.5 6.4 10 -1 7.5 10 -1.5 7.1 10 1.7 6 10 -0.2 5.1 10 -1.6 5.4 10 0.5 5 10 1.7 5.4 10 0.5 4.7 10 1.4 4.6 10 0.3 4.5 10 0.7 4.1 10 -0.2 4 10 0.2 3.7 10 -2.1 4.5 10 -0.5 4.3 10 -1.9 4.2 10 -1.5 4.1 10 -2.8 3.7 10 -2.5 4.3 10 -2.2 5.2 10 -3.5 4.9 10 -1.5 3.7 10 -2.2 3.3 10 -4.1 4.1 10 -5.3 4.9 10 -5.5 4.5 10 -5.9 5.4 10 -6.6 4.7 10 -6.5 4 10 -5.9 3.9 10 -7.1 3.7 10 -5.9 1.5 10 -7.4 3.7 10 -6.3 0.9 10 -8.3 3.7 10 -8 0.9 10 -0.8 3.3 10 -0.1 3 10 -1.6 2.8 10 -0.9 2.4 10 -2.3 2.4 10 -1.6 2 10 -7.8 8 10 -8.85 8 10 -8 12.3 10 -9.05 12.3 10 -1 15.6 10 -4.1 15.1 10 -8.2 12.8 10 -4.1 15.8 10 1.3 17.3 10 -0.3 11.7 10 3.1 14.7 10 3.45 15.1 10 -0.1 11.2 10 2.9 12.1 10 2.1 9 10 -1 10.4 10 2.3 10 10 -1.1 10.8 10 -0.7 11.2 10 -0.9 11.1 10 2.6 10.9 10 -0.4 11.3 10 -8.9 16.7 10 -8.2 16.7 10 -8 20 10 -8.7 20 10 -7.5 22.7 10 -8.2 22.8 10 -7 24.3 10 -7.8 24.5 10 -8.6 23.1 10 -8.8 25.1 10 -9.5 23.5 10 -7 27 10 -7.3 27 10 -6.8 29.4 10 -7.2 29.4 10 -6.8 30.8 10 -7.3 30.8 10 -6.8 32 10 -7.5 32 10 6.6 12.4 10 6.45 13.1 10 7.5 12.5 10 6.5 8.2 10 7.3 8.5 10 7.5 13.25 10 6.7 5 10 7.6 4.8 10 5.8 4.1 10 5.7 5.1 10 5.6 4.4 10 4.5 4.9 10 4.6 4.1 10 3.1 5.2 10 3.1 3.6 10 2.1 5.2 10 2 3.3 10 1.2 4 10 1.1 3.4 10 -3.6 1.6 10 -2.8 1.2 10 -4.3 1.2 10 -4 1 10 0.9 2.4 10 1 3.1 10 2.1 1.9 10 2.3 2.6 10 3 1.1 10 4.1 1.1 10 7.7 4 10 6.2 3 10 8 3 10 6.2 1.9 10 8.2 2 10 6.8 1.1 10 8 1.2 10 -10.8 20.5 10 -9.9 20.1 10 -12.2 17.3 10 -11.1 17.1 10 -13.1 13.1 10 -12.2 13 10 -13.4 9.9 10 -12.4 10.3 10 -11.8 9.2 10 -9.849999 9.099999 10 -13.7 8.7 10 -12.8 8.1 10 -9.7 8.8 10 -13 7.4 10 -14.1 8.1 10 -10.7 3.4 10 -14 7.3 10 -11.6 3.1 10 -10.8 1 10 -9.8 1 10 6.45 16.8 10 7.5 16.7 10 7.8 19.6 10 7 19.9 10 7.4 22.5 10 8.2 22.3 10 8 25.9 10 8.9 24.9 10 9.7 26.7 10 8.3 27.8 10 8.5 29.3 10 9.3 29.2 10 8.8 31.1 10 9.8 31 10 8.9 32 10 9.9 32 10 9.8 22.1 10 10.9 22.4 10 11 19 10 12.2 19 10 12.2 15.7 10 13.2 15.5 10 13.1 11.6 10 14.3 11.5 10 12.9 11.3 10 14.1 10.7 10 8.3 9.8 10 11.8 9.8 10 8.5 9 10 11.9 8.6 10 13.5 8.3 10 14.2 9.3 10 13.5 7.9 10 14.7 7.7 10 12.2 5.6 10 13.3 5.3 10 11.8 1.4 10 10.6 1.4 10 2.6 28.7 10 1.2088 28.71376 10 1 28.7 10 1.41408 28.75456 10 1.61232 28.82176 10 1.8 28.9144 10 1.97408 29.03056 10 2.13136 29.16864 10 2.26944 29.32592 10 2.3856 29.5 10 2.47824 29.68768 10 2.54544 29.88592 10 2.58624 30.0912 10 2.6 30.3 10 2.6 31.9 10 2.58624 30.5088 10 2.54544 30.71408 10 2.47824 30.91232 10 2.3856 31.1 10 2.26944 31.27408 10 2.13136 31.43136 10 1.97408 31.56944 10 1.8 31.6856 10 1.61232 31.77824 10 1.41408 31.84544 10 1.2088 31.88624 10 1 31.9 10 2.7 24.3 10 1.3088 24.31376 10 1.1 24.3 10 1.51408 24.35456 10 1.71232 24.42176 10 1.9 24.5144 10 2.07408 24.63056 10 2.23136 24.76864 10 2.36944 24.92592 10 2.4856 25.1 10 2.57824 25.28768 10 2.64544 25.48592 10 2.68624 25.6912 10 2.7 25.9 10 2.7 27.5 10 2.68624 26.1088 10 2.64544 26.31408 10 2.57824 26.51232 10 2.4856 26.7 10 2.36944 26.87408 10 2.23136 27.03136 10 2.07408 27.16944 10 1.9 27.2856 10 1.71232 27.37824 10 1.51408 27.44544 10 1.3088 27.48624 10 1.1 27.5 10 2.7 19.8 10 1.3088 19.81376 10 1.1 19.8 10 1.51408 19.85456 10 1.71232 19.92176 10 1.9 20.0144 10 2.07408 20.13056 10 2.23136 20.26864 10 2.36944 20.42592 10 2.4856 20.6 10 2.57824 20.78768 10 2.64544 20.98592 10 2.68624 21.1912 10 2.7 21.4 10 2.7 23 10 2.68624 21.6088 10 2.64544 21.81408 10 2.57824 22.01232 10 2.4856 22.2 10 2.36944 22.37408 10 2.23136 22.53136 10 2.07408 22.66944 10 1.9 22.7856 10 1.71232 22.87824 10 1.51408 22.94544 10 1.3088 22.98624 10 1.1 23 10 -0.4 20 10 -0.1 19.3 10 0.4877 19.9218 10 -0.0314 20.2686 10 -0.7 20.7 10 -0.3782 20.7877 10 -0.9 21.4 10 -0.5 21.4 10 -0.9 22 10 -0.3782 22.0123 10 -0.4 22.6 10 -0.0314 22.5314 10 -0.1 23.1 10 0.4877 22.8782 10 0 23.7 10 -0.2 24.2 10 0.4877 24.4218 10 -0.5 24.6 10 -0.0314 24.7686 10 -0.8 25.3 10 -0.3782 25.2877 10 -1 25.9 10 -0.5 25.9 10 -1 26.5 10 -0.3782 26.5123 10 -0.7 27.2 10 -0.0314 27.0314 10 -0.1 27.8 10 0.4877 27.3782 10 0.2 28.4 10 0.3877 28.8218 10 -0.4 29 10 -0.1314 29.1686 10 -0.8 29.6 10 -0.4782 29.6877 10 -1 30.3 10 -0.6 30.3 10 -1 31 10 -0.4782 30.9123 10 -0.6 31.5 10 -0.1314 31.4314 10 0 32 10 0.3877 31.7782 10 1 32 10 2.6 32 10 -6.8 18.1 10 -8.2 16.7 10 -8.2 12.8 10 -4.1 15.8 10 -6.4 18.9 10 -8 20 10 -6.1 19.5 10 -7.5 22.7 10 -5.6 20.1 10 -5.5 21.2 10 -5.4 20.7 10 -5.5 21.9 10 -7 24.3 10 -5.2 22.5 10 -4.7 23.2 10 -6.3 18.5 10 -1.1 19.2 10 -5.8 19.1 10 -1.2 20 10 -5.2 19.8 10 -1.3 20.6 10 -4.9 20.4 10 -1.6 21.4 10 -4.8 21.2 10 -1.6 22 10 -4.8 22 10 -1.1 22.8 10 -4.6 22.3 10 -0.8 23.4 10 -4.2 22.9 10 -0.7 23.7 10 -4 23.4 10 -1.1 24.4 10 -3.9 24.2 10 -1.5 25 10 -0.8 24 10 -1.7 25.8 10 -4.3 23.7 10 -1.8 26.5 10 -7 27 10 -6.8 29.4 10 -1.4 27.5 10 -1.1 28.9 10 -0.8 28.1 10 -0.7 28.5 10 3.3 20.9 10 3.3 21.5 10 2.9 22.4 10 3.2 22 10 3.3 25.9 10 3.2 25.3 10 3.2 26.4 10 3.2 27 10 3.3 22.8 10 3.5 25.3 10 -1.4 29.4 10 -1.7 30.3 10 -6.8 30.8 10 -1.6 31.1 10 -6.8 32 10 -1.2 31.7 10 -0.7 32 10 1.3 17.3 10 3.45 15.1 10 8.5 29.3 10 8.8 31.1 10 8.9 32 10 8.3 27.8 10 3.6 26.5 10 8 25.9 10 3.8 25.9 10 3.6 22.1 10 7.4 22.5 10 7 19.9 10 3.7 21.6 10 6.45 16.8 10 6.45 13.1 10 1.1 20.6 10 1.2044 20.60688 10 1.1 21.4 10 1.30704 20.62728 10 1.40616 20.66088 10 1.5 20.7072 10 1.58704 20.76528 10 1.66568 20.83432 10 1.73472 20.91296 10 1.7928 21 10 1.83912 21.09384 10 1.87272 21.19296 10 1.89312 21.2956 10 1.9 21.4 10 1.89312 21.5044 10 1.87272 21.60704 10 1.83912 21.70616 10 1.7928 21.8 10 1.73472 21.88704 10 1.66568 21.96568 10 1.58704 22.03472 10 1.5 22.0928 10 1.40616 22.13912 10 1.30704 22.17272 10 1.2044 22.19312 10 1.1 22.2 10 0.9956 22.19312 10 0.89296 22.17272 10 0.7938401 22.13912 10 0.7 22.0928 10 0.61296 22.03472 10 0.5343201 21.96568 10 0.46528 21.88704 10 0.4072 21.8 10 0.36088 21.70616 10 0.32728 21.60704 10 0.30688 21.5044 10 0.3 21.4 10 0.30688 21.2956 10 0.32728 21.19296 10 0.36088 21.09384 10 0.4072 21 10 0.46528 20.91296 10 0.5343201 20.83432 10 0.61296 20.76528 10 0.7 20.7072 10 0.7938401 20.66088 10 0.89296 20.62728 10 0.9956 20.60688 10 1.1 25.1 10 1.2044 25.10688 10 1.1 25.9 10 1.30704 25.12728 10 1.40616 25.16088 10 1.5 25.2072 10 1.58704 25.26528 10 1.66568 25.33432 10 1.73472 25.41296 10 1.7928 25.5 10 1.83912 25.59384 10 1.87272 25.69296 10 1.89312 25.7956 10 1.9 25.9 10 1.89312 26.0044 10 1.87272 26.10704 10 1.83912 26.20616 10 1.7928 26.3 10 1.73472 26.38704 10 1.66568 26.46568 10 1.58704 26.53472 10 1.5 26.5928 10 1.40616 26.63912 10 1.30704 26.67272 10 1.2044 26.69312 10 1.1 26.7 10 0.9956 26.69312 10 0.89296 26.67272 10 0.7938401 26.63912 10 0.7 26.5928 10 0.61296 26.53472 10 0.5343201 26.46568 10 0.46528 26.38704 10 0.4072 26.3 10 0.36088 26.20616 10 0.32728 26.10704 10 0.30688 26.0044 10 0.3 25.9 10 0.30688 25.7956 10 0.32728 25.69296 10 0.36088 25.59384 10 0.4072 25.5 10 0.46528 25.41296 10 0.5343201 25.33432 10 0.61296 25.26528 10 0.7 25.2072 10 0.7938401 25.16088 10 0.89296 25.12728 10 0.9956 25.10688 10 1 29.5 10 1.1044 29.50688 10 1 30.3 10 1.20704 29.52728 10 1.30616 29.56088 10 1.4 29.6072 10 1.48704 29.66528 10 1.56568 29.73432 10 1.63472 29.81296 10 1.6928 29.9 10 1.73912 29.99384 10 1.77272 30.09296 10 1.79312 30.1956 10 1.8 30.3 10 1.79312 30.4044 10 1.77272 30.50704 10 1.73912 30.60616 10 1.6928 30.7 10 1.63472 30.78704 10 1.56568 30.86568 10 1.48704 30.93472 10 1.4 30.9928 10 1.30616 31.03912 10 1.20704 31.07272 10 1.1044 31.09312 10 1 31.1 10 0.8956 31.09312 10 0.79296 31.07272 10 0.69384 31.03912 10 0.6 30.9928 10 0.51296 30.93472 10 0.43432 30.86568 10 0.36528 30.78704 10 0.3072 30.7 10 0.26088 30.60616 10 0.22728 30.50704 10 0.20688 30.4044 10 0.2 30.3 10 0.20688 30.1956 10 0.22728 30.09296 10 0.26088 29.99384 10 0.3072 29.9 10 0.36528 29.81296 10 0.43432 29.73432 10 0.51296 29.66528 10 0.6 29.6072 10 0.69384 29.56088 10 0.79296 29.52728 10 0.8956 29.50688 10 -0.3 11.7 10 -0.4 11.3 10 -0.09999999 11.2 10 -0.8 11.7 10 -0.7 11.2 10 -1.3 11.4 10 -0.9 11.1 10 -1.6 10.9 10 -1.1 10.8 10 -1.6 10.4 10 -1 10.4 10 -1.5 9.7 10 -1 9.7 10 -1.3 9 10 -1 9 10 -1 8.5 10 -6.6 4.7 10 -7.4 3.7 10 -7.1 3.7 10 -6.5 4 10 -7.8 8 10 -5.9 5.4 10 -3.3 9.4 10 -2.7 8.1 10 -5.3 4.9 10 -2 7.3 10 -2.2 5.2 10 -3.5 4.9 10 -1.6 5.4 10 -1.5 6.4 10 -1 7.9 10 -1 7.5 10 -0.4 7.3 10 -0.4 7.8 10 -1.5 7.1 10 -2.5 4.3 10 -2.1 4.5 10 -1.9 4.2 10 -1.5 4.1 10 -1.5 3.7 10 -0.8 3.3 10 -0.2 4 10 -0.5 4.3 10 0.3 4.5 10 0.5 5 10 0.5 4.7 10 -2.2 3.3 10 -1.6 2.8 10 -3.6 10.4 10 -8 12.3 10 -3.8 11.2 10 -3.9 12.6 10 -4.1 15.1 10 -4 14.1 10 1.2 4 10 2.1 5.2 10 1.7 5.4 10 1.4 4.6 10 0.2 3.7 10 0.7 4.1 10 1 3.1 10 1.1 3.4 10 2.3 2.6 10 2 3.3 10 4.1 1.1 10 3.1 3.6 10 6.2 3 10 4.6 4.1 10 3.1 14.7 10 2.9 12.1 10 6.5 8.2 10 6.6 12.4 10 2.6 10.9 10 2.1 9 10 2.3 10 10 6.7 5 10 1.6 8.3 10 5.7 5.1 10 0.9 8 10 1.4 7.1 10 4.5 4.9 10 1.7 6 10 3.1 5.2 10 6.2 1.9 10 5.6 4.4 10 5.8 4.1 10 -5.9 3.9 10 -5.9 1.5 10 -3.6 1.6 10 -2.3 2.4 10 -2.8 3.7 10 -4.1 4.1 10 -5.5 4.5 10 -6.3 0.9 10 -4.3 1.2 10 -4 1 10 -1.6 2 10 -2.8 1.2 10 3 1.1 10 2.1 1.9 10 -0.9 2.4 10 0.9 2.4 10 -0.09999999 3 10 6.8 1.1 10 
				</float_array>
				<technique_common>
					<accessor count="1797" source="#Part-973pa4_dot_dat-pos-array" stride="3">
						<param name="X" type="float" /><param name="Y" type="float" /><param name="Z" type="float" />
					</accessor>
				</technique_common>
			</source>
			<source id="Part-973pa4_dot_dat-norm" name="Part-973pa4_dot_dat-norm">
				<float_array id="Part-973pa4_dot_dat-norm-array" count="5391">
					-0.9897746 -0.1426398 0 0 0 -1 0 0 1 -0.9897746 -0.1426398 0 0 1 0 -1 0 0 0 0 -1 0 1 0 0 0 1 -1 0 0 0 0 0.9999999 0 0 1 -0.9854347 -0.1700547 0 -0.9854308 -0.1700763 0 0.1700335 -0.9851938 -0.02195166 -0.9854345 -0.1700551 0 0.1690615 -0.9795616 0.1089826 0.1680956 -0.9739647 -0.1521071 0.1652154 -0.957277 0.2373283 0.1633 -0.9461786 -0.2794266 0.1585315 -0.9185499 0.3621242 0.1556731 -0.9019881 -0.4027198 -0.9854237 -0.1701175 0 -0.9854202 -0.1701385 0 -0.9854237 -0.1701175 0 -0.9854202 -0.1701385 0 0.1491232 -0.8640367 0.4808356 0.1454394 -0.8426926 -0.518379 0.1372031 -0.7949702 0.5909295 0.132642 -0.7685429 -0.6258976 0.1228636 -0.7118856 0.6914647 0.1176541 -0.681702 -0.722108 -0.9854232 -0.1701207 0 -0.9854276 -0.170095 0 -0.9854233 -0.1701207 0 -0.9854276 -0.170095 0 0.1065057 -0.6171074 0.7796376 0.1005592 -0.5826526 -0.8064761 0.9981982 0.06000346 0 0 0 1 0 0 -1 0.9931576 0.1167817 0 0 1 0 1 0 0 0 0 1 0 0 -1 1 0 0 0 1 0 0.08821946 -0.5111542 0.8549496 0.08183282 -0.4741491 -0.8766333 0.06854242 -0.3971433 0.9151935 0.06163481 -0.3571198 -0.9320229 -0.9854339 -0.1700587 0 -0.9854366 -0.1700435 0 -0.985434 -0.1700587 0 -0.9854366 -0.1700435 0 0.04756161 -0.2755778 0.9601014 0.04039675 -0.2340635 -0.9713817 0.02589163 -0.1500191 0.9883441 0.01855126 -0.1074882 -0.9940332 -0.9854338 -0.1700589 0 -0.9854285 -0.1700899 0 0.003736743 -0.02165112 0.9997585 -0.003736743 0.02165111 -0.9997585 -0.9854338 -0.1700589 0 -0.9854285 -0.1700899 0 -0.01855128 0.1074882 0.9940333 -0.02589165 0.1500192 -0.988344 -0.04039678 0.2340636 0.9713817 -0.04756165 0.2755777 -0.9601015 -0.9854259 -0.1701052 0 -0.9854285 -0.17009 0 -0.9854259 -0.1701052 0 -0.9854285 -0.17009 0 -0.06163488 0.3571196 0.9320229 -0.06854255 0.3971435 -0.9151934 -0.0818329 0.4741493 0.8766332 -0.08821949 0.5111539 -0.8549496 -0.1005593 0.5826524 0.8064764 -0.1065058 0.6171075 -0.7796376 -0.9854348 -0.1700536 0 -0.9854393 -0.1700279 0 -0.9854348 -0.1700536 0 -0.9854393 -0.1700279 0 -0.1176541 0.6817021 0.7221078 -0.1228635 0.7118858 -0.6914645 -0.1326419 0.7685429 0.6258976 -0.137203 0.79497 -0.5909297 -0.1454393 0.8426924 0.5183792 -0.1491232 0.8640368 -0.4808355 -0.9854423 -0.1700105 0 -0.9854386 -0.1700319 0 -0.9854423 -0.1700105 0 -0.9854386 -0.1700319 0 -0.1556732 0.9019883 0.4027193 -0.1585316 0.91855 -0.3621239 -0.1632999 0.9461786 0.2794266 -0.1652154 0.957277 -0.2373283 -0.1680955 0.9739648 0.1521071 -0.1690614 0.9795616 -0.1089829 -0.9857569 -0.1681768 0 -0.9854312 -0.1700741 0 -0.1700334 0.9851938 0.02195192 -0.9857975 -0.1679383 0 0.9854304 0.1700786 0 0.1700335 -0.9851938 0.02195174 0.9854313 0.170074 0 0.9854305 0.1700785 0 0.1680956 -0.9739648 0.152107 0.1690615 -0.9795616 -0.1089826 0.1633 -0.9461786 0.2794266 0.1652154 -0.957277 -0.2373284 -0.9856911 -0.1685613 0 0 0 -0.9999999 -0.5443508 -0.6382511 -0.5443508 0 0 0.9999999 -0.9855766 -0.1692298 0 -0.5443508 -0.6382511 0.5443508 0.1556732 -0.9019881 0.4027199 0.1585315 -0.9185499 -0.3621241 0.9854243 0.1701146 0 0.9854205 0.1701367 0 0.9854243 0.1701145 0 0.9854206 0.1701367 0 0.1454394 -0.8426926 0.5183789 0.1491232 -0.8640367 -0.4808357 0.132642 -0.7685429 0.6258976 0.1372031 -0.7949702 -0.5909294 0.1176542 -0.681702 0.722108 0.1228636 -0.7118854 -0.691465 0.9854227 0.1701238 0 0.9854271 0.170098 0 0.9854227 0.1701238 0 0.9854271 0.170098 0 0 0 1 0.1005592 -0.5826525 0.8064763 0.1065058 -0.6171076 -0.7796375 0 -1 0 -0.9854458 -0.1699895 0 -0.5443508 -0.6382511 -0.5443508 0 -1 0 -0.5443508 -0.6382511 0.5443508 -0.9854459 -0.1699895 0 0 0 0.9999999 0.08183285 -0.4741493 0.8766332 0.08821943 -0.511154 -0.8549497 0.06163479 -0.3571197 0.9320229 0.06854244 -0.3971434 -0.9151934 0.9854335 0.1700614 0 0.9854363 0.1700449 0 0.9854335 0.1700614 0 0.9854363 0.1700449 0 0.04039677 -0.2340636 0.9713817 0.04756162 -0.2755777 -0.9601014 0 0 1 0.01855127 -0.1074882 0.9940333 0.02589163 -0.1500191 -0.9883441 0.9854344 0.1700562 0 -0.003736743 0.02165111 0.9997585 0.985428 0.1700926 0 0.003736743 -0.02165112 -0.9997585 0.9854344 0.1700562 0 0.985428 0.1700926 0 -0.02589165 0.1500192 0.988344 -0.01855127 0.1074882 -0.9940333 0 0 0.9999999 -0.04756164 0.2755776 0.9601015 -0.04039678 0.2340636 -0.9713816 0.9854261 0.1701039 0 0.985429 0.1700874 0 0.9854262 0.1701039 0 0.985429 0.1700874 0 -0.06854254 0.3971435 0.9151934 -0.06163488 0.3571196 -0.9320229 -0.08821949 0.5111539 0.8549497 -0.08183291 0.4741493 -0.8766332 0 0 1 -0.1065058 0.6171075 0.7796376 -0.1005593 0.5826522 -0.8064764 0 0 1 0.9854352 0.1700509 0 0.9854397 0.1700253 0 0.9854353 0.1700509 0 0.9854397 0.1700253 0 -0.1228635 0.7118857 0.6914646 -0.1176541 0.6817023 -0.7221077 -0.137203 0.7949702 0.5909297 -0.1326419 0.7685429 -0.6258976 -0.1491232 0.8640367 0.4808356 -0.1454393 0.8426924 -0.5183791 0 0 1 0.9854419 0.1700124 0 0.9854382 0.1700342 0 0.9854419 0.1700124 0 0.9854381 0.1700341 0 -0.1585316 0.91855 0.3621238 -0.1556732 0.9019883 -0.4027194 -0.1652154 0.957277 0.2373284 -0.1632999 0.9461786 -0.2794266 -0.1690614 0.9795616 0.1089829 -0.1680955 0.9739648 -0.1521072 0.9853982 0.1702653 0 0.9854313 0.170074 0 -0.1700334 0.9851938 -0.02195178 0.9853927 0.1702973 0 0 0.9999999 0 0.9853898 0.1703143 0 0 0 1 0 0 -0.9999999 0.9853898 0.1703143 0 0 0.9999999 0 0 0 0.9999999 0 0 1 0 0 1 0 0 -1 0 -1 0 -0.5443508 -0.6382511 -0.5443508 0 0 0.9999999 0 -1 0 -0.5443508 -0.6382511 0.5443508 0 0 1 0 0 0.9999999 0 0 0.9999999 0 0 0.9999999 0 0 1 0 0 1 0 0 1 0 0 1 0 0 1 0 0 1 0 0 1 0 0 1 0 0 1 0 0 1 0 0 0.9999999 0 0 1 0 0 1 0 0 1 0 0 1 0 0 1 0 0 1 0 0 1 0 0 1 0 0 1 0 0 0.9999999 0 0 1 0 0 1 0 0 1 -0.7071068 0 0.7071067 -0.7071068 0 -0.7071067 0 1 0 -0.7071068 0 0.7071067 -0.7071068 0 -0.7071067 0 1 0 0 0 1 -0.9997653 0 -0.02166347 0 -1 0 -0.9999746 2.502782E-05 0.007126453 -0.9997545 7.508342E-05 0.02215318 -0.9882857 2.314846E-05 -0.1526151 -0.994076 0 0.1086876 -0.9940504 0 -0.1089202 -0.9882857 2.314846E-05 0.1526151 0 -1 0 0 -1 0 -0.9883252 0 -0.1523595 -0.9940177 3.753722E-05 0.1092196 -0.9940177 3.753722E-05 -0.1092196 -0.988354 0 0.1521722 -0.9600574 6.768346E-05 -0.2798034 0 -1 0 -0.9712223 4.626274E-05 0.2381745 0 -1 0 -0.9677262 3.084802E-05 -0.2520036 -0.9640625 3.084791E-05 0.2656754 -0.9714056 0 -0.2374264 -0.9601955 4.284674E-05 0.279329 0 -1 0 -0.9153219 4.23532E-05 -0.402723 -0.9321404 2.311588E-05 0.3620969 0 -1 0 -0.9267382 5.6466E-05 -0.3757076 -0.9211327 2.824192E-05 0.3892485 -0.9320765 0 -0.3622616 -0.9152504 0.0001231271 0.4028853 -0.8547733 0 -0.5190015 0 -1 0 -0.8765815 0 0.4812533 0 -1 0 -0.8696429 3.541456E-05 -0.4936815 -0.8622272 3.955262E-05 0.5065217 -0.8768164 7.6776E-05 -0.4808252 -0.854915 6.436211E-05 0.5187683 -0.7798375 2.356665E-05 -0.625982 0 -1 0 -0.806474 0 0.5912697 0 -1 0 -0.7976093 -7.885675E-06 -0.6031744 -0.7890345 4.899877E-06 0.6143487 -0.8064483 1.47039E-05 -0.5913046 -0.7799585 2.347681E-05 0.6258312 0 -1 0 -0.6916209 4.151512E-05 -0.7222608 0 -1 0 -0.752074 0 0.6590787 -0.7123718 3.143158E-05 -0.7018023 -0.7343923 4.979519E-05 0.6787252 -0.7222973 -1.123857E-05 -0.6915827 -0.6914486 9.427393E-05 0.7224256 0 0 1 1 0 0 -0.7071068 0 0.7071067 1 0 0 1 0 0 -0.7071068 0 -0.7071067 1 0 0 1 0 0 0 1 0 -0.7071068 0 0.7071067 1 0 0 0 1 0 0 1 0 -0.7071068 0 -0.7071067 1 0 0 0 1 0 1 0 0 0 -1 0 -0.5912201 -1.182969E-05 -0.8065102 0 -1 0 -0.6145373 2.061703E-05 -0.7888877 -0.6258776 4.714012E-05 0.7799214 -0.6260642 0 -0.7797716 -0.5910981 0 0.8065997 -0.4810685 2.093085E-05 -0.8766831 0 -1 0 0 -1 0 -0.506285 2.145865E-05 -0.8623662 -0.5185451 0 0.8550503 -0.5187126 7.677825E-05 -0.8549487 -0.4809971 0 0.8767222 0 0 1 0 -1 0 -0.3622993 6.546823E-05 -0.9320619 0 -1 0 -0.3892485 2.824192E-05 -0.9211327 -0.4028669 0 0.9152586 -0.4026882 3.842015E-05 -0.9153371 -0.3622616 0 0.9320765 -0.2381745 4.626274E-05 -0.9712223 0 -1 0 0 -1 0 -0.2658869 4.513266E-05 -0.9640042 -0.2795394 0 0.9601342 -0.2795394 0 -0.9601342 -0.2374264 0 0.9714056 -0.1084982 1.87731E-05 -0.9940966 0 -1 0 0 -1 0 -0.1524278 2.314914E-05 -0.9883147 -0.1090301 0 -0.9940385 -0.1521722 0 0.988354 -0.1521722 0 -0.988354 -0.1090301 0 0.9940385 0 -1 0 0.02147184 3.754227E-05 -0.9997694 0 -1 0 0 -1 0 -0.007126453 2.503606E-05 -0.9999746 -0.02196149 0 0.9997588 -0.02196149 0 -0.9997588 0.02196149 0 0.9997588 0.1526151 2.314846E-05 -0.9882857 0 -1 0 0 -1 0 0.1087307 1.877373E-05 -0.9940713 0.1521722 0 -0.988354 0.1090301 0 0.9940385 0.1090301 0 -0.9940385 0.1521722 0 0.988354 0 -1 0 0.2795929 4.62614E-05 -0.9601187 0 -1 0 0.2517911 4.51332E-05 -0.9677815 0.2374264 0 0.9714056 0.2374264 0 -0.9714056 0.2795394 0 0.9601342 0.4030987 1.921217E-05 -0.9151565 0 -1 0 0 -1 0 0.3758879 4.365549E-05 -0.9266652 0.3622616 0 0.9320765 0.3620592 8.470647E-05 -0.9321551 0.4028669 0 0.9152586 0.5188341 3.838945E-05 -0.854875 0 -1 0 0 -1 0 0.4938641 2.145836E-05 -0.8695391 0.4809971 0 0.8767222 0.4811819 4.185596E-05 -0.8766207 0.5185451 0 0.8550503 0 0 1 0 -1 0 0.625982 2.356665E-05 -0.7798375 0 -1 0 0.6030194 4.90242E-06 -0.7977265 0.5910981 0 0.8065997 0.5911475 -2.365702E-05 -0.8065634 0.6260642 0 0.7797716 -1 0 0 -1 0 0 0.7071068 0 0.7071067 -1 0 0 0.7071068 0 -0.7071067 -1 0 0 0 1 0 -1 0 0 -1 0 0 0 1 0 0.7071068 0 0.7071067 0 1 0 -1 0 0 0.7071068 0 -0.7071067 -1 0 0 0 1 0 0 0 1 0.7222608 4.151512E-05 -0.6916209 0 -1 0 0 -1 0 0.752074 7.056935E-05 0.6590787 0.7018023 3.143158E-05 -0.7123718 0.7267478 2.019746E-05 0.6869044 0.6915827 -1.123857E-05 -0.7222973 0.7222973 -1.123857E-05 0.6915827 0 -1 0 0.8065102 -1.182969E-05 -0.5912201 0 -1 0 0.7798375 2.356665E-05 0.625982 0.7888877 2.061703E-05 -0.6145373 0.7976093 -7.885675E-06 0.6031744 0.7797716 0 -0.6260642 0.8064483 1.47039E-05 0.5913046 0 -1 0 0.8766831 2.093085E-05 -0.4810685 0.8547733 0 0.5190015 0 -1 0 0.8623662 2.145865E-05 -0.506285 0.8696429 3.541456E-05 0.4936815 0.8549487 7.677825E-05 -0.5187126 0.8768164 7.6776E-05 0.4808252 0.9320619 6.546823E-05 -0.3622993 0 -1 0 0 -1 0 0.9153219 4.23532E-05 0.402723 0.9211327 2.824192E-05 -0.3892485 0.9267382 5.6466E-05 0.3757076 0.9153371 3.842015E-05 -0.4026882 0.9320765 0 0.3622616 0 -1 0 0.9712223 4.626274E-05 -0.2381745 0.9600574 6.768346E-05 0.2798034 0 -1 0 0.9640042 4.513266E-05 -0.2658869 0.9677262 3.084802E-05 0.2520036 0.9601342 0 -0.2795394 0.9714056 0 0.2374264 0 -1 0 0 -1 0 0.9940385 0 -0.1090301 0.988354 0 0.1521722 0.988354 0 -0.1521722 0.9940385 0 0.1090301 0.9940966 1.87731E-05 -0.1084982 0.9882857 2.314846E-05 0.1526151 0.9883147 2.314914E-05 -0.1524278 0.9940713 1.877373E-05 0.1087307 0 -1 0 0.9997694 3.754227E-05 0.02147184 0.9999746 2.503606E-05 -0.007126453 0.9997588 0 -0.02196149 0.7071068 0 0.7071067 0.7071068 0 -0.7071067 0.7071068 0 0.7071067 0 1 0 0 1 0 0.7071068 0 -0.7071067 0 0 1 0 0 1 0 0 1 0 0 1 0 0 1 0 0 1 0 0 1 0 0 1 0 0 1 0 0 1 0 0 1 0 0 1 0 0 1 0 0 1 0 0 1 0 0 1 0 0 1 0 0 0.9999999 0 0 0.9999999 0 0 1 0 0 1 0 0 0.9999999 0 0 0.9999999 0 0 1 0 0 1 0 0 1 0 0 1 0 0 1 0 0 1 0.5443508 -0.6382511 -0.5443508 0 0 -1 0 -1 0 0 0 0.9999999 0.5443508 -0.6382511 0.5443508 0 -1 0 0 0 1 0 0 1 0 0 1 0 0 1 -0.9853898 0.1703143 0 0 0 0.9999999 0 0.9999999 0 -0.9853898 0.1703143 0 0 0.9999999 0 0 0 -1 -0.9853982 0.1702653 0 0.1700334 0.9851938 -0.0219518 -0.9854313 0.170074 0 -0.9853927 0.1702973 0 0.1690614 0.9795616 0.1089829 0.1680955 0.9739648 -0.1521072 0.1652154 0.957277 0.2373284 0.1632999 0.9461786 -0.2794266 0.1585316 0.91855 0.3621238 0.1556732 0.9019883 -0.4027195 -0.9854419 0.1700124 0 -0.9854382 0.1700342 0 -0.9854419 0.1700124 0 -0.9854381 0.1700341 0 0.1491232 0.8640367 0.4808356 0.1454393 0.8426924 -0.5183791 0.137203 0.79497 0.5909296 0.1326419 0.768543 -0.6258976 0 0 1 0.1228635 0.7118857 0.6914646 0.1176541 0.6817023 -0.7221077 -0.9854353 0.1700509 0 -0.9854397 0.1700253 0 -0.9854353 0.1700509 0 -0.9854397 0.1700253 0 0.1065059 0.6171075 0.7796377 0.1005593 0.5826523 -0.8064764 0 0 1 0.08821949 0.5111539 0.8549497 0.08183291 0.4741493 -0.8766332 0 0 1 0.06854253 0.3971434 0.9151934 0.06163487 0.3571196 -0.9320229 -0.9854261 0.1701039 0 -0.985429 0.1700874 0 -0.9854261 0.1701039 0 -0.985429 0.1700874 0 0 0 1 0.04756164 0.2755776 0.9601015 0.04039678 0.2340636 -0.9713816 0.02589165 0.1500192 0.988344 0.01855127 0.1074882 -0.9940333 0 0 1 0 0 1 -0.9854344 0.1700562 0 -0.985428 0.1700926 0 0.003736744 0.02165111 0.9997585 -0.9854344 0.1700562 0 -0.003736743 -0.02165112 -0.9997585 -0.985428 0.1700926 0 -0.01855127 -0.1074882 0.9940333 -0.02589163 -0.1500191 -0.9883441 -0.04039677 -0.2340636 0.9713817 -0.04756162 -0.2755778 -0.9601014 -0.9854335 0.1700614 0 -0.9854363 0.1700449 0 -0.9854335 0.1700614 0 -0.9854363 0.1700449 0 -0.06163478 -0.3571197 0.9320229 -0.06854244 -0.3971435 -0.9151935 -0.08183283 -0.4741493 0.8766332 -0.08821943 -0.511154 -0.8549497 0.9854458 -0.1699895 0 0.5443508 -0.6382511 -0.5443508 0 -1 0 0 -1 0 0.9854459 -0.1699895 0 0.5443508 -0.6382511 0.5443508 -0.1005592 -0.5826525 0.8064763 -0.1065058 -0.6171076 -0.7796375 0 0 1 -0.9854227 0.1701238 0 -0.9854271 0.170098 0 -0.9854227 0.1701238 0 -0.9854271 0.170098 0 -0.1176542 -0.681702 0.722108 -0.1228636 -0.7118855 -0.6914649 0 0 1 -0.132642 -0.7685429 0.6258976 -0.1372031 -0.7949702 -0.5909295 -0.1454394 -0.8426926 0.5183789 -0.1491232 -0.8640366 -0.4808357 0 0 1 -0.9854243 0.1701145 0 -0.9854205 0.1701367 0 -0.9854243 0.1701145 0 -0.9854205 0.1701367 0 -0.1556732 -0.9019881 0.4027199 -0.1585315 -0.9185499 -0.3621241 0.9856911 -0.1685613 0 0.5443508 -0.6382511 -0.5443508 0 0 -1 0 0 1 0.5443508 -0.6382511 0.5443508 0.9855766 -0.1692298 0 -0.1633 -0.9461786 0.2794266 -0.1652154 -0.957277 -0.2373284 -0.1680956 -0.9739647 0.152107 -0.1690615 -0.9795616 -0.1089826 -0.9854304 0.1700786 0 -0.1700335 -0.9851938 0.02195175 -0.9854313 0.170074 0 -0.9854305 0.1700785 0 0.9857569 -0.1681768 0 0.9854312 -0.1700741 0 0.1700334 0.9851938 0.02195191 0.9857975 -0.1679383 0 0.1680955 0.9739648 0.1521071 0.1690614 0.9795616 -0.1089829 0 0 1 0.1632999 0.9461786 0.2794266 0.1652154 0.957277 -0.2373283 0.1556732 0.9019883 0.4027194 0.1585316 0.91855 -0.3621239 0.9854423 -0.1700105 0 0.9854386 -0.1700319 0 0.9854422 -0.1700104 0 0.9854386 -0.1700319 0 0.1454393 0.8426924 0.5183792 0.1491232 0.8640367 -0.4808356 0.1326419 0.7685429 0.6258976 0.137203 0.79497 -0.5909297 0.1176541 0.6817021 0.7221078 0.1228635 0.7118858 -0.6914645 0.9854348 -0.1700536 0 0.9854393 -0.1700279 0 0.9854348 -0.1700536 0 0.9854393 -0.1700279 0 0.1005593 0.5826524 0.8064764 0.1065059 0.6171076 -0.7796376 0.08183289 0.4741493 0.8766332 0.0882195 0.511154 -0.8549496 0.06163488 0.3571196 0.9320229 0.06854254 0.3971434 -0.9151934 0.9854259 -0.1701052 0 0.9854285 -0.17009 0 0.9854259 -0.1701052 0 0.9854285 -0.17009 0 0.04039678 0.2340636 0.9713816 0.04756165 0.2755777 -0.9601015 0.01855128 0.1074882 0.9940333 0.02589164 0.1500192 -0.988344 0.9854338 -0.1700589 0 0.9854285 -0.1700899 0 -0.003736743 -0.02165112 0.9997585 0.9854338 -0.1700589 0 0.003736743 0.02165111 -0.9997585 0.9854285 -0.1700899 0 -0.02589163 -0.1500191 0.9883441 -0.01855126 -0.1074882 -0.9940332 -0.04756162 -0.2755777 0.9601014 -0.04039675 -0.2340635 -0.9713817 0.9854339 -0.1700587 0 0.9854365 -0.1700436 0 0.985434 -0.1700587 0 0.9854366 -0.1700435 0 -0.06854241 -0.3971433 0.9151935 -0.06163481 -0.3571198 -0.9320229 -0.08821946 -0.5111542 0.8549495 -0.08183281 -0.4741491 -0.8766333 0 0 1 -0.9981982 0.06000346 0 0 0 -1 -0.9931576 0.1167817 0 0 1 0 0 0 1 -1 0 0 0 1 0 0 0 -1 -1 0 0 -0.1065058 -0.6171075 0.7796376 -0.1005592 -0.5826526 -0.8064761 0.9854232 -0.1701207 0 0.9854276 -0.170095 0 0.9854233 -0.1701207 0 0.9854276 -0.170095 0 -0.1228636 -0.7118856 0.6914647 -0.1176542 -0.681702 -0.7221079 -0.1372031 -0.7949702 0.5909295 -0.132642 -0.7685429 -0.6258976 -0.1491232 -0.8640366 0.4808358 -0.1454394 -0.8426924 -0.518379 0.9854237 -0.1701175 0 0.9854202 -0.1701385 0 0.9854237 -0.1701175 0 0.9854202 -0.1701385 0 -0.1585315 -0.9185498 0.3621242 -0.1556732 -0.9019881 -0.4027198 -0.1652154 -0.9572769 0.2373283 -0.1632999 -0.9461786 -0.2794266 -0.1690615 -0.9795616 0.1089827 -0.1680955 -0.9739647 -0.1521071 0.9854347 -0.1700547 0 -0.1700335 -0.9851938 -0.02195166 0.9854308 -0.1700763 0 0.9854345 -0.1700551 0 0 0 1 0 0 1 0 0 -1 0.9924341 -0.1227782 0 0 0 1 0.9878893 -0.1551603 0 0 0 -1 1 0 0 0 1 0 1 0 0 0 0 1 0 1 0 0.6257954 0 0.7799872 0.6590787 0 0.752074 0.6590787 0 0.752074 0.5912697 0 0.806474 0.5190015 0 0.8547733 0.4812533 0 0.8765815 0.4029201 0 0.915235 0.3623156 0 0.9320555 0.2798197 0 0.9600526 0.237945 0 0.9712786 0.1523827 0 0.9883215 0.1086876 0 0.994076 0.02166347 0 0.9997653 -0.02166347 0 0.9997653 -0.1086876 0 0.994076 -0.1523827 0 0.9883215 -0.237945 0 0.9712786 -0.2798197 0 0.9600526 -0.3623156 0 0.9320555 -0.4029201 0 0.915235 -0.4812533 0 0.8765815 -0.5190015 0 0.8547733 -0.5912697 0 0.806474 -0.6257954 0 0.7799872 -0.6590787 0 0.752074 -0.6590787 0 0.752074 0 0 1 0 0 1 0 0 1 0 0 1 0 0 0.9999999 0 0 1 0 0 1 0 0 0.9999999 0 0 1 0 0 1 0 0 1 0 0 1 0 0 1 0 0 1 0 0 1 0 0 1 0 0 1 0 0 1 0 0 1 0 0 0.9999999 0 0 1 0 0 1 0 0 1 0 0 1 0 0 1 0 0 1 0 0 1 0 0 1 0 0 1 0 0 1 0 0 0.9999999 0 0 1 0 0 1 0 0 1 0 0 1 0 0 1 0 0 1 0 0 1 0 0 1 0 0 1 0 0 1 0 0 0.9999999 0 0 1 0 0 1 0 0 1 0 0 1 0 0 1 0 0 1 0 0 0.9999999 0 0 1 0 0 1 0 0 1 0 0 1 0 0 1 0 0 0.9999999 0 0 1 0 0 1 0 0 1 0 0 0.9999999 0 0 1 0 0 1 0 0 1 0 0 1 0 0 0.9999999 0 0 1 0 0 1 0 0 1 0 0 0.9999999 0 0 1 0 0 1 0 0 1 0 0 0.9999999 0 0 0.9999999 0 0 1 0 0 1 0 0 1 0 0 0.9999999 0 0 1 0 0 1 0 0 1 0 0 1 0 0 1 0 0 1 0 0 1 0 0 1 0 0 0.9999999 0 0 1 0 0 1 0 0 1 0 0 1 0 0 1 0 0 1 0 0 1 0 0 1 0 0 0.9999999 0 0 1 0 0 1 0 0 1 0 0 1 0 0 1 0 0 0.9999999 0 0 1 0 0 1 0 0 0.9999999 0 0 1 0 0 1 0 0 1 0 0 1 0 0 1 0 0 1 0 0 1 0 0 1 0 0 1 0 0 1 0 0 1 0 0 0.9999999 0 0 1 0 0 1 0 0 1 0 0 1 0 0 1 0 0 1 0 0 1 0 0 1 0 0 1 0 0 1 0 0 0.9999999 0 0 1 0 0 1 0 0 1 0 0 1 0 0 1 0 0 1 0 0 1 0 0 1 0 0 1 0 0 1 0 0 0.9999999 0 0 1 0 0 1 0 0 1 0 0 1 0 0 1 0 0 1 0 0 0.9999999 0 0 1 0 0 1 0 0 1 0 0 1 0 0 1 0 0 0.9999999 0 0 1 0 0 1 0 0 1 0 0 0.9999999 0 0 1 0 0 1 0 0 1 0 0 1 0 0 0.9999999 0 0 1 0 0 1 0 0 1 0 0 0.9999999 0 0 1 0 0 1 0 0 1 0 0 0.9999999 0 0 0.9999999 0 0 1 0 0 1 0 0 1 0 0 0.9999999 0 0 1 0 0 1 0 0 1 0 0 1 0 0 1 0 0 1 0 0 1 0 0 1 0 0 0.9999999 0 0 1 0 0 1 0 0 1 0 0 1 0 0 1 0 0 1 0 0 1 0 0 1 0 0 0.9999999 0 0 1 0 0 1 0 0 1 0 0 1 0 0 1 0 0 0.9999999 0 0 1 0 0 1 0 0 1 0 0 1 0 0 1 0 0 1 0 0 1 0 0 0.9999999 0 0 1 0 0 0.9999999 0 0 0.9999999 0 0 1 0 0 1 0 0 1 0 0 0.9999999 0 0 1 0 0 1 0 0 1 0 0 1 0 0 1 0 0 1 0 0 1 0 0 1 0 0 1 0 0 1 0 0 0.9999999 0 0 1 0 0 1 0 0 1 0 0 1 0 0 1 0 0 1 0 0 1 0 0 1 0 0 1 0 0 1 0 0 0.9999999 0 0 1 0 0 1 0 0 1 0 0 1 0 0 1 0 0 1 0 0 0.9999999 0 0 1 0 0 1 0 0 1 0 0 1 0 0 1 0 0 0.9999999 0 0 1 0 0 1 0 0 1 0 0 0.9999999 0 0 1 0 0 1 0 0 1 0 0 1 0 0 1 0 0 1 0 0 1 0 0 1 0 0 0.9999999 0 0 1 0 0 1 0 0 1 0 0 0.9999999 0 0 0.9999999 0 0 1 0 0 1 0 0 1 0 0 0.9999999 0 0 1 0 0 0.9999999 0 0 1 0 0 1 0 0 1 0 0 0.9999999 0 0 1 0 0 1 0 0 1 0 0 0.9999999 0 0 1 0 0 1 0 0 0.9999999 0 0 1 0 0 0.9999999 0 0 1 0 0 1 0 0 1 0 0 1 0 0 1 0 0 1 0 0 1 0 0 1 0 0 1 0 0 1 0 0 1 0 0 1 0 0 1 0 0 1 0 0 1 0 0 1 0 0 1 0 0 1 0 0 1 0 0 1 0 0 1 0 0 0.9999999 0 0 0.9999999 0 0 1 0 0 1 0 0 1 0 0 1 0 0 1 0 0 1 0 0 1 0 0 1 0 0 1 0 0 1 0 0 0.9999999 0 0 1 0 0 1 0 0 1 0 0 1 0 0 1 0 0 1 0 0 1 0 0 1 0 0 0.9999999 0 0 0.9999999 0 0 1 0 0 1 0 0 1 0 0 1 0 0 1 0 0 1 0 0 1 0 0 1 0 0 1 0 0 1 0 0 1 0 0 1 0 0 1 0 0 1 0 0 1 0 0 1 0 0 1 0 0 1 0 0 1 0 0 1 0 0 0.9999999 0 0 1 0 0 1 0 0 1 0 0 1 0 0 1 0 0 1 0 0 1 0 0 1 0 0 1 0 0 1 0 0 1 0 0 1 0 0 1 0 0 1 0 0 1 0 0 1 0 0 0.9999999 0 0 1 0 0 1 0 0 1 0 0 1 0 0 1 0 0 1 0 0 1 0 0 1 0 0 0.9999999 0 0 0.9999999 0 0 1 0 0 0.9999999 0 0 1 0 0 1 0 0 1 0 0 1 0 0 1 0 0 1 0 0 1 0 0 1 0 0 1 0 0 1 0 0 1 0 0 1 0 0 1 0 0 1 0 0 1 0 0 1 0 0 1 0 0 0.9999999 0 0 1 0 0 1 0 0 0.9999999 0 0 1 0 0 1 0 0 1 0 0 1 0 0 1 0 0 1 0 0 1 0 0 1 0 0 1 0 0 1 0 0 0.9999999 0 0 0.9999999 0 0 0.9999999 0 0 1 0 0 1 0 0 1 0 0 1 0 0 0.9999999 0 0 1 0 0 1 0 0 1 0 0 1 0 0 1 0 0 0.9999999 0 0 1 0 0 1 0 0 1 0 0 1 0 0 1 0 0 1 0 0 1 0 0 1 0 0 1 0 0 1 0 0 1 0 0 1 0 0 1 0 0 1 0 0 1 0 0 1 0 0 1 0 0 1 0 0 0.9999999 0 0 1 0 0 1 0 0 1 0 0 1 0 0 0.9999999 0 0 1 0 0 1 0 0 1 0 0 1 0 0 1 0 0 1 0 0 1 0 0 1 0 0 1 0 0 1 0 0 1 0 0 1 0 0 1 0 0 0.9999999 0 0 1 0 0 1 0 0 1 0 0 0.9999999 0 0 0.9999999 0 0 0.9999999 0 0 1 0 0 0.9999999 0 0 1 0 0 1 0 0 0.9999999 0 0 1 0 0 1 0 0 1 0 0 1 0 0 1 0 0 0.9999999 0 0 1 0 0 1 0 0 1 0 0 0.9999999 0 0 1 0 0 1 0 0 1 0 0 1 0 0 1 0 0 1 0 0 1 0 0 1 0 0 1 0 0 1 0 0 1 0 0 1 0 0 0.9999999 0 0 0.9999999 0 0 1 0 0 1 0 0 1 0 0 1 0 0 1 0 0 0.9999999 0 0 1 0 0 1 0 0 1 0 0 1 0 0 1 0 0 1 0 0 1 0 0 0.9999999 0 0 0.9999999 0 0 1 0 0 0.9999999 0 0 0.9999999 0 0 1 0 0 1 0 0 0.9999999 0 0 1 0 0 0.9999999 0 0 1 0 0 1 0 0 1 0 0 1 0 0 1 0 0 1 0 0 1 0 0 1 0 0 1 0 0 1 0 0 0.9999999 0 0 1 0 0 1 0 0 1 0 0 1 0 0 0.9999999 0 0 1 0 0 1 0 0 1 0 0 1 0 0 1 0 0 1 0 0 1 0 0 0.9999999 0 0 0.9999999 0 0 1 0 0 1 0 0 1 0 0 1 0 0 1 0 0 1 0 0 1 0 0 1 0 0 1 0 0 1 0 0 0.9999999 0 0 1 0 0 1 0 0 0.9999999 0 0 1 0 0 1 0 0 1 0 0 1 0 0 1 0 0 1 0 0 1 0 0 1 0 0 1 0 0 1 0 0 1 0 0 1 0 0 1 0 0 1 0 0 1 0 0 1 0 0 1 0 0 1 0 0 1 0 0 1 0 0 0.9999999 0 0 1 0 0 1 0 0 1 0 0 1 0 0 1 0 0 1 0 0 1 0 0 1 0 0 1 0 0 1 0 0 1 0 0 1 0 0 1 0 0 1 0 0 1 0 0 1 0 0 1 0 0 1 0 0 1 0 0 1 0 0 1 0 0 1 0 0 1 0 0 1 0 0 1 0 0 1 0 0 0.9999999 0 0 1 0 0 1 0 0 1 0 0 1 0 0 0.9999999 0 0 1 0 0 1 0 0 1 0 0 1 0 0 0.9999999 0 0 1 0 0 1 0 0 1 0 0 1 0 0 1 0 0 1 0 0 1 0 0 1 0 0 0.9999999 0 0 1 0 0 1 0 0 1 0 0 1 0 0 0.9999999 0 0 1 0 0 1 0 0 1 0 0 1 0 0 1 0 0 1 0 0 1 0 0 0.9999999 0 0 1 0 0 1 0 0 1 0 0 1 0 0 0.9999999 0 0 1 0 0 1 0 0 1 0 0 1 0 0 1 0 0 1 0 0 1 0 0 1 0 0 0.9999999 0 0 1 0 0 1 0 0 1 0 0 1 0 0 0.9999999 0 0 1 0 0 1 0 0 1 0 0 1 0 0 1 0 0 0.9999999 0 0 1 0 0 1 0 0 1 0 0 1 0 0 1 0 0 1 0 0 1 0 0 1 0 0 1 0 0 1 0 0 1 0 0 1 0 0 1 0 0 0.9999999 0 0 1 0 0 1 0 0 1 0 0 1 0 0 1 0 0 1 0 0 1 0 0 1 0 0 1 0 0 1 0 0 1 0 0 1 0 0 1 0 0 1 0 0 1 0 0 1 0 0 1 0 0 1 0 0 0.9999999 0 0 1 0 0 1 0 0 1 0 0 1 0 0 1 0 0 0.9999999 0 0 1 0 0 0.9999999 0 0 1 0 0 1 0 0 1 0 0 1 0 0 1 0 0 0.9999999 0 0 1 0 0 1 0 0 1 0 0 1 0 0 1 0 0 1 0 0 1 0 0 1 0 0 0.9999999 0 0 1 0 0 1 0 0 1 0 0 1 0 0 1 0 0 1 0 0 1 0 0 1 0 0 1 0 0 1 0 0 1 0 0 1 0 0 1 0 0 1 0 0 1 0 0 1 0 0 1 0 0 1 0 0 0.9999999 0 0 0.9999999 0 0 1 0 0 1 0 0 1 0 0 0.9999999 0 0 1 0 0 1 0 0 1 0 0 1 0 0 1 0 0 1 0 0 0.9999999 0 0 1 0 0 1 0 0 1 0 0 1 0 0 1 0 0 1 0 0 1 0 0 1 0 0 1 0 0 1 0 0 0.9999999 0 0 1 0 0 1 0 0 0.9999999 0 0 0.9999999 0 0 1 0 0 1 0 0 1 0 0 1 0 0 0.9999999 0 0 1 0 0 1 0 0 0.9999999 0 0 1 0 0 0.9999999 0 0 1 0 0 1 0 0 1 0 0 1 0 0 1 0 0 1 0 0 1 0 0 1 0 0 1 0 0 1 0 0 1 0 0 1 0 0 1 0 0 1 0 0 1 0 0 1 0 0 1 0 0 1 0 0 1 0 0 1 0 0 1 0 0 1 0 0 1 0 0 0.9999999 0 0 1 0 0 1 0 0 1 0 0 1 0 0 1 0 0 1 0 0 1 0 0 1 0 0 1 0 0 1 0 0 0.9999999 0 0 1 0 0 0.9999999 0 0 1 0 0 1 0 0 1 0 0 1 0 0 1 0 0 1 0 0 1 0 0 1 0 0 1 0 0 1 0 0 1 0 0 1 0 0 1 0 0 1 0 0 1 0 0 0.9999999 0 0 1 0 0 1 0 0 1 0 0 1 0 0 1 0 0 1 0 0 1 0 0 1 0 0 1 0 0 1 0 0 1 0 0 1 0 0 1 0 0 1 0 0 1 0 0 1 0 0 1 0 0 1 0 0 1 0 0 0.9999999 0 0 1 0 0 1 0 0 1 0 0 1 0 0 1 0 0 1 0 0 1 0 0 1 0 0 1 0 0 1 0 0 0.9999999 0 0 1 0 0 0.9999999 0 0 1 0 0 1 0 0 1 0 0 1 0 0 1 0 0 1 0 0 1 0 0 1 0 0 1 0 0 1 0 0 1 0 0 1 0 0 1 0 0 1 0 0 1 0 0 0.9999999 0 0 1 0 0 1 0 0 1 0 0 1 0 0 1 0 0 1 0 0 1 0 0 1 0 0 1 0 0 1 0 0 1 0 0 1 0 0 1 0 0 1 0 0 1 0 0 1 0 0 1 0 0 1 0 0 1 0 0 0.9999999 0 0 1 0 0 1 0 0 1 0 0 1 0 0 1 0 0 1 0 0 1 0 0 1 0 0 1 0 0 1 0 0 0.9999999 0 0 1 0 0 0.9999999 0 0 1 0 0 1 0 0 1 0 0 1 0 0 1 0 0 1 0 0 1 0 0 1 0 0 1 0 0 1 0 0 1 0 0 1 0 0 1 0 0 1 0 0 1 0 0 0.9999999 0 0 1 0 0 1 0 0 1 0 0 1 0 0 1 0 0 1 0 0 1 0 0 1 0 0 1 0 0 1 0 0 1 0 0 1 0 0 1 0 0 1 0 0 1 0 0 1 0 0 1 0 0 1 0 0 1 0 0 1 0 0 1 0 0 1 0 0 1 0 0 1 0 0 1 0 0 1 0 0 1 0 0 1 0 0 1 0 0 1 0 0 1 0 0 1 0 0 1 0 0 0.9999999 0 0 1 0 0 1 0 0 1 0 0 1 0 0 1 0 0 1 0 0 1 0 0 1 0 0 0.9999999 0 0 1 0 0 1 0 0 1 0 0 1 0 0 1 0 0 1 0 0 1 0 0 1 0 0 1 0 0 1 0 0 1 0 0 1 0 0 1 0 0 1 0 0 1 0 0 0.9999999 0 0 1 0 0 1 0 0 1 0 0 1 0 0 1 0 0 1 0 0 1 0 0 1 0 0 1 0 0 0.9999999 0 0 0.9999999 0 0 1 0 0 1 0 0 1 0 0 1 0 0 0.9999999 0 0 1 0 0 1 0 0 1 0 0 1 0 0 1 0 0 1 0 0 1 0 0 1 0 0 1 0 0 1 0 0 1 0 0 1 0 0 1 0 0 1 0 0 1 0 0 0.9999999 0 0 1 0 0 1 0 0 1 0 0 0.9999999 0 0 0.9999999 0 0 1 0 0 1 0 0 1 0 0 1 0 0 1 0 0 1 0 0 1 0 0 1 0 0 0.9999999 0 0 1 0 0 1 
				</float_array>
				<technique_common>
					<accessor count="1797" source="#Part-973pa4_dot_dat-norm-array" stride="3">
						<param name="X" type="float" /><param name="Y" type="float" /><param name="Z" type="float" />
					</accessor>
				</technique_common>
			</source>
			<vertices id="Part-973pa4_dot_dat-vert">
				<input semantic="POSITION" source="#Part-973pa4_dot_dat-pos" />
			</vertices>
			<triangles count="716" material="Base">
				<input semantic="VERTEX" source="#Part-973pa4_dot_dat-vert" offset="0" />
				<input semantic="NORMAL" source="#Part-973pa4_dot_dat-norm" offset="0" />
				<p>
					697 737 7 7 47 697 694 734 737 737 697 694 42 4 734 734 694 42 47 7 4 4 42 47 253 321 324 423 419 483 317 320 250 482 417 414 252 249 314 314 322 252 323 313 315 315 325 323 412 480 484 484 421 412 413 411 420 420 422 413 311 248 251 251 318 311 310 312 319 319 316 310 481 479 410 410 418 481 416 409 408 408 415 416 46 43 38 38 41 46 691 696 699 699 693 691 692 698 45 45 40 692 39 44 695 695 690 39 41 38 104 104 107 41 204 201 206 206 209 204 629 691 693 693 632 629 524 530 533 533 527 524 529 692 40 40 208 529 207 39 690 690 525 207 526 528 210 210 205 526 735 733 729 729 731 735 5 9 3 3 0 5 12 0 3 3 15 12 112 100 103 103 116 112 138 112 116 116 142 138 731 729 722 722 725 731 636 633 619 619 624 636 624 619 592 592 596 624 140 218 215 215 137 140 516 215 218 218 519 516 594 516 519 519 595 594 219 141 117 623 597 518 514 593 620 114 139 216 467 477 478 478 469 467 461 467 469 469 463 461 453 461 463 463 455 453 445 453 455 455 447 445 437 445 447 447 439 437 429 437 439 439 431 429 404 429 431 431 406 404 396 404 406 406 398 396 389 396 398 398 391 389 382 389 391 391 384 382 375 382 384 384 377 375 367 375 377 377 369 367 359 367 369 369 361 359 351 359 361 361 353 351 344 351 353 353 346 344 336 344 346 346 338 336 329 336 338 338 331 329 305 329 331 331 307 305 297 305 307 307 299 297 289 297 299 299 291 289 281 289 291 291 283 281 273 281 283 283 275 273 265 273 275 275 267 265 257 265 267 267 258 257 266 257 258 258 268 266 274 266 268 268 276 274 282 274 276 276 284 282 290 282 284 284 292 290 298 290 292 292 300 298 306 298 300 300 308 306 330 306 308 308 332 330 337 330 332 332 339 337 345 337 339 339 347 345 352 345 347 347 354 352 360 352 354 354 362 360 368 360 362 362 370 368 376 368 370 370 378 376 383 376 378 378 385 383 390 383 385 385 392 390 397 390 392 392 399 397 405 397 399 399 407 405 430 405 407 407 432 430 438 430 432 432 440 438 446 438 440 440 448 446 454 446 448 448 456 454 462 454 456 456 464 462 468 462 464 464 470 468 477 468 470 470 478 477 436 428 430 430 438 436 443 436 438 438 446 443 452 443 446 446 454 452 459 452 454 454 462 459 472 459 462 462 474 472 476 472 474 474 477 476 471 476 477 477 473 471 458 471 473 473 461 458 449 458 461 461 453 449 442 449 453 453 445 442 434 442 445 445 437 434 425 434 437 437 429 425 402 425 429 429 404 402 393 402 404 404 396 393 386 393 396 396 389 386 380 386 389 389 382 380 371 380 382 382 374 371 364 371 374 374 367 364 355 364 367 367 358 355 348 355 358 358 351 348 342 348 351 351 344 342 333 342 344 344 336 333 327 333 336 336 329 327 302 327 329 329 305 302 293 302 305 305 297 293 285 293 297 297 289 285 278 285 289 289 281 278 269 278 281 281 273 269 259 269 273 273 261 259 255 259 261 261 257 255 260 255 257 257 262 260 271 260 262 262 274 271 279 271 274 274 282 279 287 279 282 282 290 287 295 287 290 290 298 295 304 295 298 298 306 304 475 465 365 465 457 365 457 450 365 450 441 365 441 433 365 433 426 365 426 401 365 401 394 365 394 387 365 387 379 365 379 372 365 372 363 365 363 356 365 356 349 365 349 341 365 341 334 365 334 326 365 326 301 365 301 294 365 294 286 365 286 277 365 277 270 365 270 263 365 263 256 365 256 264 365 264 272 365 272 280 365 280 288 365 288 296 365 296 303 365 303 328 365 328 335 365 335 343 365 343 350 365 350 357 365 357 366 365 366 373 365 373 381 365 381 388 365 388 395 365 395 403 365 403 427 365 427 435 365 435 444 365 444 451 365 451 460 365 460 466 365 466 475 365 630 723 720 720 627 630 627 720 718 718 625 627 625 718 716 716 617 625 617 716 710 710 610 617 610 710 708 708 608 610 608 708 706 706 605 608 605 706 700 700 598 605 598 700 688 688 590 598 590 688 686 686 588 590 588 686 680 680 582 588 582 680 678 678 580 582 580 678 674 674 576 580 576 674 670 670 570 576 570 670 668 668 568 570 568 668 662 662 561 568 561 662 660 660 558 561 558 660 658 658 555 558 555 658 652 652 549 555 549 652 650 650 546 549 546 650 648 648 544 546 544 648 642 642 538 544 538 642 640 640 536 538 536 640 637 637 534 536 534 637 635 635 531 534 531 635 638 638 535 531 535 638 641 641 537 535 537 641 643 643 539 537 539 643 649 649 545 539 545 649 651 651 547 545 547 651 653 653 550 547 550 653 659 659 556 550 556 659 661 661 559 556 559 661 663 663 562 559 562 663 669 669 569 562 569 669 671 671 571 569 571 671 676 676 578 571 578 676 679 679 581 578 581 679 681 681 583 581 583 681 687 687 589 583 589 687 689 689 591 589 591 689 701 701 599 591 599 701 707 707 606 599 606 707 709 709 609 606 609 709 711 711 611 609 611 711 717 717 618 611 618 717 719 719 626 618 626 719 721 721 628 626 628 721 723 723 630 628 712 713 724 724 722 712 702 703 713 713 712 702 682 683 703 703 702 682 672 673 683 683 682 672 664 665 673 673 672 664 654 655 665 665 664 654 644 645 655 655 654 644 633 634 645 645 644 633 647 646 634 634 636 647 657 656 646 646 647 657 667 666 656 656 657 667 677 675 666 666 667 677 685 684 675 675 677 685 705 704 684 684 685 705 715 714 704 704 705 715 725 724 714 714 715 725 631 614 613 613 629 631 614 602 601 601 613 614 602 585 584 584 601 602 585 575 574 574 584 585 575 564 563 563 574 575 564 552 551 551 563 564 552 541 540 540 551 552 541 532 530 530 540 541 532 542 543 543 533 532 542 553 554 554 543 542 553 565 566 566 554 553 565 577 579 579 566 565 577 586 587 587 579 577 586 603 604 604 587 586 603 615 616 616 604 603 615 631 632 632 616 615 16 14 105 105 108 16 18 16 108 108 110 18 20 18 110 110 118 20 26 20 118 118 124 26 28 26 124 124 126 28 30 28 126 126 128 30 36 30 128 128 135 36 48 36 135 135 144 48 50 48 144 144 146 50 56 50 146 146 152 56 58 56 152 152 155 58 62 58 155 155 158 62 66 62 158 158 163 66 68 66 163 163 166 68 74 68 166 166 172 74 76 74 172 172 174 76 78 76 174 174 177 78 84 78 177 177 184 84 86 84 184 184 186 86 88 86 186 186 188 88 94 88 188 188 195 94 96 94 195 195 197 96 98 96 197 197 199 98 102 98 199 199 203 102 99 102 203 203 200 99 97 99 200 200 198 97 95 97 198 198 196 95 89 95 196 196 189 89 87 89 189 189 187 87 85 87 187 187 185 85 79 85 185 185 178 79 77 79 178 178 175 77 75 77 175 175 173 75 69 75 173 173 167 69 67 69 167 167 164 67 63 67 164 164 160 63 59 63 160 160 156 59 57 59 156 156 153 57 51 57 153 153 147 51 49 51 147 147 145 49 37 49 145 145 136 37 31 37 136 136 129 31 29 31 129 129 127 29 27 29 127 127 125 27 21 27 125 125 119 21 19 21 119 119 111 19 17 19 111 111 109 17 14 17 109 109 105 14 13 23 22 22 12 13 23 33 32 32 22 23 33 53 52 52 32 33 53 61 60 60 52 53 61 71 70 70 60 61 71 81 80 80 70 71 81 91 90 90 80 81 91 101 100 100 90 91 101 92 93 93 103 101 92 82 83 83 93 92 82 72 73 73 83 82 72 64 65 65 73 72 64 54 55 55 65 64 54 34 35 35 55 54 34 24 25 25 35 34 24 13 15 15 25 24 120 121 106 106 104 120 130 131 121 121 120 130 148 149 131 131 130 148 157 159 149 149 148 157 168 169 159 159 157 168 180 181 169 169 168 180 191 192 181 181 180 191 201 202 192 192 191 201 194 193 202 202 204 194 183 182 193 193 194 183 171 170 182 182 183 171 162 161 170 170 171 162 151 150 161 161 162 151 133 132 150 150 151 133 123 122 132 132 133 123 107 106 122 122 123 107 732 6 1 1 728 732 621 728 1 1 113 621 214 515 621 621 113 214 244 242 227 227 240 244 242 239 222 222 227 242 239 236 212 212 222 239 236 234 211 211 212 236 241 225 179 179 237 241 179 190 230 230 237 179 230 228 234 234 237 230 228 211 234 154 165 220 243 229 225 225 241 243 143 221 223 223 115 143 217 115 223 10 2 8 8 11 10 226 11 8 8 233 226 10 232 247 247 238 10 247 232 235 235 246 247 246 235 233 233 245 246 223 229 243 243 217 223 217 243 254 517 217 254 254 309 517 309 340 400 400 517 309 517 400 424 517 424 485 485 493 505 505 517 485 176 2 213 213 2 231 231 224 213 231 2 10 10 238 231 520 509 736 736 727 520 730 501 510 510 726 730 510 501 500 500 506 510 506 503 504 504 509 506 500 503 506 501 730 523 523 507 501 560 523 730 612 560 730 639 622 511 511 567 639 517 505 511 517 511 622 499 502 492 492 496 499 502 508 489 489 492 502 508 522 488 488 489 508 522 557 487 487 488 522 557 548 497 497 487 557 487 497 498 498 486 487 498 513 521 521 486 498 486 521 491 491 490 486 572 521 513 513 573 572 521 505 494 494 491 521 505 495 494 493 495 505 736 730 726 726 727 736 639 607 600 600 612 639 607 512 600 639 612 730 622 639 730 143 115 2 2 134 143 176 165 154 154 134 176 134 2 176 
				</p>
			</triangles>
			<triangles count="597" material="sym_11">
				<input semantic="VERTEX" source="#Part-973pa4_dot_dat-vert" offset="0" />
				<input semantic="NORMAL" source="#Part-973pa4_dot_dat-norm" offset="0" />
				<p>
					740 739 738 738 741 740 741 738 742 742 743 741 743 742 744 744 745 743 745 744 746 746 747 745 747 746 748 748 749 747 749 748 750 750 751 749 751 750 752 752 753 751 753 752 754 754 755 753 755 754 756 756 757 755 757 756 758 758 759 757 759 758 760 760 761 759 761 760 762 762 763 761 766 765 764 764 767 766 765 769 768 768 764 765 769 771 770 770 768 769 771 773 772 772 770 771 773 775 774 774 772 773 775 777 776 776 774 775 777 779 778 778 776 777 779 781 780 780 778 779 781 783 782 782 780 781 783 785 784 784 782 783 785 787 786 786 784 785 787 789 788 788 786 787 789 791 790 790 788 789 791 793 792 792 790 791 793 795 794 794 792 793 795 797 796 796 794 795 797 799 798 798 796 797 799 801 800 800 798 799 801 803 802 802 800 801 803 805 804 804 802 803 805 807 806 806 804 805 807 809 808 808 806 807 809 811 810 810 808 809 811 813 812 812 810 811 813 815 814 814 812 813 815 817 816 816 814 815 817 819 818 818 816 817 819 821 820 820 818 819 821 823 822 822 820 821 823 825 824 824 822 823 825 827 826 826 824 825 827 829 828 828 826 827 829 831 830 830 828 829 831 833 832 832 830 831 833 835 834 834 832 833 835 837 836 836 834 835 837 839 838 838 836 837 839 841 840 840 838 839 841 843 842 842 840 841 843 845 844 844 842 843 845 847 846 846 844 845 847 849 848 848 846 847 849 851 850 850 848 849 851 853 852 852 850 851 853 855 854 854 852 853 855 857 856 856 854 855 857 859 858 858 856 857 859 766 767 767 858 859 862 861 860 860 863 862 861 865 864 864 860 861 865 867 866 866 864 865 867 869 868 868 866 867 869 871 870 870 868 869 871 873 872 872 870 871 873 875 874 874 872 873 875 877 876 876 874 875 877 879 878 878 876 877 879 881 880 880 878 879 881 883 882 882 880 881 883 885 884 884 882 883 885 887 886 886 884 885 887 889 888 888 886 887 889 891 890 890 888 889 891 893 892 892 890 891 893 895 894 894 892 893 895 897 896 896 894 895 897 899 898 898 896 897 899 901 900 900 898 899 901 903 902 902 900 901 903 905 904 904 902 903 905 907 906 906 904 905 907 909 908 908 906 907 909 911 910 910 908 909 911 913 912 912 910 911 913 915 914 914 912 913 915 917 916 916 914 915 917 919 918 918 916 917 919 921 920 920 918 919 921 923 922 922 920 921 923 925 924 924 922 923 925 927 926 926 924 925 927 929 928 928 926 927 929 931 930 930 928 929 931 933 932 932 930 931 933 935 934 934 932 933 935 937 936 936 934 935 937 939 938 938 936 937 939 941 940 940 938 939 941 943 942 942 940 941 943 945 944 944 942 943 945 947 946 946 944 945 947 949 948 948 946 947 949 951 950 950 948 949 951 953 952 952 950 951 953 955 954 954 952 953 955 862 863 863 954 955 958 957 956 956 959 958 957 961 960 960 956 957 961 963 962 962 960 961 963 965 964 964 962 963 965 967 966 966 964 965 967 969 968 968 966 967 969 971 970 970 968 969 971 973 972 972 970 971 973 975 974 974 972 973 975 977 976 976 974 975 977 979 978 978 976 977 979 981 980 980 978 979 981 983 982 982 980 981 983 985 984 984 982 983 985 987 986 986 984 985 987 989 988 988 986 987 989 991 990 990 988 989 991 993 992 992 990 991 993 995 994 994 992 993 995 997 996 996 994 995 997 999 998 998 996 997 999 1001 1000 1000 998 999 1001 1003 1002 1002 1000 1001 1003 1005 1004 1004 1002 1003 1005 1007 1006 1006 1004 1005 1007 1009 1008 1008 1006 1007 1009 1011 1010 1010 1008 1009 1011 1013 1012 1012 1010 1011 1013 1015 1014 1014 1012 1013 1015 1017 1016 1016 1014 1015 1017 1019 1018 1018 1016 1017 1019 1021 1020 1020 1018 1019 1021 1023 1022 1022 1020 1021 1023 1025 1024 1024 1022 1023 1025 1027 1026 1026 1024 1025 1027 1029 1028 1028 1026 1027 1029 1031 1030 1030 1028 1029 1031 1033 1032 1032 1030 1031 1033 1035 1034 1034 1032 1033 1035 1037 1036 1036 1034 1035 1037 1039 1038 1038 1036 1037 1039 1041 1040 1040 1038 1039 1041 1043 1042 1042 1040 1041 1043 1045 1044 1044 1042 1043 1045 1047 1046 1046 1044 1045 1047 1049 1048 1048 1046 1047 1049 1051 1050 1050 1048 1049 1051 958 959 959 1050 1051 1054 1053 1052 1052 1055 1054 1056 1054 1055 1055 1057 1056 1060 1059 1058 1058 1061 1060 1058 1059 1062 1062 1063 1058 1066 1065 1064 1064 1067 1066 1068 1066 1067 1067 1069 1068 1069 1071 1070 1070 1068 1069 1073 1072 1070 1070 1071 1073 1075 1074 1072 1072 1073 1075 1077 1076 1074 1074 1075 1077 1079 1078 1076 1076 1077 1079 1078 1079 1080 1080 1081 1078 1083 1082 1081 1081 1080 1083 1085 1084 1082 1082 1083 1085 1087 1086 1084 1084 1085 1087 1089 1088 1086 1086 1087 1089 1091 1090 1088 1088 1089 1091 1093 1092 1090 1090 1091 1093 1095 1094 1092 1092 1093 1095 1097 1096 1094 1094 1095 1097 1099 1098 1096 1096 1097 1099 1101 1100 1098 1098 1099 1101 1103 1102 1100 1100 1101 1103 1105 1104 1102 1102 1103 1105 1107 1106 1104 1104 1105 1107 1110 1109 1108 1108 1111 1110 1109 1113 1112 1112 1108 1109 1113 1114 1112 1117 1116 1115 1115 1118 1117 1118 1115 1119 1119 1120 1118 1119 1121 1120 1124 1123 1122 1126 1125 1123 1123 1124 1126 1128 1127 1125 1125 1126 1128 1130 1129 1127 1127 1128 1130 1131 1129 1130 1130 1132 1131 1133 1131 1132 1132 1134 1133 1136 1135 1133 1133 1134 1136 1138 1137 1135 1135 1136 1138 1140 1139 1137 1137 1138 1140 1141 1139 1140 1144 1143 1142 1142 1145 1144 1142 1147 1146 1146 1145 1142 1147 1149 1148 1148 1146 1147 1149 1151 1150 1150 1148 1149 1151 1153 1152 1152 1150 1151 1153 1155 1154 1154 1152 1153 1156 1143 1144 1144 1157 1156 1160 1159 1158 1158 1161 1160 1159 1157 1144 1144 1158 1159 1162 1156 1157 1157 1159 1162 1163 1162 1159 1159 1164 1163 1166 1163 1165 1165 1167 1166 1168 1165 1163 1163 1164 1168 1165 1168 1169 1169 1170 1165 1171 1169 1168 1168 1172 1171 1173 1171 1172 1172 1174 1173 1176 1175 1173 1173 1174 1176 1178 1177 1175 1175 1176 1178 1171 1180 1179 1179 1169 1171 1179 1170 1169 1181 1179 1180 1180 1182 1181 1185 1184 1183 1183 1186 1185 1183 1184 1187 1187 1188 1183 1183 1189 1186 1189 1191 1190 1190 1186 1189 1192 1190 1191 1191 1193 1192 1194 1193 1191 1191 1195 1194 1195 1197 1196 1196 1194 1195 1197 1199 1198 1198 1196 1197 1199 1201 1200 1200 1198 1199 1178 1203 1202 1202 1177 1178 1205 1204 1202 1202 1203 1205 1207 1206 1204 1204 1205 1207 1208 1198 1200 1200 1209 1208 1211 1210 1208 1208 1209 1211 1212 1154 1155 1155 1213 1212 1213 1210 1214 1214 1215 1213 1064 1212 1213 1213 1215 1064 1216 1212 1064 1064 1065 1216 1218 1217 1154 1154 1212 1218 1219 1218 1212 1212 1216 1219 1221 1220 1217 1217 1218 1221 1222 1160 1161 1161 1223 1222 1224 1222 1223 1223 1225 1224 1225 1227 1226 1226 1224 1225 1224 1220 1221 1221 1228 1224 1226 1229 1220 1220 1224 1226 1210 1211 1214 1214 1211 1230 1230 1231 1214 1232 1231 1230 1230 1233 1232 1234 1232 1233 1233 1235 1234 1236 1234 1235 1235 1237 1236 1239 1237 1238 1238 1240 1239 1239 1242 1241 1241 1237 1239 1236 1237 1241 1244 1243 1241 1241 1242 1244 1244 1246 1245 1245 1243 1244 1247 1245 1246 1246 1248 1247 1249 1218 1219 1219 1250 1249 1252 1249 1251 1251 1253 1252 1251 1249 1250 1250 1254 1251 1256 1255 1252 1252 1253 1256 1258 1255 1257 1257 1259 1258 1259 1261 1260 1260 1258 1259 1261 1263 1262 1262 1260 1261 1265 1264 1262 1262 1263 1265 1267 1266 1264 1264 1265 1267 1269 1268 1206 1206 1207 1269 1271 1270 1268 1268 1269 1271 1272 1203 1178 1178 1273 1272 1274 1272 1273 1273 1275 1274 1276 1274 1275 1275 1277 1276 1278 1257 1255 1255 1256 1278 1279 1257 1278 1278 1280 1279 1281 1279 1280 1280 1282 1281 1283 1281 1282 1282 1284 1283 1286 1285 1240 1240 1238 1286 1288 1287 1285 1285 1286 1288 1290 1289 1287 1287 1288 1290 1292 1291 1289 1289 1290 1292 1293 1291 1292 1292 1294 1293 1296 1295 1293 1293 1297 1296 1297 1293 1294 1295 1296 1298 1298 1299 1295 1299 1298 1300 1300 1301 1299 1302 1301 1300 1304 1303 1302 1302 1300 1304 1254 1250 1305 1305 1306 1254 1307 1306 1305 1305 1308 1307 1307 1308 1309 1309 1310 1307 1310 1309 1311 1311 1312 1310 1313 1312 1311 1311 1314 1313 1313 1314 1315 1315 1316 1313 1316 1315 1317 1317 1318 1316 1318 1317 1319 1319 1320 1318 1321 1312 1313 1313 1322 1321 1323 1321 1322 1322 1324 1323 1325 1323 1324 1324 1326 1325 1327 1325 1326 1326 1328 1327 1329 1327 1328 1328 1330 1329 1332 1331 1329 1329 1330 1332 1333 1331 1332 1332 1334 1333 1335 1334 1332 1332 1336 1335 1337 1335 1336 1336 1338 1337 1339 1337 1338 1338 1340 1339 1339 1340 1341 1341 1342 1339 1239 1244 1242 
				</p>
			</triangles>
			<triangles count="217" material="sym_8">
				<input semantic="VERTEX" source="#Part-973pa4_dot_dat-vert" offset="0" />
				<input semantic="NORMAL" source="#Part-973pa4_dot_dat-norm" offset="0" />
				<p>
					1345 1344 1343 1344 1346 1343 1346 1347 1343 1347 1348 1343 1348 1349 1343 1349 1350 1343 1350 1351 1343 1351 1352 1343 1352 1353 1343 1353 1354 1343 1354 1355 1343 1355 1356 1343 1356 1358 1357 1358 1359 1357 1359 1360 1357 1360 1361 1357 1361 1362 1357 1362 1363 1357 1363 1364 1357 1364 1365 1357 1365 1366 1357 1366 1367 1357 1367 1368 1357 1368 1369 1357 1372 1371 1370 1371 1373 1370 1373 1374 1370 1374 1375 1370 1375 1376 1370 1376 1377 1370 1377 1378 1370 1378 1379 1370 1379 1380 1370 1380 1381 1370 1381 1382 1370 1382 1383 1370 1383 1385 1384 1385 1386 1384 1386 1387 1384 1387 1388 1384 1388 1389 1384 1389 1390 1384 1390 1391 1384 1391 1392 1384 1392 1393 1384 1393 1394 1384 1394 1395 1384 1395 1396 1384 1399 1398 1397 1398 1400 1397 1400 1401 1397 1401 1402 1397 1402 1403 1397 1403 1404 1397 1404 1405 1397 1405 1406 1397 1406 1407 1397 1407 1408 1397 1408 1409 1397 1409 1410 1397 1410 1412 1411 1412 1413 1411 1413 1414 1411 1414 1415 1411 1415 1416 1411 1416 1417 1411 1417 1418 1411 1418 1419 1411 1419 1420 1411 1420 1421 1411 1421 1422 1411 1422 1423 1411 1426 1425 1424 1424 1427 1426 1427 1424 1428 1428 1429 1427 1429 1428 1430 1430 1431 1429 1431 1430 1432 1432 1433 1431 1433 1432 1434 1434 1435 1433 1435 1434 1436 1436 1437 1435 1437 1436 1438 1438 1423 1437 1372 1438 1439 1439 1440 1372 1411 1423 1372 1372 1370 1411 1423 1438 1372 1440 1439 1441 1441 1442 1440 1442 1441 1443 1443 1444 1442 1444 1443 1445 1445 1446 1444 1446 1445 1447 1447 1448 1446 1448 1447 1449 1449 1450 1448 1450 1449 1451 1451 1452 1450 1452 1451 1453 1453 1396 1452 1384 1396 1345 1345 1343 1384 1396 1453 1454 1454 1345 1396 1454 1453 1455 1455 1456 1454 1456 1455 1457 1457 1458 1456 1458 1457 1459 1459 1460 1458 1460 1459 1461 1461 1462 1460 1462 1461 1463 1463 1464 1462 1464 1463 1465 1465 1466 1464 1369 1466 1465 1465 1467 1369 1357 1369 1467 1467 1468 1357 1471 1470 1469 1469 1472 1471 1470 1474 1473 1473 1469 1470 1473 1474 1475 1475 1474 1476 1476 1477 1475 1477 1476 1478 1478 1479 1477 1478 1476 1480 1480 1476 1481 1481 1482 1480 1482 1481 1483 1472 1469 1484 1484 1486 1485 1485 1472 1484 1486 1488 1487 1487 1485 1486 1488 1490 1489 1489 1487 1488 1490 1492 1491 1491 1489 1490 1492 1494 1493 1493 1491 1492 1494 1496 1495 1495 1493 1494 1496 1498 1497 1497 1495 1496 1498 1500 1499 1499 1497 1498 1500 1502 1501 1501 1499 1500 1502 1503 1501 1499 1501 1504 1503 1502 1481 1481 1505 1503 1483 1481 1506 1506 1481 1502 1481 1508 1507 1507 1505 1481 1507 1508 1509 1509 1510 1507 1512 1510 1511 1511 1513 1512 1514 1397 1410 1410 1515 1514 1410 1411 1516 1515 1410 1516 1516 1517 1515 1370 1383 1518 1518 1519 1370 1518 1383 1520 1520 1383 1384 1384 1521 1520 1370 1522 1516 1516 1411 1370 1523 1522 1370 1370 1519 1523 1524 1511 1510 1510 1509 1524 1524 1509 1525 1525 1509 1526 1526 1527 1525 1527 1526 1528 1528 1529 1527 1529 1528 1530 1399 1531 1425 1425 1426 1399 1397 1532 1531 1531 1399 1397 1534 1533 1384 1384 1343 1534 1535 1534 1357 1357 1468 1535 1533 1536 1521 1521 1384 1533 1536 1538 1537 1537 1521 1536 1538 1539 1537 1539 1538 1522 1522 1523 1539 1538 1541 1540 1540 1522 1538 1540 1541 1542 1542 1543 1540 1543 1542 1397 1397 1514 1543 1542 1544 1532 1532 1397 1542 1545 1532 1544 1343 1356 1534 1356 1357 1534 
				</p>
			</triangles>
			<triangles count="144" material="sym_3">
				<input semantic="VERTEX" source="#Part-973pa4_dot_dat-vert" offset="0" />
				<input semantic="NORMAL" source="#Part-973pa4_dot_dat-norm" offset="0" />
				<p>
					1548 1547 1546 1548 1549 1547 1548 1550 1549 1548 1551 1550 1548 1552 1551 1548 1553 1552 1548 1554 1553 1548 1555 1554 1548 1556 1555 1548 1557 1556 1548 1558 1557 1548 1559 1558 1548 1560 1559 1548 1561 1560 1548 1562 1561 1548 1563 1562 1548 1564 1563 1548 1565 1564 1548 1566 1565 1548 1567 1566 1548 1568 1567 1548 1569 1568 1548 1570 1569 1548 1571 1570 1548 1572 1571 1548 1573 1572 1548 1574 1573 1548 1575 1574 1548 1576 1575 1548 1577 1576 1548 1578 1577 1548 1579 1578 1548 1580 1579 1548 1581 1580 1548 1582 1581 1548 1583 1582 1548 1584 1583 1548 1585 1584 1548 1586 1585 1548 1587 1586 1548 1588 1587 1548 1589 1588 1548 1590 1589 1548 1591 1590 1548 1592 1591 1548 1593 1592 1548 1594 1593 1548 1546 1594 1597 1596 1595 1597 1598 1596 1597 1599 1598 1597 1600 1599 1597 1601 1600 1597 1602 1601 1597 1603 1602 1597 1604 1603 1597 1605 1604 1597 1606 1605 1597 1607 1606 1597 1608 1607 1597 1609 1608 1597 1610 1609 1597 1611 1610 1597 1612 1611 1597 1613 1612 1597 1614 1613 1597 1615 1614 1597 1616 1615 1597 1617 1616 1597 1618 1617 1597 1619 1618 1597 1620 1619 1597 1621 1620 1597 1622 1621 1597 1623 1622 1597 1624 1623 1597 1625 1624 1597 1626 1625 1597 1627 1626 1597 1628 1627 1597 1629 1628 1597 1630 1629 1597 1631 1630 1597 1632 1631 1597 1633 1632 1597 1634 1633 1597 1635 1634 1597 1636 1635 1597 1637 1636 1597 1638 1637 1597 1639 1638 1597 1640 1639 1597 1641 1640 1597 1642 1641 1597 1643 1642 1597 1595 1643 1646 1645 1644 1646 1647 1645 1646 1648 1647 1646 1649 1648 1646 1650 1649 1646 1651 1650 1646 1652 1651 1646 1653 1652 1646 1654 1653 1646 1655 1654 1646 1656 1655 1646 1657 1656 1646 1658 1657 1646 1659 1658 1646 1660 1659 1646 1661 1660 1646 1662 1661 1646 1663 1662 1646 1664 1663 1646 1665 1664 1646 1666 1665 1646 1667 1666 1646 1668 1667 1646 1669 1668 1646 1670 1669 1646 1671 1670 1646 1672 1671 1646 1673 1672 1646 1674 1673 1646 1675 1674 1646 1676 1675 1646 1677 1676 1646 1678 1677 1646 1679 1678 1646 1680 1679 1646 1681 1680 1646 1682 1681 1646 1683 1682 1646 1684 1683 1646 1685 1684 1646 1686 1685 1646 1687 1686 1646 1688 1687 1646 1689 1688 1646 1690 1689 1646 1691 1690 1646 1692 1691 1646 1644 1692 
				</p>
			</triangles>
			<triangles count="96" material="sym_1">
				<input semantic="VERTEX" source="#Part-973pa4_dot_dat-vert" offset="0" />
				<input semantic="NORMAL" source="#Part-973pa4_dot_dat-norm" offset="0" />
				<p>
					1695 1694 1693 1694 1697 1696 1696 1693 1694 1699 1698 1696 1696 1697 1699 1701 1700 1698 1698 1699 1701 1703 1702 1700 1700 1701 1703 1705 1704 1702 1702 1703 1705 1706 1704 1705 1705 1707 1706 1708 1706 1707 1711 1710 1709 1709 1712 1711 1710 1713 1709 1709 1713 1714 1714 1713 1715 1715 1716 1714 1718 1717 1714 1714 1716 1718 1717 1718 1719 1719 1720 1717 1721 1719 1718 1718 1722 1721 1725 1724 1723 1723 1726 1725 1727 1718 1723 1723 1724 1727 1722 1718 1727 1729 1728 1719 1719 1721 1729 1730 1728 1729 1728 1730 1731 1731 1732 1728 1733 1732 1731 1731 1734 1733 1736 1734 1735 1735 1737 1736 1736 1737 1738 1734 1731 1735 1740 1739 1732 1732 1733 1740 1713 1742 1741 1741 1715 1713 1741 1742 1743 1743 1742 1744 1744 1742 1745 1745 1746 1744 1749 1748 1747 1747 1750 1749 1750 1747 1751 1751 1752 1750 1747 1754 1753 1753 1751 1747 1755 1753 1754 1754 1756 1755 1756 1758 1757 1757 1755 1756 1758 1760 1759 1759 1757 1758 1763 1762 1761 1761 1764 1763 1763 1765 1762 1765 1763 1766 1766 1767 1765 1766 1763 1768 1768 1769 1766 1769 1768 1770 1770 1771 1769 1773 1772 1771 1771 1770 1773 1775 1774 1772 1772 1773 1775 1748 1749 1774 1774 1775 1748 1757 1759 1776 1759 1760 1777 1777 1778 1759 1781 1780 1779 1779 1782 1781 1740 1782 1779 1779 1739 1740 1785 1784 1783 1783 1779 1785 1739 1779 1783 1781 1787 1786 1786 1780 1781 1786 1787 1788 1791 1790 1789 1789 1792 1791 1792 1789 1793 1793 1794 1792 1794 1793 1795 1796 1757 1776 
				</p>
			</triangles>
		</mesh>
	</geometry>
	<geometry id="Part-bl__3626cpb2898_dot_dat" name="Part-bl__3626cpb2898_dot_dat">
		<mesh>
			<source id="Part-bl__3626cpb2898_dot_dat-pos" name="Part-bl__3626cpb2898_dot_dat-pos">
				<float_array id="Part-bl__3626cpb2898_dot_dat-pos-array" count="2835">
					-13 4 0 -13 4 0 -13 17 0 -13 17 0 -12.619 2.469 0 -12.619 2.469 0 -12.619 18.531 0 -12.619 18.531 0 -12.01 4 -4.975 -12.01 4 4.975 -12.01 17 -4.975 -12.01 17 4.975 -11.659 2.469 -4.83 -11.659 2.469 -4.83 -11.659 2.469 4.83 -11.659 18.531 -4.83 -11.659 18.531 4.83 -11.535 1.172001 0 -11.535 1.172001 0 -11.535 19.828 0 -11.535 19.828 0 -10.658 1.172001 -4.414 -10.658 1.172001 4.414 -10.658 19.828 -4.414 -10.658 19.828 4.414 -9.914 0.3050003 0 -9.914 0.3050003 0 -9.914 20.695 0 -9.914 20.695 0 -9.191999 4 -9.191999 -9.191999 4 9.191999 -9.191999 17 -9.191999 -9.191999 17 9.191999 -9.158999 0.3050003 -3.794 -9.158999 0.3050003 3.794 -9.158999 20.695 -3.794 -9.158999 20.695 3.794 -8.922999 2.469 -8.922999 -8.922999 2.469 8.922999 -8.922999 2.469 8.922999 -8.922999 18.531 -8.922999 -8.922999 18.531 -8.922999 -8.922999 18.531 8.922999 -8.157 1.172001 -8.157 -8.157 1.172001 8.157 -8.157 19.828 -8.157 -8.157 19.828 8.157 -8 0 0 -8 0 0 -8 21 0 -8 21 0 -8 21 0 -8 24 0 -8 24 0 -7.9312 21 -1.044 -7.9312 21 1.044 -7.9312 24 -1.044 -7.9312 24 -1.044 -7.9312 24 1.044 -7.9312 24 1.044 -7.7272 21 -2.0704 -7.7272 21 2.0704 -7.7272 24 -2.0704 -7.7272 24 -2.0704 -7.7272 24 2.0704 -7.7272 24 2.0704 -7.391 0 -3.062 -7.391 0 3.062 -7.3912 21 -3.0616 -7.391 21 -3.062 -7.3912 21 3.0616 -7.391 21 3.062 -7.3912 24 -3.0616 -7.3912 24 -3.0616 -7.3912 24 3.0616 -7.3912 24 3.0616 -7.01 0.3050003 -7.01 -7.01 0.3050003 7.01 -7.01 20.695 -7.01 -7.01 20.695 7.01 -6.928 21 -4 -6.928 21 4 -6.928 24 -4 -6.928 24 -4 -6.928 24 4 -6.928 24 4 -6.3472 21 -4.8704 -6.3472 21 4.8704 -6.3472 24 -4.8704 -6.3472 24 -4.8704 -6.3472 24 4.8704 -6.3472 24 4.8704 -6 -4 0 -6 -4 0 -6 0 0 -6 0 0 -6 0 0 -6 4 0 -6 4 0 -6 24 0 -6 24 0 -5.9484 -4 -0.783 -5.9484 -4 -0.783 -5.9484 -4 0.783 -5.9484 -4 0.783 -5.9484 0 -0.783 -5.9484 0 0.783 -5.9484 4 -0.783 -5.9484 4 -0.783 -5.9484 4 0.783 -5.9484 4 0.783 -5.9484 24 -0.783 -5.9484 24 -0.783 -5.9484 24 0.783 -5.9484 24 0.783 -5.7954 -4 -1.5528 -5.7954 -4 -1.5528 -5.7954 -4 1.5528 -5.7954 -4 1.5528 -5.7954 0 -1.5528 -5.7954 0 1.5528 -5.7954 4 -1.5528 -5.7954 4 -1.5528 -5.7954 4 1.5528 -5.7954 4 1.5528 -5.7954 24 -1.5528 -5.7954 24 -1.5528 -5.7954 24 1.5528 -5.7954 24 1.5528 -5.657 0 -5.657 -5.657 0 5.657 -5.6568 21 -5.6568 -5.657 21 -5.657 -5.6568 21 5.6568 -5.657 21 5.657 -5.6568 24 -5.6568 -5.6568 24 -5.6568 -5.6568 24 5.6568 -5.6568 24 5.6568 -5.5434 -4 -2.2962 -5.5434 -4 -2.2962 -5.5434 -4 2.2962 -5.5434 -4 2.2962 -5.5434 0 -2.2962 -5.543 0 -2.296 -5.5434 0 2.2962 -5.543 0 2.296 -5.5434 4 -2.2962 -5.5434 4 -2.2962 -5.5434 4 2.2962 -5.5434 4 2.2962 -5.5434 24 -2.2962 -5.5434 24 -2.2962 -5.5434 24 2.2962 -5.5434 24 2.2962 -5.196 -4 -3 -5.196 -4 -3 -5.196 -4 3 -5.196 -4 3 -5.196 0 -3 -5.196 0 3 -5.196 4 -3 -5.196 4 -3 -5.196 4 3 -5.196 4 3 -5.196 24 -3 -5.196 24 -3 -5.196 24 3 -5.196 24 3 -4.975 4 -12.011 -4.975 4 12.01 -4.975 17 -12.011 -4.975 17 12.01 -4.8704 21 -6.3472 -4.8704 21 6.3472 -4.8704 24 -6.3472 -4.8704 24 -6.3472 -4.8704 24 6.3472 -4.8704 24 6.3472 -4.83 2.469 -11.659 -4.83 2.469 -11.659 -4.83 2.469 11.659 -4.83 18.531 -11.659 -4.83 18.531 -11.659 -4.83 18.531 11.659 -4.7604 -4 -3.6528 -4.7604 -4 -3.6528 -4.7604 -4 3.6528 -4.7604 -4 3.6528 -4.7604 0 -3.6528 -4.7604 0 3.6528 -4.7604 4 -3.6528 -4.7604 4 -3.6528 -4.7604 4 3.6528 -4.7604 4 3.6528 -4.7604 24 -3.6528 -4.7604 24 -3.6528 -4.7604 24 3.6528 -4.7604 24 3.6528 -4.414 1.172001 -10.658 -4.414 1.172001 10.658 -4.414 19.828 -10.658 -4.414 19.828 10.658 -4.2426 -4 -4.2426 -4.2426 -4 -4.2426 -4.2426 -4 4.2426 -4.2426 -4 4.2426 -4.2426 0 -4.2426 -4.243 0 -4.243 -4.2426 0 4.2426 -4.243 0 4.243 -4.2426 4 -4.2426 -4.2426 4 -4.2426 -4.2426 4 4.2426 -4.2426 4 4.2426 -4.2426 24 -4.2426 -4.2426 24 -4.2426 -4.2426 24 4.2426 -4.2426 24 4.2426 -4 -4 0 -4 -4 0 -4 0 0 -4 4 0 -4 4 0 -4 21 -6.928 -4 21 6.928 -4 24 -6.928 -4 24 -6.928 -4 24 6.928 -4 24 6.928 -3.9656 -4 -0.522 -3.9656 -4 -0.522 -3.9656 -4 0.522 -3.9656 -4 0.522 -3.9656 0 -0.522 -3.9656 0 0.522 -3.9656 4 -0.522 -3.9656 4 0.522 -3.8636 -4 -1.0352 -3.8636 -4 -1.0352 -3.8636 -4 1.0352 -3.8636 -4 1.0352 -3.8636 0 -1.0352 -3.8636 0 1.0352 -3.8636 4 -1.0352 -3.8636 4 1.0352 -3.794 0.3050003 -9.158999 -3.794 0.3050003 9.158999 -3.794 20.695 -9.158999 -3.794 20.695 9.158999 -3.79 0 1.04 -3.79 0 1.04 -3.79 0 1.04 -3.79 4 1.04 -3.79 4 1.04 -3.79 4 1.04 -3.6956 -4 -1.5308 -3.6956 -4 -1.5308 -3.6956 -4 1.5308 -3.6956 -4 1.5308 -3.6956 0 -1.5308 -3.6956 0 1.5308 -3.6955 0 1.5307 -3.6956 4 -1.5308 -3.6956 4 -1.5308 -3.6955 4 1.5307 -3.6528 -4 -4.7604 -3.6528 -4 -4.7604 -3.6528 -4 4.7604 -3.6528 -4 4.7604 -3.6528 0 -4.7604 -3.6528 0 4.7604 -3.6528 4 -4.7604 -3.6528 4 -4.7604 -3.6528 4 4.7604 -3.6528 4 4.7604 -3.6528 24 -4.7604 -3.6528 24 -4.7604 -3.6528 24 4.7604 -3.6528 24 4.7604 -3.464 -4 -2 -3.464 -4 -2 -3.464 -4 2 -3.464 -4 2 -3.464 0 -2 -3.464 0 2 -3.464 4 -2 -3.464 4 2 -3.1736 -4 -2.4352 -3.1736 -4 -2.4352 -3.1736 -4 2.4352 -3.1736 -4 2.4352 -3.1736 0 -2.4352 -3.1736 0 2.4352 -3.1736 4 -2.4352 -3.1736 4 2.4352 -3.062 0 -7.391 -3.062 0 7.391 -3.0616 21 -7.3912 -3.062 21 -7.391 -3.0616 21 7.3912 -3.062 21 7.391 -3.0616 24 -7.3912 -3.0616 24 -7.3912 -3.0616 24 7.3912 -3.0616 24 7.3912 -3 -4 -5.196 -3 -4 -5.196 -3 -4 5.196 -3 -4 5.196 -3 0 -5.196 -3 0 5.196 -3 4 -5.196 -3 4 -5.196 -3 4 5.196 -3 4 5.196 -3 24 -5.196 -3 24 -5.196 -3 24 5.196 -3 24 5.196 -2.85 0 2.8 -2.85 0 2.8 -2.85 0 2.8 -2.85 4 2.8 -2.85 4 2.8 -2.85 4 2.8 -2.8284 -4 -2.8284 -2.8284 -4 -2.8284 -2.8284 -4 2.8284 -2.8284 -4 2.8284 -2.8284 0 -2.8284 -2.8284 0 2.8284 -2.8284 4 -2.8284 -2.8284 4 -2.8284 -2.8284 4 2.8284 -2.8284 4 2.8284 -2.4352 -4 -3.1736 -2.4352 -4 -3.1736 -2.4352 -4 3.1736 -2.4352 -4 3.1736 -2.4352 0 -3.1736 -2.4352 0 3.1736 -2.4352 4 -3.1736 -2.4352 4 3.1736 -2.2962 -4 -5.5434 -2.2962 -4 -5.5434 -2.2962 -4 5.5434 -2.2962 -4 5.5434 -2.2962 0 -5.5434 -2.296 0 -5.543 -2.2962 0 5.5434 -2.296 0 5.543 -2.2962 4 -5.5434 -2.2962 4 -5.5434 -2.2962 4 5.5434 -2.2962 4 5.5434 -2.2962 24 -5.5434 -2.2962 24 -5.5434 -2.2962 24 5.5434 -2.2962 24 5.5434 -2.0704 21 -7.7272 -2.0704 21 7.7272 -2.0704 24 -7.7272 -2.0704 24 -7.7272 -2.0704 24 7.7272 -2.0704 24 7.7272 -2 -4 -3.464 -2 -4 -3.464 -2 -4 3.464 -2 -4 3.464 -2 0 -3.464 -2 0 3.464 -2 4 -3.464 -2 4 3.464 -1.5528 -4 -5.7954 -1.5528 -4 -5.7954 -1.5528 -4 5.7954 -1.5528 -4 5.7954 -1.5528 0 -5.7954 -1.5528 0 5.7954 -1.5528 4 -5.7954 -1.5528 4 -5.7954 -1.5528 4 5.7954 -1.5528 4 5.7954 -1.5528 24 -5.7954 -1.5528 24 -5.7954 -1.5528 24 5.7954 -1.5528 24 5.7954 -1.5308 -4 -3.6956 -1.5308 -4 -3.6956 -1.5308 -4 3.6956 -1.5308 -4 3.6956 -1.5308 0 -3.6956 -1.5308 0 3.6956 -1.5308 4 -3.6956 -1.5308 4 -3.6956 -1.5308 4 3.6956 -1.5308 4 3.6956 -1.044 21 -7.9312 -1.044 21 7.9312 -1.044 24 -7.9312 -1.044 24 -7.9312 -1.044 24 7.9312 -1.044 24 7.9312 -1.0352 -4 -3.8636 -1.0352 -4 -3.8636 -1.0352 -4 3.8636 -1.0352 -4 3.8636 -1.0352 0 -3.8636 -1.0352 0 3.8636 -1.0352 4 -3.8636 -1.0352 4 3.8636 -1 0 -3.8011 -1 0 -3.8011 -1 0 -3.8011 -1 0 -0.58 -1 0 -0.58 -1 0 -0.58 -1 4 -3.8011 -1 4 -3.8011 -1 4 -3.8011 -1 4 -0.58 -1 4 -0.58 -1 4 -0.58 -0.783 -4 -5.9484 -0.783 -4 -5.9484 -0.783 -4 5.9484 -0.783 -4 5.9484 -0.783 0 -5.9484 -0.783 0 5.9484 -0.783 4 -5.9484 -0.783 4 -5.9484 -0.783 4 5.9484 -0.783 4 5.9484 -0.783 24 -5.9484 -0.783 24 -5.9484 -0.783 24 5.9484 -0.783 24 5.9484 -0.522 -4 -3.9656 -0.522 -4 -3.9656 -0.522 -4 3.9656 -0.522 -4 3.9656 -0.522 0 -3.9656 -0.522 0 3.9656 -0.522 4 -3.9656 -0.522 4 3.9656 0 -4 -6 0 -4 -6 0 -4 -4 0 -4 -4 0 -4 4 0 -4 4 0 -4 6 0 -4 6 0 0 -8 0 0 -6 0 0 -6 0 0 -4 0 0 -4 0 0 0 0 0 1.15 0 0 1.15 0 0 1.15 0 0 4 0 0 6 0 0 6 0 0 8 0 0.3050003 -9.914 0 0.3050003 9.914 0 1.172001 -11.535 0 1.172001 11.535 0 2.469 -12.619 0 2.469 12.619 0 2.469 12.619 0 4 -13 0 4 -6 0 4 -6 0 4 -4 0 4 0 0 4 1.15 0 4 1.15 0 4 1.15 0 4 4 0 4 4 0 4 6 0 4 6 0 4 13 0 17 -13 0 17 13 0 18.531 -12.619 0 18.531 12.619 0 18.531 12.619 0 19.828 -11.535 0 19.828 11.535 0 20.695 -9.914 0 20.695 9.914 0 21 -8 0 21 -8 0 21 8 0 21 8 0 24 -8 0 24 -8 0 24 -6 0 24 -6 0 24 6 0 24 6 0 24 8 0 24 8 0.522 -4 -3.9656 0.522 -4 -3.9656 0.522 -4 3.9656 0.522 -4 3.9656 0.522 0 -3.9656 0.522 0 3.9656 0.522 4 -3.9656 0.522 4 3.9656 0.783 -4 -5.9484 0.783 -4 -5.9484 0.783 -4 5.9484 0.783 -4 5.9484 0.783 0 -5.9484 0.783 0 5.9484 0.783 4 -5.9484 0.783 4 -5.9484 0.783 4 5.9484 0.783 4 5.9484 0.783 24 -5.9484 0.783 24 -5.9484 0.783 24 5.9484 0.783 24 5.9484 1 0 -3.8011 1 0 -3.8011 1 0 -3.8011 1 0 -0.58 1 0 -0.58 1 0 -0.58 1 4 -3.8011 1 4 -3.8011 1 4 -3.8011 1 4 -0.58 1 4 -0.58 1 4 -0.58 1.0352 -4 -3.8636 1.0352 -4 -3.8636 1.0352 -4 3.8636 1.0352 -4 3.8636 1.0352 0 -3.8636 1.0352 0 3.8636 1.0352 4 -3.8636 1.0352 4 3.8636 1.044 21 -7.9312 1.044 21 7.9312 1.044 24 -7.9312 1.044 24 -7.9312 1.044 24 7.9312 1.044 24 7.9312 1.5308 -4 -3.6956 1.5308 -4 -3.6956 1.5308 -4 3.6956 1.5308 -4 3.6956 1.5308 0 -3.6956 1.5308 0 3.6956 1.5308 4 -3.6956 1.5308 4 -3.6956 1.5308 4 3.6956 1.5308 4 3.6956 1.5528 -4 -5.7954 1.5528 -4 -5.7954 1.5528 -4 5.7954 1.5528 -4 5.7954 1.5528 0 -5.7954 1.5528 0 5.7954 1.5528 4 -5.7954 1.5528 4 -5.7954 1.5528 4 5.7954 1.5528 4 5.7954 1.5528 24 -5.7954 1.5528 24 -5.7954 1.5528 24 5.7954 1.5528 24 5.7954 2 -4 -3.464 2 -4 -3.464 2 -4 3.464 2 -4 3.464 2 0 -3.464 2 0 3.464 2 4 -3.464 2 4 3.464 2.0704 21 -7.7272 2.0704 21 7.7272 2.0704 24 -7.7272 2.0704 24 -7.7272 2.0704 24 7.7272 2.0704 24 7.7272 2.2962 -4 -5.5434 2.2962 -4 -5.5434 2.2962 -4 5.5434 2.2962 -4 5.5434 2.2962 0 -5.5434 2.296 0 -5.543 2.2962 0 5.5434 2.296 0 5.543 2.2962 4 -5.5434 2.2962 4 -5.5434 2.2962 4 5.5434 2.2962 4 5.5434 2.2962 24 -5.5434 2.2962 24 -5.5434 2.2962 24 5.5434 2.2962 24 5.5434 2.4352 -4 -3.1736 2.4352 -4 -3.1736 2.4352 -4 3.1736 2.4352 -4 3.1736 2.4352 0 -3.1736 2.4352 0 3.1736 2.4352 4 -3.1736 2.4352 4 3.1736 2.8284 -4 -2.8284 2.8284 -4 -2.8284 2.8284 -4 2.8284 2.8284 -4 2.8284 2.8284 0 -2.8284 2.8284 0 2.8284 2.8284 4 -2.8284 2.8284 4 -2.8284 2.8284 4 2.8284 2.8284 4 2.8284 2.85 0 2.8 2.85 0 2.8 2.85 0 2.8 2.85 4 2.8 2.85 4 2.8 2.85 4 2.8 3 -4 -5.196 3 -4 -5.196 3 -4 5.196 3 -4 5.196 3 0 -5.196 3 0 5.196 3 4 -5.196 3 4 -5.196 3 4 5.196 3 4 5.196 3 24 -5.196 3 24 -5.196 3 24 5.196 3 24 5.196 3.062 0 -7.391 3.062 0 7.391 3.0616 21 -7.3912 3.062 21 -7.391 3.0616 21 7.3912 3.062 21 7.391 3.0616 24 -7.3912 3.0616 24 -7.3912 3.0616 24 7.3912 3.0616 24 7.3912 3.1736 -4 -2.4352 3.1736 -4 -2.4352 3.1736 -4 2.4352 3.1736 -4 2.4352 3.1736 0 -2.4352 3.1736 0 2.4352 3.1736 4 -2.4352 3.1736 4 2.4352 3.464 -4 -2 3.464 -4 -2 3.464 -4 2 3.464 -4 2 3.464 0 -2 3.464 0 2 3.464 4 -2 3.464 4 2 3.6528 -4 -4.7604 3.6528 -4 -4.7604 3.6528 -4 4.7604 3.6528 -4 4.7604 3.6528 0 -4.7604 3.6528 0 4.7604 3.6528 4 -4.7604 3.6528 4 -4.7604 3.6528 4 4.7604 3.6528 4 4.7604 3.6528 24 -4.7604 3.6528 24 -4.7604 3.6528 24 4.7604 3.6528 24 4.7604 3.6956 -4 -1.5308 3.6956 -4 -1.5308 3.6956 -4 1.5308 3.6956 -4 1.5308 3.6956 0 -1.5308 3.6955 0 1.5307 3.6956 0 1.5308 3.6956 4 -1.5308 3.6956 4 -1.5308 3.6956 4 1.5308 3.79 0 1.04 3.79 0 1.04 3.79 0 1.04 3.79 4 1.04 3.79 4 1.04 3.79 4 1.04 3.794 0.3050003 -9.158999 3.794 0.3050003 9.158999 3.794 20.695 -9.158999 3.794 20.695 9.158999 3.8636 -4 -1.0352 3.8636 -4 -1.0352 3.8636 -4 1.0352 3.8636 -4 1.0352 3.8636 0 -1.0352 3.8636 0 1.0352 3.8636 4 -1.0352 3.8636 4 1.0352 3.9656 -4 -0.522 3.9656 -4 -0.522 3.9656 -4 0.522 3.9656 -4 0.522 3.9656 0 -0.522 3.9656 0 0.522 3.9656 4 -0.522 3.9656 4 0.522 4 -4 0 4 -4 0 4 0 0 4 4 0 4 4 0 4 21 -6.928 4 21 6.928 4 24 -6.928 4 24 -6.928 4 24 6.928 4 24 6.928 4.2426 -4 -4.2426 4.2426 -4 -4.2426 4.2426 -4 4.2426 4.2426 -4 4.2426 4.2426 0 -4.2426 4.243 0 -4.243 4.2426 0 4.2426 4.243 0 4.243 4.2426 4 -4.2426 4.2426 4 -4.2426 4.2426 4 4.2426 4.2426 4 4.2426 4.2426 24 -4.2426 4.2426 24 -4.2426 4.2426 24 4.2426 4.2426 24 4.2426 4.414 1.172001 -10.658 4.414 1.172001 10.658 4.414 19.828 -10.658 4.414 19.828 10.658 4.7604 -4 -3.6528 4.7604 -4 -3.6528 4.7604 -4 3.6528 4.7604 -4 3.6528 4.7604 0 -3.6528 4.7604 0 3.6528 4.7604 4 -3.6528 4.7604 4 -3.6528 4.7604 4 3.6528 4.7604 4 3.6528 4.7604 24 -3.6528 4.7604 24 -3.6528 4.7604 24 3.6528 4.7604 24 3.6528 4.83 2.469 -11.659 4.83 2.469 -11.659 4.83 2.469 11.659 4.83 2.469 11.659 4.83 18.531 -11.659 4.83 18.531 11.659 4.83 18.531 11.659 4.8704 21 -6.3472 4.8704 21 6.3472 4.8704 24 -6.3472 4.8704 24 -6.3472 4.8704 24 6.3472 4.8704 24 6.3472 4.975 4 -12.011 4.975 4 12.01 4.975 17 -12.011 4.975 17 12.01 5.196 -4 -3 5.196 -4 -3 5.196 -4 3 5.196 -4 3 5.196 0 -3 5.196 0 3 5.196 4 -3 5.196 4 -3 5.196 4 3 5.196 4 3 5.196 24 -3 5.196 24 -3 5.196 24 3 5.196 24 3 5.5434 -4 -2.2962 5.5434 -4 -2.2962 5.5434 -4 2.2962 5.5434 -4 2.2962 5.5434 0 -2.2962 5.543 0 -2.296 5.5434 0 2.2962 5.543 0 2.296 5.5434 4 -2.2962 5.5434 4 -2.2962 5.5434 4 2.2962 5.5434 4 2.2962 5.5434 24 -2.2962 5.5434 24 -2.2962 5.5434 24 2.2962 5.5434 24 2.2962 5.657 0 -5.657 5.657 0 5.657 5.6568 21 -5.6568 5.657 21 -5.657 5.6568 21 5.6568 5.657 21 5.657 5.6568 24 -5.6568 5.6568 24 -5.6568 5.6568 24 5.6568 5.6568 24 5.6568 5.7954 -4 -1.5528 5.7954 -4 -1.5528 5.7954 -4 1.5528 5.7954 -4 1.5528 5.7954 0 -1.5528 5.7954 0 1.5528 5.7954 4 -1.5528 5.7954 4 -1.5528 5.7954 4 1.5528 5.7954 4 1.5528 5.7954 24 -1.5528 5.7954 24 -1.5528 5.7954 24 1.5528 5.7954 24 1.5528 5.9484 -4 -0.783 5.9484 -4 -0.783 5.9484 -4 0.783 5.9484 -4 0.783 5.9484 0 -0.783 5.9484 0 0.783 5.9484 4 -0.783 5.9484 4 -0.783 5.9484 4 0.783 5.9484 4 0.783 5.9484 24 -0.783 5.9484 24 -0.783 5.9484 24 0.783 5.9484 24 0.783 6 -4 0 6 -4 0 6 0 0 6 0 0 6 4 0 6 4 0 6 24 0 6 24 0 6.3472 21 -4.8704 6.3472 21 4.8704 6.3472 24 -4.8704 6.3472 24 -4.8704 6.3472 24 4.8704 6.3472 24 4.8704 6.928 21 -4 6.928 21 4 6.928 24 -4 6.928 24 -4 6.928 24 4 6.928 24 4 7.01 0.3050003 -7.01 7.01 0.3050003 7.01 7.01 20.695 -7.01 7.01 20.695 7.01 7.391 0 -3.062 7.391 0 3.062 7.3912 21 -3.0616 7.391 21 -3.062 7.3912 21 3.0616 7.391 21 3.062 7.3912 24 -3.0616 7.3912 24 -3.0616 7.3912 24 3.0616 7.3912 24 3.0616 7.7272 21 -2.0704 7.7272 21 2.0704 7.7272 24 -2.0704 7.7272 24 -2.0704 7.7272 24 2.0704 7.7272 24 2.0704 7.9312 21 -1.044 7.9312 21 1.044 7.9312 24 -1.044 7.9312 24 -1.044 7.9312 24 1.044 7.9312 24 1.044 8 0 0 8 21 0 8 21 0 8 24 0 8 24 0 8.157 1.172001 -8.157 8.157 1.172001 8.157 8.157 19.828 -8.157 8.157 19.828 8.157 8.922999 2.469 -8.922999 8.922999 2.469 -8.922999 8.922999 2.469 8.922999 8.922999 18.531 -8.922999 8.922999 18.531 8.922999 9.158999 0.3050003 -3.794 9.158999 0.3050003 3.794 9.158999 20.695 -3.794 9.158999 20.695 3.794 9.191999 4 -9.191999 9.191999 4 9.191999 9.191999 17 -9.191999 9.191999 17 9.191999 9.914 0.3050003 0 9.914 20.695 0 10.658 1.172001 -4.414 10.658 1.172001 4.414 10.658 19.828 -4.414 10.658 19.828 4.414 11.535 1.172001 0 11.535 19.828 0 11.659 2.469 -4.83 11.659 2.469 -4.83 11.659 2.469 4.83 11.659 18.531 -4.83 11.659 18.531 4.83 12.011 4 -4.975 12.011 4 4.975 12.011 17 -4.975 12.011 17 4.975 12.619 2.469 0 12.619 2.469 0 12.619 18.531 0 12.619 18.531 0 13 4 0 13 17 0 
				</float_array>
				<technique_common>
					<accessor count="945" source="#Part-bl__3626cpb2898_dot_dat-pos-array" stride="3">
						<param name="X" type="float" /><param name="Y" type="float" /><param name="Z" type="float" />
					</accessor>
				</technique_common>
			</source>
			<source id="Part-bl__3626cpb2898_dot_dat-norm" name="Part-bl__3626cpb2898_dot_dat-norm">
				<float_array id="Part-bl__3626cpb2898_dot_dat-norm-array" count="2835">
					-0.9804457 -0.02570713 0.1951039 -0.9804573 -0.02533303 -0.1950943 -0.9804573 0.02533303 0.1950943 -0.9804457 0.02570713 -0.1951039 -0.9064288 -0.3819706 0.1802368 -0.8410218 -0.5145348 -0.1671418 -0.8410218 0.5145348 0.1671418 -0.9064288 0.3819706 -0.1802368 -0.896275 -0.02585623 -0.4427445 -0.9467968 -0.02586987 0.3207906 -0.9467968 0.02586987 -0.3207906 -0.896275 0.02585623 0.4427445 -0.6430494 -0.6338677 -0.4297665 -0.8954533 -0.3510488 -0.2737301 -0.8191871 -0.4557212 0.3482105 -0.8191871 0.4557212 -0.3482105 -0.8254802 0.4557137 0.3330277 -0.671378 -0.7290081 0.1334125 -0.5749423 -0.8101739 -0.114279 -0.5749423 0.8101739 0.114279 -0.671378 0.7290081 -0.1334125 -0.5874512 -0.7761288 -0.2291837 -0.5775387 -0.7760694 0.253309 -0.5775387 0.7760694 -0.253309 -0.5874512 0.7761288 0.2291837 -0.3721037 -0.9252371 0.07399427 -0.2685296 -0.9617884 -0.0534319 -0.2685296 0.9617884 0.0534319 -0.3721037 0.9252371 -0.07399427 -0.6587456 -0.0258872 -0.7519203 -0.7519835 -0.02586928 0.6586741 -0.7520126 0.02586921 -0.6586409 -0.6586741 0.02586928 0.7519835 -0.3047149 -0.9459044 -0.111417 -0.2942124 -0.9459182 0.1366667 -0.2942124 0.9459182 -0.1366667 -0.3047149 0.9459044 0.111417 -0.6352164 -0.4556702 -0.6235904 -0.6430494 -0.6338677 0.4297665 -0.5956402 -0.3509753 0.7225158 -0.5956427 0.3510893 -0.7224584 -0.6430494 0.6338677 -0.4297665 -0.6352164 0.4556702 0.6235904 -0.45502 -0.7760745 -0.4366523 -0.4366523 -0.7760745 0.4550199 -0.4366523 0.7760745 -0.4550199 -0.45502 0.7760745 0.4366523 -0.08737108 -0.9960241 0.01738247 -0.07768068 -0.9968585 -0.01544989 -0.9997588 0 0.02196149 -0.1572898 0.9870569 0.03128332 -0.1573045 0.9870541 -0.03129572 -0.9997588 0 -0.02196149 0 1 0 -0.9940385 0 -0.1090301 -0.988354 0 0.1521723 -0.988354 0 -0.1521723 0 0.9999999 0 0 1 0 -0.9940385 0 0.1090301 -0.9714056 0 -0.2374263 -0.9601343 0 0.2795392 0 1 0 -0.9601343 0 -0.2795392 -0.9714056 0 0.2374263 0 0.9999999 0 -0.08018809 -0.9964331 -0.02628534 -0.07529154 -0.9964327 0.03811671 -0.9320765 0 -0.3622615 -0.1408311 0.9874631 -0.07129644 -0.9152585 0 0.402867 -0.1499827 0.9874655 0.04916374 -0.9152585 0 -0.402867 0 1 0 -0.9320765 0 0.3622615 0 1 0 -0.238873 -0.9459072 -0.2195433 -0.2195433 -0.9459072 0.238873 -0.2195433 0.9459072 -0.238873 -0.238873 0.9459072 0.2195433 -0.8767221 0 -0.4809973 -0.8550503 0 0.518545 -0.8550503 0 -0.518545 0 1 0 -0.8767221 0 0.4809973 0 1 0 -0.8065997 0 -0.5910981 -0.7797715 0 0.6260643 -0.7797715 0 -0.6260643 0 1 0 -0.8065997 0 0.5910981 0 1 0 0 -1 0 -0.9997588 0 0.02196149 -0.9997588 0 -0.02196149 0 -1 0 0 -1 0 0.9997588 0 -0.02196149 0 1 0 0 1 0 0.9997588 0 0.02196149 -0.9940385 0 -0.1090301 0 -1 0 0 -1 0 -0.988354 0 0.1521722 -0.988354 0 -0.1521722 -0.9940385 0 0.1090301 0.9940384 0 0.1090301 0 1 0 0 1 0 0.988354 0 -0.1521722 0 0.9999999 0 0.988354 0 0.1521722 0.9940384 0 -0.1090301 0 1 0 0 -1 0 -0.9714056 0 -0.2374264 -0.9601342 0 0.2795394 0 -1 0 -0.9601342 0 -0.2795394 -0.9714056 0 0.2374264 0 1 0 0.9714056 0 0.2374264 0 1 0 0.9601342 0 -0.2795394 0 1 0 0.9601342 0 0.2795394 0 1 0 0.9714056 0 -0.2374264 -0.06403376 -0.9964322 -0.05497823 -0.05497823 -0.9964322 0.06403376 -0.7222591 0 -0.6916226 -0.1028302 0.9874622 -0.1197675 -0.6916226 0 0.7222591 -0.1197675 0.9874622 0.1028302 -0.6916226 0 -0.7222591 0 1 0 0 1 0 -0.7222591 0 0.6916226 -0.9320765 0 -0.3622616 0 -1 0 0 -1 0 -0.9152586 0 0.4028669 -0.9152586 0 -0.4028669 0 -0.9999999 0 -0.9320765 0 0.3622616 0 -1 0 0 1 0 0.9320765 0 0.3622616 0.9152585 0 -0.4028668 0 1 0 0.9152585 0 0.4028668 0 1 0 0 0.9999999 0 0.9320765 0 -0.3622616 -0.8767222 0 -0.4809971 0 -0.9999999 0 -0.8550503 0 0.5185451 0 -1 0 -0.8550503 0 -0.5185451 -0.8767222 0 0.4809971 0.8767222 0 0.4809971 0 1 0 0.8550503 0 -0.5185451 0 0.9999999 0 0.8550503 0 0.5185451 0 1 0 0 0.9999999 0 0.8767222 0 -0.4809971 -0.3207365 -0.02591268 -0.946814 -0.4427445 -0.02585623 0.896275 -0.4427921 0.02589786 -0.8962502 -0.3207906 0.02586987 0.9467968 -0.6260643 0 -0.7797715 -0.5910981 0 0.8065997 -0.5910981 0 -0.8065997 0 1 0 -0.6260643 0 0.7797715 0 1 0 -0.1507473 -0.6339041 -0.7585782 -0.4396503 -0.3512756 -0.8266275 -0.3330277 -0.4557137 0.8254802 -0.2736561 0.3513081 -0.8953742 -0.4297665 0.6338677 -0.6430494 -0.3482105 0.4557212 0.8191871 0 -1 0 -0.8065997 0 -0.5910981 0 -1 0 -0.7797716 0 0.6260642 -0.7797716 0 -0.6260642 -0.8065997 0 0.5910981 0 1 0 0.8065997 0 0.5910981 0.7797715 0 -0.6260642 0 1 0 0 1 0 0.7797715 0 0.6260642 0.8065997 0 -0.5910981 0 1 0 -0.253309 -0.7760694 -0.5775387 -0.2291837 -0.7761288 0.5874512 -0.2291837 0.7761288 -0.5874512 -0.253309 0.7760694 0.5775387 0 -1 0 -0.7222592 0 -0.6916225 -0.6916225 0 0.7222592 0 -1 0 -0.6916225 0 -0.7222592 0 -0.9999999 0 -0.7222592 0 0.6916225 0 -0.9999999 0 0 1 0 0.7222592 0 0.6916225 0 1 0 0.6916225 0 -0.7222592 0.6916225 0 0.7222592 0 1 0 0 1 0 0.7222592 0 -0.6916225 0 -1 0 0.9997588 0 -0.02196149 0.999877 0 -0.01568346 0.9953064 0 0.09677397 0 1 0 -0.518545 0 -0.8550503 -0.4809973 0 0.8767221 0 1 0 -0.4809973 0 -0.8767221 -0.518545 0 0.8550503 0 1 0 0 -0.9999999 0 0.9940384 0 0.1090301 0 -0.9999999 0 0.988354 0 -0.1521723 0.988354 0 0.1521723 0.9940384 0 -0.1090301 0 0.9999999 0 0 0.9999999 0 0.9714056 0 0.2374263 0 -0.9999999 0 0.9601343 0 -0.2795392 0 -1 0 0.9601343 0 0.2795392 0.9714056 0 -0.2374263 0 1 0 0 0.9999999 0 -0.1366667 -0.9459182 -0.2942124 -0.111417 -0.9459044 0.3047149 -0.111417 0.9459044 -0.3047149 -0.1366667 0.9459182 0.2942124 0.9802164 0 -0.1979284 -0.5021355 0 -0.864789 0 -1 0 0 1 0 -0.5021355 0 -0.864789 0.9802164 0 -0.1979284 0.9320765 0 0.3622615 0 -1 0 0.9152585 0 -0.402867 0 -0.9999999 0 0.9397631 0 0.3418264 0.9320765 0 -0.3622615 0 -1 0 0.8965206 0 0.443002 0 0.9999999 0 0 1 0 0 -1 0 -0.6260642 0 -0.7797716 -0.5910981 0 0.8065997 0 -1 0 -0.5910981 0 -0.8065997 -0.6260642 0 0.7797716 0.6260642 0 0.7797715 0 1 0 0.5910981 0 -0.8065997 0 1 0 0 1 0 0.5910981 0 0.8065997 0.6260642 0 -0.7797715 0 1 0 0.8767222 0 0.4809973 0 -1 0 0.8550502 0 -0.518545 0 -1 0 0.8550502 0 0.518545 0.8767222 0 -0.4809973 0 1 0 0 1 0 0.8065997 0 0.5910981 0 -0.9999999 0 0 -0.9999999 0 0.7797715 0 -0.6260642 0.7797715 0 0.6260642 0.8065997 0 -0.5910981 0 0.9999999 0 0 0.9999999 0 -0.03811671 -0.9964327 -0.07529154 -0.02628534 -0.9964331 0.08018809 -0.402867 0 -0.9152585 -0.04916374 0.9874655 -0.1499827 -0.3622615 0 0.9320765 -0.07129644 0.9874631 0.1408311 0 1 0 -0.3622615 0 -0.9320765 0 1 0 -0.402867 0 0.9152585 -0.5185451 0 -0.8550503 0 -1 0 -0.4809971 0 0.8767222 0 -0.9999999 0 -0.4809971 0 -0.8767222 -0.5185451 0 0.8550503 0.5185451 0 0.8550503 0 0.9999999 0 0 1 0 0.4809971 0 -0.8767222 0.4809971 0 0.8767222 0 0.9999999 0 0 1 0 0.5185451 0 -0.8550503 0.5010362 0 0.8654262 0.7959454 0 -0.6053684 0 -0.9999999 0 0 0.9999999 0 0.5010362 0 0.8654262 0.7959454 0 -0.6053684 0.7222592 0 0.6916226 0 -1 0 0 -1 0 0.6916226 0 -0.7222592 0.7374423 0 0.6754102 0.6161017 0 -0.7876667 0 1 0 0.6587999 0 0.7523182 0.5674459 0 -0.8234106 0 1 0 0 -0.9999999 0 0.6260642 0 0.7797715 0.5910981 0 -0.8065997 0 -0.9999999 0 0.5910981 0 0.8065997 0.6260642 0 -0.7797715 0 0.9999999 0 0 0.9999999 0 0 -1 0 -0.4028669 0 -0.9152586 -0.3622616 0 0.9320765 0 -1 0 -0.3622616 0 -0.9320765 0 -1 0 -0.4028669 0 0.9152586 0 -0.9999999 0 0 1 0 0.4028668 0 0.9152585 0.3622616 0 -0.9320765 0 1 0 0 0.9999999 0 0.3622616 0 0.9320765 0 1 0 0.4028668 0 -0.9152585 -0.2795392 0 -0.9601343 -0.2374263 0 0.9714056 0 0.9999999 0 -0.2374263 0 -0.9714056 0 1 0 -0.2795392 0 0.9601343 0 -1 0 0.518545 0 0.8550502 0.4809973 0 -0.8767222 0 -1 0 0.4809973 0 0.8767222 0.518545 0 -0.8550502 0 1 0 0 1 0 -0.2795394 0 -0.9601342 0 -1 0 -0.2374264 0 0.9714056 0 -1 0 -0.2374264 0 -0.9714056 -0.2795394 0 0.9601342 0 1 0 0.2795394 0 0.9601342 0 1 0 0.2374264 0 -0.9714056 0.2374264 0 0.9714056 0 1 0 0 1 0 0.2795394 0 -0.9601342 0.402867 0 0.9152585 0 -0.9999999 0 0 -1 0 0.3622615 0 -0.9320765 0.4647794 0 0.8854265 0.3418264 0 -0.9397631 0 1 0 0.4156668 0 0.9095169 0.443002 0 -0.8965206 0 0.9999999 0 -0.1521723 0 -0.988354 -0.1090301 0 0.9940385 -0.1090301 0 -0.9940385 0 1 0 -0.1521723 0 0.988354 0 0.9999999 0 0 -1 0 0.2795392 0 0.9601343 0.2374263 0 -0.9714056 0 -0.9999999 0 0.2374263 0 0.9714056 0.2795392 0 -0.9601343 0 0.9999999 0 0 1 0 0.1949433 0 0.9808146 -1 0 0 0 -1 0 -1 0 0 0 -1 0 -0.5021355 0 -0.864789 0.1949433 0 0.9808146 -1 0 0 0 1 0 -1 0 0 0 1 0 -0.5021355 0 -0.864789 0 -1 0 -0.1521722 0 -0.988354 -0.1090301 0 0.9940385 0 -1 0 -0.1090301 0 -0.9940385 -0.1521722 0 0.988354 0 1 0 0.1521722 0 0.988354 0 1 0 0.1090301 0 -0.9940384 0 1 0 0.1090301 0 0.9940384 0 0.9999999 0 0.1521722 0 -0.988354 0 -0.9999999 0 0.1521723 0 0.988354 0 -0.9999999 0 0.1090301 0 -0.9940384 0.1090301 0 0.9940384 0.1521723 0 -0.988354 0 0.9999999 0 0 0.9999999 0 -0.02196149 0 -0.9997588 0 -1 0 0.02196149 0 0.9997588 0 -1 0 -0.02196149 0 -0.9997588 0 -1 0 0.02196149 0 0.9997588 0 -1 0 -0.006405238 -0.9964331 -0.0841419 0.02196149 0 -0.9997588 0 -0.9999999 0 0 -1 0 -0.02196149 0 0.9997588 0 -1 0 0 -1 0 -0.5010362 0 0.8654262 0.5010362 0 0.8654262 -0.04380048 0 -0.9990404 -0.02196149 0 0.9997588 0 -0.9999999 0 0.006405238 -0.9964332 0.08414191 -0.01364171 -0.9459057 -0.3241546 0.01364171 -0.9459057 0.3241546 -0.01299357 -0.7760329 -0.6305585 0.01299358 -0.7760329 0.6305585 -0.008245116 -0.4559266 -0.8899791 -0.02294985 -0.4127023 0.9105768 0.1507635 -0.6339595 0.7585286 0.009663777 -0.03701974 -0.9992678 0 1 0 0.02196149 0 0.9997588 0 0.9999999 0 0 1 0 0 1 0 -0.5010362 0 0.8654262 0.5010362 0 0.8654262 0 1 0 0.06613828 0 -0.9978104 0 1 0 -0.02196149 0 -0.9997588 -0.005223244 -0.01999189 0.9997864 -0.005223243 0.02000906 -0.9997861 0.009663795 0.03698802 0.999269 0.008245126 0.4559266 -0.8899791 -0.08974275 0.3512578 0.9319679 0.1507473 0.633904 0.7585782 0.01299358 0.7760329 -0.6305585 -0.01299357 0.7760329 0.6305585 0.01364171 0.9459057 -0.3241546 -0.01364171 0.9459057 0.3241546 -0.02196149 0 -0.9997588 0.01197935 0.9874678 -0.1573658 0.02196149 0 0.9997588 -0.01197935 0.9874677 0.1573658 0 1 0 0.02196149 0 -0.9997588 0 1 0 -0.02196149 0 0.9997588 0 1 0 0.02196149 0 -0.9997588 0 1 0 -0.02196149 0 0.9997588 0 -0.9999999 0 -0.1090301 0 0.9940384 -0.1521723 0 -0.988354 0 -0.9999999 0 -0.1521723 0 0.988354 -0.1090301 0 -0.9940384 0 0.9999999 0 0 0.9999999 0 0 -1 0 0.1090301 0 -0.9940385 0.1521722 0 0.988354 0 -1 0 0.1521722 0 -0.988354 0.1090301 0 0.9940385 0 1 0 -0.1090301 0 0.9940384 0 1 0 -0.1521722 0 -0.988354 -0.1521722 0 0.988354 0 0.9999999 0 -0.1090301 0 -0.9940384 0 1 0 0 -1 0 -0.1949433 0 0.9808146 1 0 0 0.5021355 0 -0.864789 1 0 0 0 -1 0 0 1 0 1 0 0 -0.1949433 0 0.9808146 1 0 0 0.5021355 0 -0.864789 0 1 0 -0.2374263 0 0.9714056 0 -0.9999999 0 -0.2795392 0 -0.9601343 0 -1 0 -0.2795392 0 0.9601343 -0.2374263 0 -0.9714056 0 1 0 0 0.9999999 0 0.1090301 0 -0.9940385 0.1521723 0 0.988354 0.1521723 0 -0.988354 0 0.9999999 0 0.1090301 0 0.9940385 0 1 0 0 -1 0 -0.3622615 0 0.9320765 0 -0.9999999 0 -0.402867 0 -0.9152585 -0.4108564 0 0.9117002 -0.4228073 0 -0.9062196 -0.5072407 0 0.8618045 0 0.9999999 0 -0.320709 0 -0.9471778 0 1 0 0.2374264 0 -0.9714056 0 -1 0 0.2795394 0 0.9601342 0 -1 0 0.2795394 0 -0.9601342 0.2374264 0 0.9714056 0 1 0 -0.2374264 0 0.9714056 0 1 0 -0.2795394 0 -0.9601342 0 1 0 -0.2795394 0 0.9601342 -0.2374264 0 -0.9714056 0 1 0 -0.4809973 0 0.8767222 0 -1 0 0 -1 0 -0.518545 0 -0.8550502 -0.518545 0 0.8550502 -0.4809973 0 -0.8767222 0 1 0 0 1 0 0.2374263 0 -0.9714056 0.2795392 0 0.9601343 0.2795392 0 -0.9601343 0 1 0 0 0.9999999 0 0.2374263 0 0.9714056 0 -1 0 0.3622616 0 -0.9320765 0.4028669 0 0.9152586 0 -1 0 0.4028669 0 -0.9152586 0 -0.9999999 0 0.3622616 0 0.9320765 0 -1 0 -0.3622616 0 0.9320765 0 1 0 -0.4028668 0 -0.9152585 0 1 0 -0.4028668 0 0.9152585 0 1 0 0 0.9999999 0 -0.3622616 0 -0.9320765 -0.5910981 0 0.8065997 0 -0.9999999 0 0 -0.9999999 0 -0.6260642 0 -0.7797715 -0.6260642 0 0.7797715 -0.5910981 0 -0.8065997 0 0.9999999 0 0 0.9999999 0 0 -1 0 -0.6916226 0 0.7222592 -0.7222592 0 -0.6916226 0 -1 0 -0.6754102 0 0.7374423 -0.630361 0 -0.7763022 -0.7523182 0 0.6587999 0 1 0 0 1 0 -0.5587019 0 -0.8293685 -0.5010362 0 0.8654262 -0.7959454 0 -0.6053684 0 -0.9999999 0 0 1 0 -0.7959454 0 -0.6053684 -0.5010362 0 0.8654262 0 -0.9999999 0 0.4809971 0 -0.8767222 0 -1 0 0.5185451 0 0.8550503 0.5185451 0 -0.8550503 0.4809971 0 0.8767222 -0.4809971 0 0.8767222 0 1 0 -0.5185451 0 -0.8550503 0 0.9999999 0 0 1 0 -0.5185451 0 0.8550503 -0.4809971 0 -0.8767222 0 0.9999999 0 0.02628534 -0.9964331 -0.08018809 0.03811671 -0.9964327 0.07529154 0.3622615 0 -0.9320765 0.07129644 0.9874631 -0.1408311 0.402867 0 0.9152585 0.04916374 0.9874655 0.1499827 0.402867 0 -0.9152585 0 1 0 0 1 0 0.3622615 0 0.9320765 -0.7797715 0 0.6260642 0 -0.9999999 0 0 -0.9999999 0 -0.8065997 0 -0.5910981 -0.8065997 0 0.5910981 -0.7797715 0 -0.6260642 0 0.9999999 0 0 0.9999999 0 0 -1 0 -0.8550502 0 0.518545 -0.8767222 0 -0.4809973 0 -1 0 -0.8767222 0 0.4809973 -0.8550502 0 -0.518545 0 1 0 0 1 0 0 -1 0 0.5910981 0 -0.8065997 0.6260642 0 0.7797716 0 -1 0 0.6260642 0 -0.7797716 0.5910981 0 0.8065997 0 1 0 -0.5910981 0 0.8065997 -0.6260642 0 -0.7797715 0 1 0 -0.6260642 0 0.7797715 0 1 0 -0.5910981 0 -0.8065997 0 1 0 -0.9152585 0 0.402867 0 -0.9999999 0 -0.9320765 0 -0.3622615 0 -1 0 -0.9062196 0 0.4228073 0 -1 0 -0.9152585 0 -0.402867 -0.9471778 0 0.320709 0 1 0 0 1 0 0.5021355 0 -0.864789 0 -1 0 -0.9802164 0 -0.1979284 -0.9802164 0 -0.1979284 0 1 0 0.5021355 0 -0.864789 0.111417 -0.9459044 -0.3047149 0.1366667 -0.9459182 0.2942124 0.1366667 0.9459182 -0.2942124 0.111417 0.9459044 0.3047149 0 -1 0 -0.9601343 0 0.2795392 -0.9714056 0 -0.2374263 0 -0.9999999 0 -0.9714056 0 0.2374263 -0.9601343 0 -0.2795392 0 0.9999999 0 0 1 0 0 -0.9999999 0 -0.988354 0 0.1521723 -0.9940384 0 -0.1090301 0 -0.9999999 0 -0.9940384 0 0.1090301 -0.988354 0 -0.1521723 0 0.9999999 0 0 0.9999999 0 -0.9997588 0 0.02196149 0 -1 0 -0.9979394 0 0.0641628 -0.9994879 0 -0.03199871 0 1 0 0.4809973 0 -0.8767221 0.518545 0 0.8550503 0 1 0 0.518545 0 -0.8550503 0.4809973 0 0.8767221 0 1 0 0 -1 0 0.6916225 0 -0.7222592 0.7222592 0 0.6916225 0 -1 0 0.7222592 0 -0.6916225 0 -0.9999999 0 0.6916225 0 0.7222592 0 -0.9999999 0 0 1 0 -0.6916225 0 0.7222592 -0.7222592 0 -0.6916225 0 1 0 -0.7222592 0 0.6916225 0 1 0 -0.6916225 0 -0.7222592 0 1 0 0.2291837 -0.7761288 -0.5874512 0.253309 -0.7760694 0.5775387 0.253309 0.7760694 -0.5775387 0.2291837 0.7761288 0.5874512 0 -1 0 0.7797716 0 -0.6260642 0.8065997 0 0.5910981 0 -1 0 0.8065997 0 -0.5910981 0.7797716 0 0.6260642 -0.7797715 0 0.6260642 0 1 0 -0.8065997 0 -0.5910981 0 1 0 -0.8065997 0 0.5910981 0 1 0 0 1 0 -0.7797715 0 -0.6260642 0.2736561 -0.3513081 -0.8953742 0.4297665 -0.6338677 -0.6430494 0.1507473 -0.6339041 0.7585782 0.4396563 -0.3510212 0.8267324 0.348208 0.4558754 -0.8191024 0.2737301 0.3510488 0.8954533 0.4297665 0.6338677 0.6430494 0.5910981 0 -0.8065997 0.6260643 0 0.7797715 0.6260643 0 -0.7797715 0 1 0 0 1 0 0.5910981 0 0.8065997 0.3335267 -0.02591886 -0.9423842 0.4305669 -0.02589168 0.9021872 0.4306152 0.02593336 -0.9021629 0.3335803 0.02587599 0.9423665 0.8550503 0 -0.5185451 0 -1 0 0 -0.9999999 0 0.8767222 0 0.4809971 0.8767222 0 -0.4809971 0.8550503 0 0.5185451 -0.8550503 0 0.5185451 0 0.9999999 0 -0.8767222 0 -0.4809971 0 1 0 -0.8767222 0 0.4809971 0 0.9999999 0 0 1 0 -0.8550503 0 -0.5185451 0 -1 0 0.9152586 0 -0.4028669 0.9320765 0 0.3622616 0 -1 0 0.9320765 0 -0.3622616 0 -1 0 0.9152586 0 0.4028669 0 -0.9999999 0 -0.9152585 0 0.4028668 0 1 0 0 1 0 -0.9320765 0 -0.3622616 0 0.9999999 0 -0.9320765 0 0.3622616 -0.9152585 0 -0.4028668 0 1 0 0.05497823 -0.9964322 -0.06403376 0.06403376 -0.9964322 0.05497823 0.6916226 0 -0.7222591 0.1197675 0.9874622 -0.1028302 0.7222591 0 0.6916226 0.1028302 0.9874622 0.1197675 0 1 0 0.7222591 0 -0.6916226 0.6916226 0 0.7222591 0 1 0 0 -1 0 0.9601342 0 -0.2795394 0.9714056 0 0.2374264 0 -1 0 0.9714056 0 -0.2374264 0.9601342 0 0.2795394 0 1 0 -0.9601342 0 0.2795394 -0.9714056 0 -0.2374264 0 1 0 -0.9714056 0 0.2374264 0 1 0 -0.9601342 0 -0.2795394 0 1 0 0.988354 0 -0.1521722 0 -1 0 0.9940385 0 0.1090301 0 -1 0 0.9940385 0 -0.1090301 0.988354 0 0.1521722 -0.988354 0 0.1521722 0 1 0 0 1 0 -0.9940384 0 -0.1090301 -0.9940384 0 0.1090301 0 1 0 0 0.9999999 0 -0.988354 0 -0.1521722 0.9997588 0 -0.02196149 0 -1 0 0.9997588 0 0.02196149 0 -0.9999999 0 -0.9997588 0 0.02196149 0 1 0 0 1 0 -0.9997588 0 -0.02196149 0.7797715 0 -0.6260643 0.8065997 0 0.5910981 0.8065997 0 -0.5910981 0 1 0 0.7797715 0 0.6260643 0 1 0 0.8550503 0 -0.518545 0.8767221 0 0.4809973 0 1 0 0.8767221 0 -0.4809973 0.8550503 0 0.518545 0 1 0 0.2195433 -0.9459072 -0.238873 0.238873 -0.9459072 0.2195433 0.238873 0.9459072 -0.2195433 0.2195433 0.9459072 0.238873 0.07529154 -0.9964327 -0.03811671 0.08018809 -0.9964331 0.02628534 0.9152585 0 -0.402867 0.1499827 0.9874655 -0.04916374 0.9320765 0 0.3622615 0.1408311 0.9874631 0.07129644 0.9320765 0 -0.3622615 0 1 0 0.9152585 0 0.402867 0 1 0 0.9601343 0 -0.2795392 0.9714056 0 0.2374263 0 0.9999999 0 0.9714056 0 -0.2374263 0 1 0 0.9601343 0 0.2795392 0.988354 0 -0.1521723 0.9940385 0 0.1090301 0.9940385 0 -0.1090301 0 1 0 0.988354 0 0.1521723 0 0.9999999 0 0.0841419 -0.9964331 -0.006405238 0.9997588 0 -0.02196149 0.1573658 0.9874677 0.01197935 0.9997588 0 0.02196149 0 1 0 0.4366523 -0.7760745 -0.4550199 0.45502 -0.7760745 0.4366523 0.45502 0.7760745 -0.4366523 0.4366523 0.7760745 0.4550199 0.6430494 -0.6338677 -0.4297665 0.5956427 -0.3510893 -0.7224584 0.6351754 -0.4557363 0.6235837 0.6351754 0.4557363 -0.6235837 0.6235904 0.4556702 0.6352164 0.2942124 -0.9459182 -0.1366667 0.3047149 -0.9459044 0.111417 0.3047149 0.9459044 -0.111417 0.2942124 0.9459182 0.1366667 0.6688129 -0.02590788 -0.7429792 0.7429496 -0.02588907 0.6688465 0.7429792 0.02590788 -0.6688129 0.6687428 0.02590883 0.7430423 0.3241546 -0.9459057 -0.01364171 0.3241546 0.9459057 0.01364171 0.5775387 -0.7760694 -0.253309 0.5874512 -0.7761288 0.2291837 0.5874512 0.7761288 -0.2291837 0.5775387 0.7760694 0.253309 0.6305586 -0.776033 -0.01299357 0.6305586 0.776033 0.01299357 0.8266275 -0.3512756 -0.4396503 0.7585782 -0.6339041 -0.1507473 0.8254159 -0.4558736 0.3329682 0.8254159 0.4558736 -0.3329682 0.8191024 0.4558754 0.348208 0.9021629 -0.02593336 -0.4306153 0.9423842 -0.02591886 0.3335267 0.9423843 0.02591886 -0.3335267 0.9021629 0.02593336 0.4306152 0.9319206 -0.3513971 -0.08968841 0.7585782 -0.633904 0.1507473 0.9319206 0.3513971 0.08968841 0.7585782 0.633904 -0.1507473 0.9982855 -0.02594314 -0.05246967 0.9982855 0.02594314 0.05246967 
				</float_array>
				<technique_common>
					<accessor count="945" source="#Part-bl__3626cpb2898_dot_dat-norm-array" stride="3">
						<param name="X" type="float" /><param name="Y" type="float" /><param name="Z" type="float" />
					</accessor>
				</technique_common>
			</source>
			<source id="Part-bl__3626cpb2898_dot_dat-uvmap" name="Part-bl__3626cpb2898_dot_dat-uvmap">
				<float_array id="Part-bl__3626cpb2898_dot_dat-uvmap-array" count="1890">
					0.05238388 0.6781818 0.9476161 0.6781818 0.05238388 0.2563636 0.9476161 0.2563636 0.05238388 0.7281818 0.9476161 0.7281818 0.05238388 0.2063636 0.9476161 0.2063636 0.892119 0.6781818 0.107881 0.6781818 0.892119 0.2563636 0.107881 0.2563636 0.892119 0.7281818 0.892119 0.7281818 0.107881 0.7281818 0.892119 0.2063636 0.107881 0.2063636 0.05238388 0.77 0.9476161 0.77 0.05238388 0.1636364 0.9476161 0.1636364 0.892119 0.77 0.107881 0.77 0.892119 0.1636364 0.107881 0.1636364 0.05329367 0.8218182 0.9476161 0.8218182 0.05238388 0.1118182 0.9476161 0.1118182 0.8357121 0.6781818 0.1633781 0.6781818 0.8357121 0.2563636 0.1633781 0.2563636 0.892119 0.8218182 0.107881 0.8218182 0.892119 0.1118182 0.107881 0.1118182 0.8357121 0.7281818 0.1633781 0.7281818 0.1633781 0.7281818 0.8357121 0.2063636 0.8357121 0.2063636 0.1633781 0.2063636 0.8357121 0.77 0.1633781 0.77 0.8357121 0.1636364 0.1633781 0.1636364 0.05238388 0.8827273 0.9476161 0.8827273 -1 -1 0.05238388 0.05090909 0.9476161 0.05090909 -1 -1 -1 -1 -1 -1 -1 -1 -1 -1 -1 -1 -1 -1 -1 -1 -1 -1 -1 -1 -1 -1 -1 -1 -1 -1 -1 -1 0.892119 0.8827273 0.107881 0.8827273 -1 -1 0.892119 0.05090909 -1 -1 0.107881 0.05090909 -1 -1 -1 -1 -1 -1 -1 -1 0.8357121 0.8218182 0.1633781 0.8218182 0.8357121 0.1118182 0.1633781 0.1118182 -1 -1 -1 -1 -1 -1 -1 -1 -1 -1 -1 -1 -1 -1 -1 -1 -1 -1 -1 -1 -1 -1 -1 -1 -1 -1 -1 -1 -1 -1 0.05238388 0.9454545 0.9476161 0.9454545 -1 -1 -1 -1 -1 -1 -1 -1 -1 -1 -1 -1 -1 -1 -1 -1 -1 -1 -1 -1 -1 -1 -1 -1 -1 -1 -1 -1 -1 -1 -1 -1 -1 -1 -1 -1 -1 -1 -1 -1 -1 -1 -1 -1 -1 -1 -1 -1 -1 -1 -1 -1 -1 -1 -1 -1 -1 -1 -1 -1 -1 -1 -1 -1 0.8357121 0.8827273 0.1633781 0.8827273 -1 -1 0.8357121 0.05090909 -1 -1 0.1633781 0.05090909 -1 -1 -1 -1 -1 -1 -1 -1 -1 -1 -1 -1 -1 -1 -1 -1 -1 -1 0.892119 0.9454545 -1 -1 0.107881 0.9454545 -1 -1 -1 -1 -1 -1 -1 -1 -1 -1 -1 -1 -1 -1 -1 -1 -1 -1 -1 -1 -1 -1 -1 -1 -1 -1 -1 -1 -1 -1 -1 -1 -1 -1 -1 -1 -1 -1 -1 -1 -1 -1 -1 -1 0.780215 0.6781818 0.219785 0.6781818 0.780215 0.2563636 0.219785 0.2563636 -1 -1 -1 -1 -1 -1 -1 -1 -1 -1 -1 -1 0.780215 0.7281818 0.780215 0.7281818 0.219785 0.7281818 0.780215 0.2063636 0.780215 0.2063636 0.219785 0.2063636 -1 -1 -1 -1 -1 -1 -1 -1 -1 -1 -1 -1 -1 -1 -1 -1 -1 -1 -1 -1 -1 -1 -1 -1 -1 -1 -1 -1 0.780215 0.77 0.219785 0.77 0.780215 0.1636364 0.219785 0.1636364 -1 -1 -1 -1 -1 -1 -1 -1 -1 -1 0.8357121 0.9454545 -1 -1 0.1633781 0.9454545 -1 -1 -1 -1 -1 -1 -1 -1 -1 -1 -1 -1 -1 -1 -1 -1 -1 -1 -1 -1 -1 -1 -1 -1 -1 -1 -1 -1 -1 -1 -1 -1 -1 -1 -1 -1 -1 -1 -1 -1 -1 -1 -1 -1 -1 -1 -1 -1 -1 -1 -1 -1 -1 -1 -1 -1 -1 -1 -1 -1 -1 -1 -1 -1 -1 -1 -1 -1 -1 -1 0.780215 0.8218182 0.219785 0.8218182 0.780215 0.1118182 0.219785 0.1118182 -1 -1 -1 -1 -1 -1 -1 -1 -1 -1 -1 -1 -1 -1 -1 -1 -1 -1 -1 -1 -1 -1 -1 -1 -1 -1 -1 -1 -1 -1 -1 -1 -1 -1 -1 -1 -1 -1 -1 -1 -1 -1 -1 -1 -1 -1 -1 -1 -1 -1 -1 -1 -1 -1 -1 -1 -1 -1 -1 -1 -1 -1 -1 -1 -1 -1 -1 -1 -1 -1 -1 -1 -1 -1 -1 -1 -1 -1 -1 -1 -1 -1 -1 -1 -1 -1 -1 -1 -1 -1 -1 -1 0.780215 0.8827273 0.219785 0.8827273 -1 -1 0.780215 0.05090909 -1 -1 0.219785 0.05090909 -1 -1 -1 -1 -1 -1 -1 -1 -1 -1 -1 -1 -1 -1 -1 -1 -1 -1 -1 -1 -1 -1 -1 -1 -1 -1 -1 -1 -1 -1 -1 -1 -1 -1 -1 -1 -1 -1 -1 -1 -1 -1 -1 -1 -1 -1 -1 -1 -1 -1 -1 -1 -1 -1 -1 -1 -1 -1 -1 -1 -1 -1 -1 -1 -1 -1 -1 -1 -1 -1 -1 -1 -1 -1 -1 -1 -1 -1 -1 -1 -1 -1 -1 -1 -1 -1 -1 -1 -1 -1 -1 -1 -1 -1 0.780215 0.9454545 -1 -1 0.219785 0.9454545 -1 -1 -1 -1 -1 -1 -1 -1 -1 -1 -1 -1 -1 -1 -1 -1 -1 -1 -1 -1 -1 -1 -1 -1 -1 -1 -1 -1 -1 -1 -1 -1 -1 -1 -1 -1 -1 -1 -1 -1 -1 -1 -1 -1 -1 -1 -1 -1 -1 -1 -1 -1 -1 -1 -1 -1 -1 -1 -1 -1 -1 -1 -1 -1 -1 -1 -1 -1 -1 -1 -1 -1 -1 -1 -1 -1 -1 -1 -1 -1 -1 -1 -1 -1 -1 -1 -1 -1 -1 -1 -1 -1 -1 -1 -1 -1 -1 -1 -1 -1 -1 -1 -1 -1 -1 -1 -1 -1 -1 -1 -1 -1 -1 -1 -1 -1 -1 -1 -1 -1 -1 -1 -1 -1 -1 -1 -1 -1 -1 -1 -1 -1 -1 -1 -1 -1 -1 -1 -1 -1 -1 -1 -1 -1 -1 -1 -1 -1 -1 -1 -1 -1 -1 -1 -1 -1 -1 -1 -1 -1 -1 -1 -1 -1 -1 -1 -1 -1 -1 -1 -1 -1 -1 -1 -1 -1 -1 -1 -1 -1 -1 -1 -1 -1 -1 -1 -1 -1 -1 -1 -1 -1 -1 -1 -1 -1 -1 -1 -1 -1 -1 -1 -1 -1 0.7238081 0.8827273 -1 -1 0.7238081 0.9454545 -1 -1 -1 -1 -1 -1 -1 -1 -1 -1 -1 -1 -1 -1 -1 -1 0.2761919 0.9454545 0.2761919 0.8827273 0.7238081 0.8218182 0.2761919 0.8218182 0.7238081 0.77 0.2761919 0.77 0.7238081 0.7281818 0.2761919 0.7281818 0.2761919 0.7281818 0.7238081 0.6781818 -1 -1 -1 -1 -1 -1 -1 -1 -1 -1 -1 -1 -1 -1 -1 -1 -1 -1 -1 -1 -1 -1 0.2761919 0.6781818 0.7238081 0.2563636 0.2761919 0.2563636 0.7238081 0.2063636 0.2761919 0.2063636 0.2761919 0.2063636 0.7238081 0.1636364 0.2761919 0.1636364 0.7238081 0.1118182 0.2761919 0.1118182 -1 -1 0.7238081 0.05090909 -1 -1 0.2761919 0.05090909 -1 -1 -1 -1 -1 -1 -1 -1 -1 -1 -1 -1 -1 -1 -1 -1 -1 -1 -1 -1 -1 -1 -1 -1 -1 -1 -1 -1 -1 -1 -1 -1 -1 -1 -1 -1 -1 -1 -1 -1 -1 -1 -1 -1 -1 -1 -1 -1 -1 -1 -1 -1 -1 -1 -1 -1 -1 -1 -1 -1 -1 -1 -1 -1 -1 -1 -1 -1 -1 -1 -1 -1 -1 -1 -1 -1 -1 -1 -1 -1 -1 -1 -1 -1 -1 -1 -1 -1 -1 -1 -1 -1 -1 -1 -1 -1 -1 -1 -1 -1 -1 -1 -1 -1 -1 -1 -1 -1 -1 -1 -1 -1 -1 -1 -1 -1 -1 -1 -1 -1 -1 -1 -1 -1 -1 -1 -1 -1 -1 -1 -1 -1 -1 -1 -1 -1 -1 -1 -1 -1 -1 -1 -1 -1 -1 -1 -1 -1 -1 -1 -1 -1 -1 -1 -1 -1 -1 -1 -1 -1 -1 -1 -1 -1 -1 -1 -1 -1 -1 -1 -1 -1 -1 -1 -1 -1 -1 -1 -1 -1 -1 -1 -1 -1 -1 -1 -1 -1 -1 -1 -1 -1 -1 -1 -1 -1 -1 -1 0.6674011 0.9454545 -1 -1 0.3325989 0.9454545 -1 -1 -1 -1 -1 -1 -1 -1 -1 -1 -1 -1 -1 -1 -1 -1 -1 -1 -1 -1 -1 -1 -1 -1 -1 -1 -1 -1 -1 -1 -1 -1 -1 -1 -1 -1 -1 -1 -1 -1 -1 -1 -1 -1 -1 -1 -1 -1 -1 -1 -1 -1 -1 -1 -1 -1 -1 -1 -1 -1 -1 -1 -1 -1 -1 -1 -1 -1 -1 -1 -1 -1 -1 -1 -1 -1 -1 -1 -1 -1 -1 -1 -1 -1 -1 -1 -1 -1 -1 -1 -1 -1 0.6674011 0.8827273 0.3325989 0.8827273 -1 -1 0.6674011 0.05090909 -1 -1 0.3325989 0.05090909 -1 -1 -1 -1 -1 -1 -1 -1 -1 -1 -1 -1 -1 -1 -1 -1 -1 -1 -1 -1 -1 -1 -1 -1 -1 -1 -1 -1 -1 -1 -1 -1 -1 -1 -1 -1 -1 -1 -1 -1 -1 -1 -1 -1 -1 -1 -1 -1 -1 -1 -1 -1 -1 -1 -1 -1 -1 -1 -1 -1 -1 -1 -1 -1 -1 -1 -1 -1 -1 -1 -1 -1 -1 -1 -1 -1 -1 -1 -1 -1 -1 -1 -1 -1 -1 -1 -1 -1 -1 -1 -1 -1 -1 -1 -1 -1 -1 -1 -1 -1 0.6674011 0.8218182 0.3325989 0.8218182 0.6674011 0.1118182 0.3325989 0.1118182 -1 -1 -1 -1 -1 -1 -1 -1 -1 -1 -1 -1 -1 -1 -1 -1 -1 -1 -1 -1 -1 -1 -1 -1 -1 -1 -1 -1 -1 -1 -1 -1 -1 -1 -1 -1 -1 -1 -1 -1 -1 -1 -1 -1 -1 -1 -1 -1 -1 -1 -1 -1 -1 -1 -1 -1 -1 -1 -1 -1 -1 -1 -1 -1 0.611904 0.9454545 -1 -1 0.388096 0.9454545 -1 -1 -1 -1 -1 -1 -1 -1 -1 -1 -1 -1 -1 -1 -1 -1 0.6674011 0.77 0.3325989 0.77 0.6674011 0.1636364 0.3325989 0.1636364 -1 -1 -1 -1 -1 -1 -1 -1 -1 -1 -1 -1 -1 -1 -1 -1 -1 -1 -1 -1 -1 -1 -1 -1 -1 -1 -1 -1 0.6674011 0.7281818 0.6674011 0.7281818 0.3325989 0.7281818 0.3325989 0.7281818 0.6674011 0.2063636 0.3325989 0.2063636 0.3325989 0.2063636 -1 -1 -1 -1 -1 -1 -1 -1 -1 -1 -1 -1 0.6674011 0.6781818 0.3325989 0.6781818 0.6674011 0.2563636 0.3325989 0.2563636 -1 -1 -1 -1 -1 -1 -1 -1 -1 -1 -1 -1 -1 -1 -1 -1 -1 -1 -1 -1 -1 -1 -1 -1 -1 -1 -1 -1 -1 -1 -1 -1 -1 -1 -1 -1 -1 -1 0.5564069 0.9454545 -1 -1 0.4445029 0.9454545 -1 -1 -1 -1 -1 -1 -1 -1 -1 -1 -1 -1 -1 -1 -1 -1 0.611904 0.8827273 0.388096 0.8827273 -1 -1 0.611904 0.05090909 -1 -1 0.388096 0.05090909 -1 -1 -1 -1 -1 -1 -1 -1 -1 -1 -1 -1 -1 -1 -1 -1 -1 -1 -1 -1 -1 -1 -1 -1 -1 -1 -1 -1 -1 -1 -1 -1 -1 -1 -1 -1 -1 -1 -1 -1 -1 -1 -1 -1 -1 -1 -1 -1 -1 -1 -1 -1 -1 -1 -1 -1 -1 -1 -1 -1 -1 -1 -1 -1 -1 -1 -1 -1 -1 -1 0.5 0.9454545 -1 -1 -1 -1 -1 -1 -1 -1 -1 -1 -1 -1 -1 -1 -1 -1 -1 -1 -1 -1 -1 -1 -1 -1 -1 -1 -1 -1 -1 -1 -1 -1 0.611904 0.8218182 0.388096 0.8218182 0.611904 0.1118182 0.388096 0.1118182 0.5564069 0.8827273 0.4445029 0.8827273 -1 -1 0.5564069 0.05090909 -1 -1 0.4445029 0.05090909 -1 -1 -1 -1 -1 -1 -1 -1 -1 -1 -1 -1 -1 -1 -1 -1 -1 -1 -1 -1 -1 -1 -1 -1 -1 -1 -1 -1 -1 -1 -1 -1 0.5 0.8827273 -1 -1 0.5 0.05090909 -1 -1 -1 -1 0.611904 0.77 0.388096 0.77 0.611904 0.1636364 0.388096 0.1636364 0.611904 0.7281818 0.611904 0.7281818 0.388096 0.7281818 0.611904 0.2063636 0.388096 0.2063636 0.5564069 0.8218182 0.4445029 0.8218182 0.5564069 0.1118182 0.4445029 0.1118182 0.611904 0.6781818 0.388096 0.6781818 0.611904 0.2563636 0.388096 0.2563636 0.5 0.8218182 0.5 0.1118182 0.5564069 0.77 0.4445029 0.77 0.5564069 0.1636364 0.4445029 0.1636364 0.5 0.77 0.5 0.1636364 0.5564069 0.7281818 0.5564069 0.7281818 0.4445029 0.7281818 0.5564069 0.2063636 0.4445029 0.2063636 0.5564069 0.6781818 0.4445029 0.6781818 0.5564069 0.2563636 0.4445029 0.2563636 0.5 0.7281818 0.5 0.7281818 0.5 0.2063636 0.5 0.2063636 0.5 0.6781818 0.5 0.2563636 
				</float_array>
				<technique_common>
					<accessor count="945" source="#Part-bl__3626cpb2898_dot_dat-uvmap-array" stride="2">
						<param name="S" type="float" /><param name="T" type="float" />
					</accessor>
				</technique_common>
			</source>
			<vertices id="Part-bl__3626cpb2898_dot_dat-vert">
				<input semantic="POSITION" source="#Part-bl__3626cpb2898_dot_dat-pos" />
			</vertices>
			<triangles count="1060" material="Base">
				<input semantic="VERTEX" source="#Part-bl__3626cpb2898_dot_dat-vert" offset="0" />
				<input semantic="NORMAL" source="#Part-bl__3626cpb2898_dot_dat-norm" offset="0" />
				<input semantic="TEXCOORD" source="#Part-bl__3626cpb2898_dot_dat-uvmap" offset="0" />
				<p>
					459 535 530 530 457 459 414 416 459 459 457 414 459 416 252 252 262 459 322 460 459 459 262 322 459 460 630 630 693 459 699 535 459 459 693 699 536 541 478 478 477 536 478 422 420 420 477 478 253 422 478 478 265 253 478 479 323 323 265 478 631 479 478 478 697 631 478 541 702 702 697 478 532 534 539 539 537 532 421 415 413 413 419 421 251 417 423 423 254 251 481 462 320 320 324 481 628 461 480 480 633 628 540 533 698 698 703 540 726 692 695 695 727 726 692 622 624 624 695 692 622 560 562 562 624 622 392 330 333 333 395 392 330 260 263 263 333 330 260 221 222 222 263 260 331 393 396 396 334 331 393 463 483 483 396 393 463 561 564 564 483 463 561 623 627 627 564 561 560 531 538 538 562 560 412 392 395 395 418 412 221 250 255 255 222 221 321 331 334 334 325 321 623 629 632 632 627 623 700 726 727 727 701 700 720 726 724 724 717 720 712 720 717 717 709 712 692 712 709 709 688 692 670 692 688 688 667 670 662 670 667 667 658 662 622 662 658 658 619 622 614 622 619 619 610 614 584 614 610 610 580 584 560 584 580 580 557 560 546 560 557 557 542 546 512 546 542 542 509 512 458 512 509 509 448 458 442 458 448 448 439 442 408 442 439 439 405 408 392 408 405 405 388 392 370 392 388 388 367 370 340 370 367 367 337 340 330 340 337 337 326 330 292 330 326 326 288 292 284 292 288 288 280 284 260 284 280 280 256 260 242 260 256 256 238 242 234 242 238 238 231 234 221 234 231 231 220 221 235 221 220 220 233 235 243 235 233 233 240 243 261 243 240 240 258 261 285 261 258 258 282 285 293 285 282 282 291 293 331 293 291 291 329 331 341 331 329 329 338 341 371 341 338 338 368 371 393 371 368 368 391 393 409 393 391 391 406 409 443 409 406 406 441 443 463 443 441 441 450 463 513 463 450 450 510 513 547 513 510 510 544 547 561 547 544 544 559 561 585 561 559 559 583 585 615 585 583 583 613 615 623 615 613 613 620 623 663 623 620 620 661 663 671 663 661 661 668 671 694 671 668 668 690 694 713 694 690 690 710 713 721 713 710 710 718 721 726 721 718 718 724 726 854 856 844 844 840 854 840 844 830 830 827 840 827 830 804 804 801 827 801 804 790 790 786 801 786 790 759 759 756 786 756 759 739 739 736 756 736 739 678 678 675 736 675 678 638 638 635 675 635 638 598 598 595 635 595 598 570 570 566 595 566 570 520 520 517 566 517 520 455 455 446 517 446 455 428 428 425 446 425 428 378 378 374 425 374 378 348 348 345 374 345 348 310 310 306 345 306 310 270 270 267 306 267 270 207 207 204 267 204 207 189 189 186 204 186 189 159 159 155 186 155 159 143 143 139 155 139 143 119 119 116 139 116 119 105 105 101 116 101 105 94 94 93 101 93 94 106 106 104 93 104 106 120 120 117 104 117 120 145 145 142 117 142 145 160 160 157 142 157 160 190 190 188 157 188 190 209 209 205 188 205 209 271 271 268 205 268 271 311 311 308 268 308 311 350 350 346 308 346 350 379 379 376 346 376 379 429 429 426 376 426 429 464 464 452 426 452 464 521 521 518 452 518 521 571 571 568 518 568 571 600 600 596 568 596 600 639 639 637 596 637 639 679 679 676 637 676 679 741 741 737 676 737 741 760 760 757 737 757 760 791 791 789 757 789 791 806 806 802 789 802 806 831 831 828 802 828 831 845 845 842 828 842 845 856 856 854 842 841 716 725 725 855 841 826 708 716 716 841 826 800 689 708 708 826 800 787 666 689 689 800 787 755 659 666 666 787 755 735 618 659 659 755 735 674 611 618 618 735 674 634 581 611 611 674 634 594 556 581 581 634 594 567 543 556 556 594 567 516 508 543 543 567 516 447 449 508 508 516 447 424 438 449 449 447 424 375 404 438 438 424 375 344 389 404 404 375 344 307 366 389 389 344 307 266 336 366 366 307 266 203 327 336 336 266 203 185 289 327 327 203 185 156 281 289 289 185 156 140 257 281 281 156 140 115 239 257 257 140 115 102 230 239 239 115 102 92 219 230 230 102 92 103 232 219 219 92 103 118 241 232 232 103 118 141 259 241 241 118 141 158 283 259 259 141 158 187 290 283 283 158 187 206 328 290 290 187 206 269 339 328 328 206 269 309 369 339 339 269 309 347 390 369 369 309 347 377 407 390 390 347 377 427 440 407 407 377 427 453 451 440 440 427 453 519 511 451 451 453 519 569 545 511 511 519 569 597 558 545 545 569 597 636 582 558 558 597 636 677 612 582 582 636 677 738 621 612 612 677 738 758 660 621 621 738 758 788 669 660 660 758 788 803 691 669 669 788 803 829 711 691 691 803 829 843 719 711 711 829 843 855 725 719 719 843 855 848 723 728 728 859 848 835 715 723 723 848 835 810 697 715 715 835 810 795 673 697 697 810 795 764 665 673 673 795 764 746 626 665 665 764 746 683 617 626 626 746 683 643 587 617 617 683 643 605 565 587 587 643 605 574 549 565 565 605 574 524 515 549 549 574 524 484 482 515 515 524 484 432 445 482 482 484 432 382 411 445 445 432 382 355 397 411 411 382 355 314 373 397 397 355 314 275 343 373 373 314 275 213 335 343 343 275 213 194 295 335 335 213 194 164 287 295 295 194 164 150 265 287 287 164 150 123 245 265 265 150 123 109 237 245 245 123 109 98 223 237 237 109 98 108 236 223 223 98 108 121 244 236 236 108 121 147 264 244 244 121 147 162 286 264 264 147 162 191 294 286 286 162 191 211 332 294 294 191 211 273 342 332 332 211 273 313 372 342 342 273 313 352 394 372 372 313 352 380 410 394 394 352 380 430 444 410 410 380 430 475 477 444 444 430 475 522 514 477 477 475 522 572 548 514 514 522 572 603 563 548 548 572 603 641 586 563 563 603 641 680 616 586 586 641 680 743 625 616 616 680 743 762 664 625 625 743 762 793 672 664 664 762 793 809 696 672 672 793 809 832 714 696 696 809 832 847 722 714 714 832 847 859 728 722 722 847 859 850 861 858 858 846 850 836 850 846 846 833 836 813 836 833 833 808 813 796 813 808 808 792 796 765 796 792 792 761 765 747 765 761 761 744 747 684 747 744 744 681 684 645 684 681 681 640 645 606 645 640 640 602 606 577 606 602 602 573 577 526 577 573 573 523 526 503 526 523 523 476 503 435 503 476 476 431 435 384 435 431 431 381 384 357 384 381 381 353 357 316 357 353 353 312 316 277 316 312 312 272 277 215 277 272 272 212 215 196 215 212 212 192 196 165 196 192 192 161 165 151 165 161 161 148 151 126 151 148 148 122 126 112 126 122 122 107 112 100 112 107 107 97 100 113 100 97 97 110 113 128 113 110 110 124 128 154 128 124 124 149 154 168 154 149 149 163 168 197 168 163 163 193 197 218 197 193 193 214 218 278 218 214 214 274 278 319 278 274 274 315 319 359 319 315 315 354 359 387 359 354 354 383 387 437 387 383 383 433 437 505 437 433 433 485 505 528 505 485 485 525 528 578 528 525 525 575 578 609 578 575 575 604 609 646 609 604 604 642 646 686 646 642 642 682 686 749 686 682 682 745 749 768 749 745 745 763 768 799 768 763 763 794 799 814 799 794 794 811 814 838 814 811 811 834 838 853 838 834 834 849 853 861 853 849 849 858 861 899 852 860 860 904 899 892 839 852 852 899 892 887 815 839 839 892 887 873 798 815 815 887 873 867 767 798 798 873 867 825 750 767 767 867 825 780 687 750 750 825 780 734 647 687 687 780 734 656 608 647 647 734 656 592 579 608 608 656 592 555 529 579 579 592 555 506 504 529 529 555 506 403 436 504 504 506 403 364 386 436 436 403 364 304 358 386 386 364 304 229 318 358 358 304 229 178 279 318 318 229 178 137 217 279 279 178 137 91 198 217 217 137 91 85 167 198 198 91 85 75 153 167 167 85 75 65 127 153 153 75 65 58 114 127 127 65 58 53 99 114 114 58 53 57 111 99 99 53 57 62 125 111 111 57 62 73 152 125 125 62 73 83 166 152 152 73 83 89 195 166 166 83 89 136 216 195 195 89 136 176 276 216 216 136 176 226 317 276 276 176 226 302 356 317 317 226 302 362 385 356 356 302 362 401 434 385 385 362 401 500 502 434 434 401 500 553 527 502 502 500 553 591 576 527 527 553 591 655 607 576 576 591 655 731 644 607 607 655 731 779 685 644 644 731 779 822 748 685 685 779 822 865 766 748 748 822 865 870 797 766 766 865 870 885 812 797 797 870 885 890 837 812 812 885 890 897 851 837 837 890 897 904 860 851 851 897 904 901 903 896 896 894 901 894 896 891 891 888 894 888 891 884 884 880 888 880 884 871 871 868 880 868 871 864 864 862 868 862 864 823 823 818 862 818 823 778 778 776 818 776 778 732 732 729 776 729 732 654 654 650 729 650 654 590 590 588 650 588 590 552 552 550 588 550 552 501 501 496 550 496 501 400 400 398 496 398 400 363 363 360 398 360 363 303 303 298 360 298 303 227 227 224 298 224 227 175 175 173 224 173 175 135 135 131 173 131 135 88 88 86 131 86 88 82 82 80 86 80 82 72 72 68 80 68 72 63 63 60 68 60 63 56 56 54 60 54 56 52 52 49 54 49 52 59 59 55 49 55 59 64 64 61 55 61 64 74 74 70 61 70 74 84 84 81 70 81 84 90 90 87 81 87 90 138 138 133 87 133 138 177 177 174 133 174 177 228 228 225 174 225 228 305 305 300 225 300 305 365 365 361 300 361 365 402 402 399 361 399 402 507 507 498 399 498 507 554 554 551 498 551 554 593 593 589 551 589 593 657 657 652 589 652 657 733 733 730 652 730 733 781 781 777 730 777 781 824 824 820 777 820 824 866 866 863 820 863 866 872 872 869 863 869 872 886 886 882 869 882 886 893 893 889 882 889 893 898 898 895 889 895 898 903 903 901 895 494 706 497 706 651 497 492 753 494 753 706 494 489 773 492 773 753 492 487 784 489 784 773 489 706 876 651 876 819 651 753 907 706 907 876 706 773 912 753 912 907 753 784 920 773 920 912 773 876 916 819 916 881 819 907 926 876 926 916 876 912 933 907 933 926 907 920 937 912 937 933 912 916 923 881 923 902 881 926 929 916 929 923 916 933 942 926 942 929 926 937 944 933 944 941 933 923 917 902 917 883 902 929 927 923 927 917 923 941 934 929 934 927 929 944 938 941 938 934 941 917 877 883 877 821 883 927 908 917 908 877 917 934 913 927 913 908 927 938 921 934 921 913 934 877 707 821 707 653 821 908 754 877 754 707 877 913 775 908 775 754 908 921 785 913 785 774 913 707 495 653 495 499 653 754 493 707 493 495 707 774 491 754 491 493 754 785 488 774 488 490 774 468 705 466 705 649 466 470 752 468 752 705 468 473 771 470 771 752 470 486 783 472 783 772 472 705 875 649 875 817 649 752 906 705 906 875 705 772 911 752 911 906 752 783 919 772 919 911 772 875 915 817 915 879 817 906 925 875 925 915 875 911 932 906 932 925 906 919 936 911 936 932 911 915 922 879 922 900 879 925 928 915 928 922 915 932 940 925 940 928 925 936 943 932 943 939 932 922 914 900 914 878 900 928 924 922 924 914 922 939 931 928 931 924 928 943 935 939 935 930 939 914 874 878 874 816 878 924 905 914 905 874 914 930 909 924 909 905 924 935 918 930 918 910 930 874 704 816 704 648 816 905 751 874 751 704 874 910 770 905 770 751 905 918 782 910 782 769 910 704 467 648 467 454 648 751 469 704 469 467 704 769 471 751 471 469 751 782 474 769 474 471 769 783 486 785 486 488 785 919 783 921 783 785 921 936 919 938 919 921 938 943 936 944 936 938 944 935 943 937 943 944 937 918 935 920 935 937 920 782 918 784 918 920 784 474 782 487 782 784 487 488 486 172 486 170 172 172 170 32 170 30 32 32 30 11 30 9 11 11 9 2 9 0 2 3 1 10 1 8 10 10 8 31 8 29 31 31 29 171 29 169 171 171 169 487 169 474 487 495 249 499 249 301 499 493 202 495 202 249 495 490 184 493 184 202 493 488 172 490 172 184 490 249 79 301 79 134 301 202 46 249 46 79 249 184 42 202 42 46 202 172 32 184 32 42 184 79 36 134 36 71 134 46 24 79 24 36 79 42 16 46 16 24 46 32 11 42 11 16 42 36 27 71 27 50 71 24 19 36 19 27 36 16 6 24 6 19 24 11 2 16 2 6 16 28 35 51 35 69 51 20 23 28 23 35 28 7 15 20 15 23 20 3 10 7 10 15 7 35 78 69 78 132 69 23 45 35 45 78 35 15 41 23 41 45 23 10 31 15 31 40 15 78 248 132 248 299 132 45 201 78 201 248 78 40 183 45 183 201 45 31 171 40 171 182 40 248 494 299 494 497 299 201 492 248 492 494 248 182 489 201 489 492 201 171 487 182 487 489 182 467 246 454 246 296 454 469 199 467 199 246 467 471 179 469 179 199 469 474 169 471 169 180 471 246 76 296 76 129 296 199 43 246 43 76 246 180 37 199 37 43 199 169 29 180 29 37 180 76 33 129 33 66 129 43 21 76 21 33 76 37 12 43 12 21 43 29 8 37 8 13 37 33 26 66 26 48 66 21 18 33 18 26 33 13 5 21 5 18 21 8 1 13 1 5 13 25 34 47 34 67 47 17 22 25 22 34 25 4 14 17 14 22 17 0 9 4 9 14 4 34 77 67 77 130 67 22 44 34 44 77 34 14 38 22 38 44 22 9 30 14 30 39 14 77 247 130 247 297 130 44 200 77 200 247 77 39 181 44 181 200 44 30 170 39 170 181 39 247 468 297 468 466 297 200 470 247 470 468 247 181 472 200 472 470 200 170 486 181 486 472 181 48 96 66 96 144 66 66 144 129 144 208 129 129 208 296 208 349 296 296 349 454 349 456 454 454 456 648 456 599 648 648 599 816 599 740 816 816 740 878 740 805 878 878 805 900 805 857 900 900 857 879 857 807 879 879 807 817 807 742 817 817 742 649 742 601 649 649 601 466 601 465 466 466 465 297 465 351 297 297 351 130 351 210 130 130 210 67 210 146 67 67 146 47 146 95 47 
				</p>
			</triangles>
		</mesh>
	</geometry>
	<geometry id="Part-15530_dot_dat" name="Part-15530_dot_dat">
		<mesh>
			<source id="Part-15530_dot_dat-pos" name="Part-15530_dot_dat-pos">
				<float_array id="Part-15530_dot_dat-pos-array" count="2706">
					-19.104 -5.878 -0.282 -19.104 -5.878 -0.282 -18.704 -5.038 -8.217999 -18.704 -5.038 -8.217999 -18.704 -5.038 -8.217999 -18.604 -8.826 -1.204 -18.604 -8.826 -1.204 -18.138 -7.87 -8.546 -18.138 -7.87 -8.546 -18.138 -7.87 -8.546 -17.304 -6.793 5.733 -17.304 -6.793 5.733 -17.3 -0.3000001 0 -17.3 -0.3000001 0 -17.3 -0.2810801 -0.2871 -17.3 -0.2810801 -0.2871 -17.3 -0.2810801 0.2871 -17.3 -0.2810801 0.2871 -17.3 -0.2249801 -0.56936 -17.3 -0.2249801 -0.56936 -17.3 -0.2249801 0.56936 -17.3 -0.2249801 0.56936 -17.3 -0.13258 -0.84194 -17.3 -0.1325801 -0.84194 -17.3 -0.1325801 0.84194 -17.3 -0.13258 0.84194 -17.3 -0.005200058 -1.1 -17.3 -0.005200058 -1.1 -17.3 -0.005200058 1.1 -17.3 -0.005200058 1.1 -17.3 0.15452 -1.33936 -17.3 0.15452 -1.33936 -17.3 0.15452 1.33936 -17.3 0.15452 1.33936 -17.3 0.34438 -1.55562 -17.3 0.34438 -1.55562 -17.3 0.34438 1.55562 -17.3 0.34438 1.55562 -17.3 0.56064 -1.74548 -17.3 0.56064 -1.74548 -17.3 0.56064 1.74548 -17.3 0.56064 1.74548 -17.3 0.8 -1.9052 -17.3 0.8 -1.9052 -17.3 0.8 1.9052 -17.3 0.8 1.9052 -17.3 1.05806 -2.03258 -17.3 1.05806 -2.03258 -17.3 1.05806 2.03258 -17.3 1.05806 2.03258 -17.3 1.33064 -2.12498 -17.3 1.33064 -2.12498 -17.3 1.33064 2.12498 -17.3 1.33064 2.12498 -17.3 1.6129 -2.18108 -17.3 1.6129 -2.18108 -17.3 1.6129 2.18108 -17.3 1.6129 2.18108 -17.3 1.9 -2.2 -17.3 1.9 -2.2 -17.3 1.9 0 -17.3 1.9 2.2 -17.3 1.9 2.2 -17.3 2.1871 -2.18108 -17.3 2.1871 -2.18108 -17.3 2.1871 2.18108 -17.3 2.1871 2.18108 -17.3 2.46936 -2.12498 -17.3 2.46936 -2.12498 -17.3 2.46936 2.12498 -17.3 2.46936 2.12498 -17.3 2.74194 -2.03258 -17.3 2.74194 -2.03258 -17.3 2.74194 2.03258 -17.3 2.74194 2.03258 -17.3 3 -1.9052 -17.3 3 -1.9052 -17.3 3 1.9052 -17.3 3 1.9052 -17.3 3.23936 -1.74548 -17.3 3.23936 -1.74548 -17.3 3.23936 1.74548 -17.3 3.23936 1.74548 -17.3 3.45562 -1.55562 -17.3 3.45562 -1.55562 -17.3 3.45562 1.55562 -17.3 3.45562 1.55562 -17.3 3.64548 -1.33936 -17.3 3.64548 -1.33936 -17.3 3.64548 1.33936 -17.3 3.64548 1.33936 -17.3 3.8052 -1.1 -17.3 3.8052 -1.1 -17.3 3.8052 1.1 -17.3 3.8052 1.1 -17.3 3.93258 -0.84194 -17.3 3.93258 -0.84194 -17.3 3.93258 0.84194 -17.3 3.93258 0.84194 -17.3 4.02498 -0.56936 -17.3 4.02498 -0.56936 -17.3 4.02498 0.56936 -17.3 4.02498 0.56936 -17.3 4.08108 -0.2871 -17.3 4.08108 -0.2871 -17.3 4.08108 0.2871 -17.3 4.08108 0.2871 -17.3 4.1 0 -17.3 4.1 0 -16.872 -9.961 5.198 -16.872 -9.960999 5.198 -16.309 -1.052 0.051 -16.309 -1.052 0.051 -16.309 -1.052 0.051 -15.868 -2.46 -6.914 -15.703 4.876 0 -15.703 4.876 0 -15.446 4.265 3.051 -15.3 -0.3000001 0 -15.3 -0.2810801 -0.2871 -15.3 -0.2810801 0.2871 -15.3 -0.2249801 -0.56936 -15.3 -0.2249801 0.56936 -15.3 -0.1325801 -0.84194 -15.3 -0.1325801 0.84194 -15.3 -0.005200058 -1.1 -15.3 -0.005200058 1.1 -15.3 0.15452 -1.33936 -15.3 0.15452 1.33936 -15.3 0.34438 -1.55562 -15.3 0.34438 1.55562 -15.3 0.56064 -1.74548 -15.3 0.56064 1.74548 -15.3 0.8 -1.9052 -15.3 0.8 1.9052 -15.3 1.05806 -2.03258 -15.3 1.05806 2.03258 -15.3 1.33064 -2.12498 -15.3 1.33064 2.12498 -15.3 1.6129 -2.18108 -15.3 1.6129 2.18108 -15.3 1.9 -2.2 -15.3 1.9 2.2 -15.3 2.1871 -2.18108 -15.3 2.1871 2.18108 -15.3 2.46936 -2.12498 -15.3 2.46936 2.12498 -15.3 2.74194 -2.03258 -15.3 2.74194 2.03258 -15.3 3 -1.9052 -15.3 3 1.9052 -15.3 3.23936 -1.74548 -15.3 3.23936 1.74548 -15.3 3.45562 -1.55562 -15.3 3.45562 1.55562 -15.3 3.64548 -1.33936 -15.3 3.64548 1.33936 -15.3 3.8052 -1.1 -15.3 3.8052 1.1 -15.3 3.93258 -0.84194 -15.3 3.93258 0.84194 -15.3 4.02498 -0.56936 -15.3 4.02498 0.56936 -15.3 4.08108 -0.2871 -15.3 4.08108 0.2871 -15.3 4.1 0 -14.778 0.143 -6.329 -14.598 4.83 5.957 -14.586 3.676 5.996 -14.443 -2.083 5.523 -14.443 -2.083 5.523 -14.414 6.009 -5.945 -14.414 6.009 -5.945 -14.407 5.54 5.943 -14.407 5.54 5.943 -14.213 -3.594 -13.831 -14.213 -3.594 -13.831 -13.885 -6.141 -13.776 -13.885 -6.141 -13.776 -13.121 -8.469 12.394 -13.121 -8.469 12.394 -13.121 -8.469 12.394 -13.121 -8.469 12.394 -13 -6.162 0 -13 -6.162 0 -13 4.883 0 -13 4.883 0 -12.839 -11.348 11.811 -12.839 -11.348 11.811 -12.839 -11.348 11.811 -12.319 -1.379 -12.037 -12.319 -1.379 -12.037 -12.138 5.228 11.621 -12.138 5.228 11.621 -12.0107 -7.417 4.9751 -12.0107 -7.417 4.9751 -12.0107 -4.662 -4.9751 -12.0107 -4.662 -4.9751 -12.0107 5.436 4.9751 -12.0107 5.436 4.9751 -12.0107 5.828 -4.9751 -12.0107 5.828 -4.9751 -12.01 6.144 11.527 -12.01 6.144 11.527 -11.6 1.096 -11.396 -11.6 1.096 -11.396 -11.372 2.693 11.043 -10.953 6.958 -10.927 -10.953 6.958 -10.927 -10.754 -3.078 10.624 -10.754 -3.078 10.624 -9.194 -8.296 9.193 -9.194 -8.296 9.193 -9.194 -8.296 9.193 -9.1923 -3.794 -9.1923 -9.1923 -3.794 -9.1923 -9.1926 -2.6065 9.1919 -9.192599 -2.6065 9.191899 -9.1923 5.905 9.1923 -9.1923 5.905 9.1923 -9.1923 6.629 -9.1923 -9.1923 6.629 -9.1923 -7.774 5.515 16.83 -7.774 5.515 16.83 -7.774 5.515 16.83 -7.774 5.515 16.83 -7.702 -5 -1.5 -7.702 -5 -1.5 -7.702 -5 -1.5 -7.702 -5 1.5 -7.702 -5 1.5 -7.702 -5 1.5 -7.702 0.5999999 -1.5 -7.702 0.5999999 -1.5 -7.702 0.5999999 -1.5 -7.702 0.5999999 1.5 -7.702 0.5999999 1.5 -7.702 0.5999999 1.5 -7.667 6.708 16.68 -7.667 6.708 16.68 -7.667 6.708 16.68 -7.599 -1.909 -19.87 -7.599 -1.909 -19.87 -7.599 -1.909 -19.87 -7.599 -1.909 -19.87 -7.391 -5 -3.062 -7.391 -5 -3.062 -7.391 -5 3.0614 -7.39104 -5 3.06147 -7.391 0.5999999 -3.062 -7.390969 0.5999999 -3.061439 -7.39104 0.5999999 3.06148 -7.39104 0.5999999 3.06147 -7.17 -4.31 -20.25 -7.17 -4.31 -20.25 -7.17 -4.31 -20.25 -6.928635 -5 -4.000228 -6.927955 -5 3.999672 -6.928635 0.5999999 -4.000228 -6.928216 0.5999999 -3.999995 -6.927955 0.5999999 3.999672 -6.928206 0.5999999 4.000013 -6.608 2.082 14.294 -6.608 2.082 14.294 -6.5 -0.019 -16.919 -6.5 -0.019 -16.919 -6.5 -0.019 -16.919 -6.346753 -5 -4.869905 -6.346697 -5 4.869875 -6.346753 0.5999999 -4.869905 -6.34684 0.5999999 -4.870089 -6.346697 0.5999999 4.869875 -6.346827 0.5999999 4.870104 -6.251 -3.58 13.577 -6.251 -3.58 13.577 -6.215 -9.984 15.501 -6.215 -9.984 15.501 -6 -5 0 -5.9484 -5 -0.783 -5.9484 -5 0.783 -5.892 7.584 -14.214 -5.892 7.584 -14.214 -5.885 1.887 -15.165 -5.885 1.887 -15.165 -5.7954 -5 -1.5528 -5.7954 -5 1.5528 -5.702 -5 -1.5 -5.702 -5 -1.5 -5.702 -5 -1.5 -5.702 -5 1.5 -5.702 -5 1.5 -5.702 -5 1.5 -5.702 0.5999999 -1.5 -5.702 0.5999999 -1.5 -5.702 0.5999999 -1.5 -5.702 0.5999999 1.5 -5.702 0.5999999 1.5 -5.702 0.5999999 1.5 -5.657043 -5 -5.656957 -5.657 -5 -5.657 -5.656957 -5 5.657043 -5.657 -5 5.657 -5.657043 0.5999999 -5.656957 -5.656868 0.5999999 -5.656852 -5.656957 0.5999999 5.657043 -5.656852 0.5999999 5.656868 -5.582 -12.489 15.185 -5.582 -12.489 15.185 -5.543 -5 -2.296 -5.5434 -5 -2.2962 -5.5434 -5 2.2962 -5.54328 -5 2.2961 -5.543 0.5999999 -2.296 -5.543 0.5999999 -2.296 -5.54328 0.5999999 2.2961 -5.543 0.5999999 2.296 -5.196475 -5 -3.000173 -5.196 -5 -3 -5.196 -5 3 -5.195967 -5 2.999752 -5.196475 0.5999999 -3.000173 -5.196161 0.5999999 -2.999996 -5.196155 0.5999999 3.00001 -5.195967 0.5999999 2.999752 -4.976 -8.865 11.042 -4.976 -8.865 11.042 -4.9751 -2.956 -12.0107 -4.9751 -2.956 -12.0107 -4.9751 6.217 12.0107 -4.9751 6.217 12.0107 -4.9751 7.1637 -12.0107 -4.9751 7.1637 -12.0107 -4.973 -1.633 12.006 -4.973 -1.633 12.006 -4.869875 -5 -6.346697 -4.869905 -5 6.346753 -4.870106 0.5999999 -6.346826 -4.869875 0.5999999 -6.346697 -4.869905 0.5999999 6.346753 -4.870089 0.5999999 6.34684 -4.806 -2.428 11.131 -4.806 -2.428 11.131 -4.7604 -5 -3.6528 -4.760063 -5 -3.652431 -4.7604 -5 3.6528 -4.760024 -5 3.652404 -4.760129 0.5999999 -3.652566 -4.760063 0.5999999 -3.652431 -4.760024 0.5999999 3.652404 -4.760121 0.5999999 3.652579 -4.2426 -5 -4.2426 -4.24278 -5 -4.242719 -4.2426 -5 4.2426 -4.242719 -5 4.24278 -4.24278 0.5999999 -4.242719 -4.242651 0.5999999 -4.242638 -4.242719 0.5999999 4.24278 -4.242639 0.5999999 4.242649 -3.999672 -5 -6.927955 -4.000228 -5 6.928635 -3.999672 0.5999999 -6.927955 -4.000014 0.5999999 -6.928206 -3.999995 0.5999999 6.928216 -4.000228 0.5999999 6.928635 -3.6528 -5 -4.7604 -3.652404 -5 -4.760024 -3.6528 -5 4.7604 -3.652431 -5 4.760063 -3.652404 0.5999999 -4.760024 -3.65258 0.5999999 -4.760121 -3.652431 0.5999999 4.760063 -3.652566 0.5999999 4.760129 -3.06147 -5 -7.39104 -3.0614 -5 -7.391 -3.061439 -5 7.390969 -3.0615 -5 7.391 -3.06148 0.5999999 -7.39104 -3.06147 0.5999999 -7.39104 -3.061439 0.5999999 7.390969 -3.061461 0.5999999 7.391047 -2.999752 -5 -5.195967 -3 -5 -5.196 -3 -5 5.196 -3.000173 -5 5.196475 -2.999752 0.5999999 -5.195967 -3.00001 0.5999999 -5.196155 -2.999996 0.5999999 5.196161 -3.000173 0.5999999 5.196475 -2.2961 -5 -5.54328 -2.2962 -5 -5.5434 -2.296081 -5 5.543225 -2.2962 -5 5.5434 -2.29611 0.5999999 -5.54328 -2.2961 0.5999999 -5.54328 -2.296095 0.5999999 5.543285 -2.296081 0.5999999 5.543225 -2.070611 -5 -7.726999 -2.070695 -5 7.727874 -2.070565 0.5999999 -7.727413 -2.070611 0.5999999 -7.726999 -2.070695 0.5999999 7.727874 -2.070543 0.5999999 7.727418 -1.5528 -5 -5.7954 -1.552955 -5 -5.795249 -1.5528 -5 5.7954 -1.553023 -5 5.795904 -1.552955 0.5999999 -5.795249 -1.552924 0.5999999 -5.795559 -1.553023 0.5999999 5.795904 -1.552908 0.5999999 5.795563 -1.044273 -5 -7.931314 -1.044287 -5 7.931376 -1.044221 0.5999999 -7.931565 -1.044273 0.5999999 -7.931314 -1.0442 0.5999999 7.931569 -1.044287 0.5999999 7.931376 -0.783202 -5 -5.948485 -0.783 -5 -5.9484 -0.7832175 -5 5.948531 -0.783 -5 5.9484 -0.783202 0.5999999 -5.948485 -0.7831659 0.5999999 -5.948675 -0.7832175 0.5999999 5.948531 -0.7831504 0.5999999 5.948676 0 -13.106 16.807 0 -13.106 16.807 0 -13.106 16.807 0 -10.959 17.463 0 -10.959 17.463 0 -10.959 17.463 0 -9.155 11.764 0 -9.155 11.764 5.873468E-05 -5 -8.000206 0.0001 -5 -8.0002 4.656528E-05 -5 -6.000154 0 -5 -6 0 -5 0 -4.656528E-05 -5 6.000154 0 -5 6 -0.0001 -5 8.0002 -5.873468E-05 -5 8.000206 0 -3.863 14.833 0 -3.863 14.833 0 -2.811 -13 0 -2.811 -13 0 -2.422 11.767 0 -2.422 11.767 0 -1.878 -20.487 0 -1.878 -20.487 0 -1.2065 12.9975 0 -1.204 13 0 -1.204 13 0 0.015 -17.965 -9.77395E-06 0.5999999 -8.000008 5.873468E-05 0.5999999 -8.000206 4.656528E-05 0.5999999 -6.000154 -7.810415E-06 0.5999999 -6.000005 -4.656528E-05 0.5999999 6.000154 7.810415E-06 0.5999999 6.000005 9.77395E-06 0.5999999 8.000008 -5.873468E-05 0.5999999 8.000206 0 1.756 15.827 0 1.756 15.827 0 1.756 15.827 0 2.093 -16.35 0 2.093 -16.35 0 5.668 19.776 0 5.668 19.776 0 5.668 19.776 0 6.326 13 0 6.326 13 0 7.147 19.456 0 7.147 19.456 0 7.147 19.456 0 7.455 -13 0 7.455 -13 0 7.597 -15.195 0 7.597 -15.195 0.783 -5 -5.9484 0.7832175 -5 -5.948531 0.783202 -5 5.948485 0.783 -5 5.9484 0.7832175 0.5999999 -5.948531 0.7831504 0.5999999 -5.948676 0.783202 0.5999999 5.948485 0.7831659 0.5999999 5.948675 1.044287 -5 -7.931376 1.044273 -5 7.931314 1.044287 0.5999999 -7.931376 1.0442 0.5999999 -7.931569 1.044273 0.5999999 7.931314 1.044221 0.5999999 7.931565 1.5528 -5 -5.7954 1.553023 -5 -5.795904 1.5528 -5 5.7954 1.552955 -5 5.795249 1.553023 0.5999999 -5.795904 1.552908 0.5999999 -5.795563 1.552924 0.5999999 5.795559 1.552955 0.5999999 5.795249 2.070695 -5 -7.727874 2.070611 -5 7.726999 2.070695 0.5999999 -7.727874 2.070543 0.5999999 -7.727418 2.070611 0.5999999 7.726999 2.070565 0.5999999 7.727413 2.2962 -5 -5.5434 2.296081 -5 -5.543225 2.2961 -5 5.54328 2.2962 -5 5.5434 2.296081 0.5999999 -5.543225 2.296095 0.5999999 -5.543285 2.29611 0.5999999 5.54328 2.2961 0.5999999 5.54328 3.000173 -5 -5.196475 3 -5 -5.196 3 -5 5.196 2.999752 -5 5.195967 2.999996 0.5999999 -5.196161 3.000173 0.5999999 -5.196475 2.999752 0.5999999 5.195967 3.00001 0.5999999 5.196155 3.0614 -5 -7.391 3.061439 -5 -7.390969 3.0615 -5 7.391 3.06147 -5 7.39104 3.061461 0.5999999 -7.391047 3.061439 0.5999999 -7.390969 3.06147 0.5999999 7.39104 3.06148 0.5999999 7.39104 3.6528 -5 -4.7604 3.652431 -5 -4.760063 3.652404 -5 4.760024 3.6528 -5 4.7604 3.652566 0.5999999 -4.760129 3.652431 0.5999999 -4.760063 3.652404 0.5999999 4.760024 3.65258 0.5999999 4.760121 4.000228 -5 -6.928635 3.999672 -5 6.927955 4.000228 0.5999999 -6.928635 3.999995 0.5999999 -6.928216 3.999672 0.5999999 6.927955 4.000014 0.5999999 6.928206 4.2426 -5 -4.2426 4.242719 -5 -4.24278 4.24278 -5 4.242719 4.2426 -5 4.2426 4.242639 0.5999999 -4.242649 4.242719 0.5999999 -4.24278 4.24278 0.5999999 4.242719 4.242651 0.5999999 4.242638 4.760024 -5 -3.652404 4.7604 -5 -3.6528 4.760063 -5 3.652431 4.7604 -5 3.6528 4.760024 0.5999999 -3.652404 4.760121 0.5999999 -3.652579 4.760129 0.5999999 3.652566 4.760063 0.5999999 3.652431 4.806 -2.428 11.131 4.806 -2.428 11.131 4.869905 -5 -6.346753 4.869875 -5 6.346697 4.869905 0.5999999 -6.346753 4.870089 0.5999999 -6.34684 4.870106 0.5999999 6.346826 4.869875 0.5999999 6.346697 4.973 -1.633 12.006 4.973 -1.633 12.006 4.976 -8.865 11.042 4.976 -8.865 11.042 4.9751 -2.956 -12.0107 4.9751 -2.956 -12.0107 4.9751 6.217 12.0107 4.9751 6.217 12.0107 4.9751 7.1637 -12.0107 4.9751 7.1637 -12.0107 5.195967 -5 -2.999752 5.196 -5 -3 5.196475 -5 3.000173 5.196 -5 3 5.196155 0.5999999 -3.00001 5.195967 0.5999999 -2.999752 5.196161 0.5999999 2.999996 5.196475 0.5999999 3.000173 5.543 -5 -2.296 5.5434 -5 -2.2962 5.5434 -5 2.2962 5.543 -5 2.296 5.543 0.5999999 -2.296 5.54328 0.5999999 -2.29611 5.543225 0.5999999 2.296081 5.543 0.5999999 2.296 5.582 -12.489 15.185 5.582 -12.489 15.185 5.656957 -5 -5.657043 5.657 -5 -5.657 5.657043 -5 5.656957 5.657 -5 5.657 5.656852 0.5999999 -5.656868 5.656957 0.5999999 -5.657043 5.657043 0.5999999 5.656957 5.656868 0.5999999 5.656852 5.702 -5 -1.5 5.702 -5 -1.5 5.702 -5 -1.5 5.702 -5 1.5 5.702 -5 1.5 5.702 -5 1.5 5.702 0.5999999 -1.5 5.702 0.5999999 -1.5 5.702 0.5999999 -1.5 5.702 0.5999999 1.5 5.702 0.5999999 1.5 5.702 0.5999999 1.5 5.7954 -5 -1.5528 5.7954 -5 1.5528 5.885 1.887 -15.165 5.885 1.887 -15.165 5.892 7.584 -14.214 5.892 7.584 -14.214 5.9484 -5 -0.783 5.9484 -5 0.783 6 -5 0 6.215 -9.984 15.501 6.215 -9.984 15.501 6.251 -3.58 13.577 6.251 -3.58 13.577 6.346697 -5 -4.869875 6.346753 -5 4.869905 6.346697 0.5999999 -4.869875 6.346827 0.5999999 -4.870104 6.34684 0.5999999 4.870089 6.346753 0.5999999 4.869905 6.5 -0.019 -16.919 6.5 -0.019 -16.919 6.5 -0.019 -16.919 6.608 2.082 14.294 6.608 2.082 14.294 6.927955 -5 -3.999672 6.928635 -5 4.000228 6.927955 0.5999999 -3.999672 6.928206 0.5999999 -4.000013 6.928216 0.5999999 3.999995 6.928635 0.5999999 4.000228 7.17 -4.31 -20.25 7.17 -4.31 -20.25 7.17 -4.31 -20.25 7.391 -5 -3.062 7.391 -5 -3.062 7.391 -5 3.0614 7.390969 -5 3.061439 7.391 0.5999999 -3.062 7.391 0.5999999 -3.062 7.390969 0.5999999 3.061439 7.391047 0.5999999 3.061461 7.599 -1.909 -19.87 7.599 -1.909 -19.87 7.599 -1.909 -19.87 7.599 -1.909 -19.87 7.667 6.708 16.68 7.667 6.708 16.68 7.667 6.708 16.68 7.702 -5 -1.5 7.702 -5 -1.5 7.702 -5 -1.5 7.702 -5 1.5 7.702 -5 1.5 7.702 -5 1.5 7.702 0.5999999 -1.5 7.702 0.5999999 -1.5 7.702 0.5999999 -1.5 7.702 0.5999999 1.5 7.702 0.5999999 1.5 7.702 0.5999999 1.5 7.774 5.515 16.83 7.774 5.515 16.83 7.774 5.515 16.83 7.774 5.515 16.83 9.1923 -3.794 -9.1923 9.1923 -3.794 -9.1923 9.192599 -2.6065 9.191899 9.1926 -2.6065 9.1919 9.1923 5.905 9.1923 9.1923 5.905 9.1923 9.1923 6.629 -9.1923 9.1923 6.629 -9.1923 9.194 -8.296 9.193 9.194 -8.296 9.193 9.194 -8.296 9.193 10.754 -3.078 10.624 10.754 -3.078 10.624 10.953 6.958 -10.927 10.953 6.958 -10.927 11.372 2.693 11.043 11.6 1.096 -11.396 11.6 1.096 -11.396 12.0107 -7.417 4.9751 12.0107 -7.417 4.9751 12.0107 -4.662 -4.9751 12.0107 -4.662 -4.9751 12.0107 5.436 4.9751 12.0107 5.436 4.9751 12.0107 5.828 -4.9751 12.0107 5.828 -4.9751 12.01 6.144 11.527 12.01 6.144 11.527 12.138 5.228 11.621 12.138 5.228 11.621 12.319 -1.379 -12.037 12.319 -1.379 -12.037 12.839 -11.348 11.811 12.839 -11.348 11.811 12.839 -11.348 11.811 13 -6.162 0 13 -6.162 0 13 4.883 0 13 4.883 0 13.121 -8.469 12.394 13.121 -8.469 12.394 13.121 -8.469 12.394 13.121 -8.469 12.394 13.885 -6.141 -13.776 13.885 -6.141 -13.776 14.213 -3.594 -13.831 14.213 -3.594 -13.831 14.407 5.54 5.943 14.407 5.54 5.943 14.414 6.009 -5.945 14.414 6.009 -5.945 14.443 -2.083 5.523 14.443 -2.083 5.523 14.586 3.676 5.996 14.598 4.83 5.957 14.778 0.143 -6.329 15.3 -0.3000001 0 15.3 -0.2810801 -0.2871 15.3 -0.2810801 0.2871 15.3 -0.2249801 -0.56936 15.3 -0.2249801 0.56936 15.3 -0.1325801 -0.84194 15.3 -0.1325801 0.84194 15.3 -0.005200058 -1.1 15.3 -0.005200058 1.1 15.3 0.15452 -1.33936 15.3 0.15452 1.33936 15.3 0.34438 -1.55562 15.3 0.34438 1.55562 15.3 0.56064 -1.74548 15.3 0.56064 1.74548 15.3 0.8 -1.9052 15.3 0.8 1.9052 15.3 1.05806 -2.03258 15.3 1.05806 2.03258 15.3 1.33064 -2.12498 15.3 1.33064 2.12498 15.3 1.6129 -2.18108 15.3 1.6129 2.18108 15.3 1.9 -2.2 15.3 1.9 2.2 15.3 2.1871 -2.18108 15.3 2.1871 2.18108 15.3 2.46936 -2.12498 15.3 2.46936 2.12498 15.3 2.74194 -2.03258 15.3 2.74194 2.03258 15.3 3 -1.9052 15.3 3 1.9052 15.3 3.23936 -1.74548 15.3 3.23936 1.74548 15.3 3.45562 -1.55562 15.3 3.45562 1.55562 15.3 3.64548 -1.33936 15.3 3.64548 1.33936 15.3 3.8052 -1.1 15.3 3.8052 1.1 15.3 3.93258 -0.84194 15.3 3.93258 0.84194 15.3 4.02498 -0.56936 15.3 4.02498 0.56936 15.3 4.08108 -0.2871 15.3 4.08108 0.2871 15.3 4.1 0 15.446 4.265 3.051 15.703 4.876 0 15.703 4.876 0 15.868 -2.46 -6.914 16.309 -1.052 0.051 16.309 -1.052 0.051 16.309 -1.052 0.051 16.872 -9.961 5.198 16.872 -9.960999 5.198 17.3 -0.3000001 0 17.3 -0.3000001 0 17.3 -0.2810801 -0.2871 17.3 -0.2810801 -0.2871 17.3 -0.2810801 0.2871 17.3 -0.2810801 0.2871 17.3 -0.2249801 -0.56936 17.3 -0.2249801 -0.56936 17.3 -0.2249801 0.56936 17.3 -0.2249801 0.56936 17.3 -0.1325801 -0.84194 17.3 -0.13258 -0.84194 17.3 -0.13258 0.84194 17.3 -0.1325801 0.84194 17.3 -0.005200058 -1.1 17.3 -0.005200058 -1.1 17.3 -0.005200058 1.1 17.3 -0.005200058 1.1 17.3 0.15452 -1.33936 17.3 0.15452 -1.33936 17.3 0.15452 1.33936 17.3 0.15452 1.33936 17.3 0.34438 -1.55562 17.3 0.34438 -1.55562 17.3 0.34438 1.55562 17.3 0.34438 1.55562 17.3 0.56064 -1.74548 17.3 0.56064 -1.74548 17.3 0.56064 1.74548 17.3 0.56064 1.74548 17.3 0.8 -1.9052 17.3 0.8 -1.9052 17.3 0.8 1.9052 17.3 0.8 1.9052 17.3 1.05806 -2.03258 17.3 1.05806 -2.03258 17.3 1.05806 2.03258 17.3 1.05806 2.03258 17.3 1.33064 -2.12498 17.3 1.33064 -2.12498 17.3 1.33064 2.12498 17.3 1.33064 2.12498 17.3 1.6129 -2.18108 17.3 1.6129 -2.18108 17.3 1.6129 2.18108 17.3 1.6129 2.18108 17.3 1.9 -2.2 17.3 1.9 -2.2 17.3 1.9 0 17.3 1.9 2.2 17.3 1.9 2.2 17.3 2.1871 -2.18108 17.3 2.1871 -2.18108 17.3 2.1871 2.18108 17.3 2.1871 2.18108 17.3 2.46936 -2.12498 17.3 2.46936 -2.12498 17.3 2.46936 2.12498 17.3 2.46936 2.12498 17.3 2.74194 -2.03258 17.3 2.74194 -2.03258 17.3 2.74194 2.03258 17.3 2.74194 2.03258 17.3 3 -1.9052 17.3 3 -1.9052 17.3 3 1.9052 17.3 3 1.9052 17.3 3.23936 -1.74548 17.3 3.23936 -1.74548 17.3 3.23936 1.74548 17.3 3.23936 1.74548 17.3 3.45562 -1.55562 17.3 3.45562 -1.55562 17.3 3.45562 1.55562 17.3 3.45562 1.55562 17.3 3.64548 -1.33936 17.3 3.64548 -1.33936 17.3 3.64548 1.33936 17.3 3.64548 1.33936 17.3 3.8052 -1.1 17.3 3.8052 -1.1 17.3 3.8052 1.1 17.3 3.8052 1.1 17.3 3.93258 -0.84194 17.3 3.93258 -0.84194 17.3 3.93258 0.84194 17.3 3.93258 0.84194 17.3 4.02498 -0.56936 17.3 4.02498 -0.56936 17.3 4.02498 0.56936 17.3 4.02498 0.56936 17.3 4.08108 -0.2871 17.3 4.08108 -0.2871 17.3 4.08108 0.2871 17.3 4.08108 0.2871 17.3 4.1 0 17.3 4.1 0 17.304 -6.793 5.733 17.304 -6.793 5.733 18.138 -7.87 -8.546 18.138 -7.87 -8.546 18.138 -7.87 -8.546 18.604 -8.826 -1.204 18.604 -8.826 -1.204 18.704 -5.038 -8.217999 18.704 -5.038 -8.217999 18.704 -5.038 -8.217999 19.104 -5.878 -0.282 19.104 -5.878 -0.282 
				</float_array>
				<technique_common>
					<accessor count="902" source="#Part-15530_dot_dat-pos-array" stride="3">
						<param name="X" type="float" /><param name="Y" type="float" /><param name="Z" type="float" />
					</accessor>
				</technique_common>
			</source>
			<source id="Part-15530_dot_dat-norm" name="Part-15530_dot_dat-norm">
				<float_array id="Part-15530_dot_dat-norm-array" count="2706">
					-0.9818114 -0.1886536 0.02135628 -0.8174282 0.5725157 0.06353735 -0.9797636 -0.1877927 -0.06926043 -0.6424214 0.759274 -0.1039119 -0.7613619 -0.09398277 -0.641479 -0.9751345 -0.1824846 0.125746 0 -0.9886239 -0.1504084 -0.9834067 -0.1651161 -0.07515237 -0.7608365 -0.07743666 -0.6443071 0 -0.9792472 -0.2026694 -0.9203536 -0.2017725 0.3350181 -0.7727706 0.4694974 0.4270807 0 -0.9997588 0.0219615 -1 0 0 -1 0 0 0 -0.9940385 -0.1090302 -1 0 0 0 -0.988354 0.1521723 -1 0 0 0 -0.9714056 -0.2374263 0 -0.9601341 0.2795392 -1 0 0 -1 0 0 0 -0.9320765 -0.3622614 0 -0.9152585 0.402867 -1 0 0 -1 0 0 0 -0.8767221 -0.4809973 -1 0 0 0 -0.8550503 0.518545 0 -0.8065997 -0.5910981 -1 0 0 -1 0 0 0 -0.7797714 0.6260642 -1 0 0 0 -0.7222591 -0.6916225 -1 0 0 0 -0.6916226 0.722259 -1 0 0 0 -0.6260643 -0.7797715 -1 0 0 0 -0.591098 0.8065998 -1 0 0 0 -0.518545 -0.8550503 0 -0.4809974 0.876722 -1 0 0 -1 0 0 0 -0.4028671 -0.9152585 -1 0 0 0 -0.3622613 0.9320766 0 -0.279539 -0.9601344 -1 0 0 0 -0.2374264 0.9714056 -1 0 0 0 -0.1521725 -0.988354 -1 0 0 -1 0 0 0 -0.1090302 0.9940385 0 -0.02196143 -0.9997588 -1 0 0 -1 0 0 -1 0 0 0 0.02196143 0.9997588 0 0.1090302 -0.9940385 -0.9999999 0 0 0 0.1521726 0.988354 -1 0 0 -1 0 0 0 0.2374264 -0.9714055 0 0.2795389 0.9601343 -1 0 0 -0.9999999 0 0 0 0.3622611 -0.9320766 -0.9999999 0 0 0 0.402867 0.9152586 0 0.4809974 -0.876722 -1 0 0 0 0.5185449 0.8550504 -1 0 0 0 0.5910979 -0.8065999 -0.9999999 0 0 -0.9999999 0 0 0 0.6260642 0.7797715 0 0.6916227 -0.7222589 -1 0 0 -1 0 0 0 0.7222593 0.6916223 -1 0 0 0 0.7797716 -0.6260642 0 0.8065996 0.5910982 -1 0 0 0 0.8550501 -0.5185452 -1 0 0 -1 0 0 0 0.8767221 0.4809971 -1 0 0 0 0.9152586 -0.4028668 0 0.9320765 0.3622615 -1 0 0 -1 0 0 0 0.9601341 -0.2795393 -1 0 0 0 0.9714056 0.2374262 0 0.988354 -0.152172 -1 0 0 0 0.9940385 0.1090299 -1 0 0 0 0.9997588 -0.02196143 -1 0 0 0 -0.982787 -0.1847426 -0.8933442 -0.1854592 0.4093176 -0.9476407 -0.02578044 0.3182965 -0.9272414 0.3285134 -0.1797283 -0.8654469 0.4048345 0.2951453 -0.7556487 0.6274401 -0.1879195 -0.9856285 0.1093365 -0.1287707 -0.002244972 0.9999912 -0.003560863 -0.9683313 0.03881804 0.2466327 0 -0.9997588 -0.0219615 0 -0.988354 -0.1521723 0 -0.9940385 0.1090302 0 -0.9601341 -0.2795392 0 -0.9714056 0.2374263 0 -0.9152585 -0.402867 0 -0.9320765 0.3622614 0 -0.8550503 -0.518545 0 -0.8767221 0.4809973 0 -0.7797714 -0.6260642 0 -0.8065997 0.5910981 0 -0.6916226 -0.722259 0 -0.7222591 0.6916225 0 -0.591098 -0.8065998 0 -0.6260643 0.7797715 0 -0.4809974 -0.876722 0 -0.518545 0.8550503 0 -0.3622613 -0.9320766 0 -0.4028671 0.9152585 0 -0.2374264 -0.9714056 0 -0.279539 0.9601344 0 -0.1090302 -0.9940385 0 -0.1521725 0.988354 0 0.02196143 -0.9997588 0 -0.02196143 0.9997588 0 0.1521726 -0.988354 0 0.1090302 0.9940385 0 0.2795389 -0.9601343 0 0.2374264 0.9714055 0 0.402867 -0.9152586 0 0.3622611 0.9320766 0 0.5185449 -0.8550504 0 0.4809974 0.876722 0 0.6260642 -0.7797715 0 0.5910979 0.8065999 0 0.7222593 -0.6916223 0 0.6916227 0.7222589 0 0.8065996 -0.5910982 0 0.7797716 0.6260642 0 0.8767221 -0.4809971 0 0.8550501 0.5185452 0 0.9320765 -0.3622615 0 0.9152586 0.4028668 0 0.9714056 -0.2374262 0 0.9601341 0.2795393 0 0.9940385 -0.1090299 0 0.988354 0.152172 0 0.9997588 0.02196143 -0.9260511 0.1926504 -0.324523 -0.9276463 0.1159457 0.3550055 -0.8917172 -0.1115918 0.4386202 -0.8911424 -0.07078915 0.4481675 -0.7171417 0.4755581 0.5094625 -0.001693164 0.9824602 0.186465 -0.8988587 0.09996288 -0.4266854 -0.002313177 0.994099 -0.1084527 -0.9166847 0.3207069 0.2384036 -0.5723037 0.7601157 -0.3077216 -0.7016584 -0.07145001 -0.708922 0 -0.9579772 -0.2868442 -0.7297769 -0.09753942 -0.6766918 -0.4399172 -0.2194316 0.8708172 -0.6241634 0.4651328 0.6277511 -0.8538029 -0.1903953 0.4845309 -0.3457082 0.268208 0.8991943 0.9979566 0 0.0638943 -0.2132905 0.9536967 0.2120608 0.9973357 -2.73558E-08 -0.0729478 -0.002170295 0.9955493 0.09421749 -0.8560166 -0.1818398 0.4839109 -0.43973 -0.2201238 0.8707371 0 -0.9739259 -0.2268662 -0.7316917 0.3621239 -0.577489 -0.5902643 0.7217833 -0.3614097 -0.8107213 0.1613853 0.5627483 -0.7996793 -0.2962596 0.5222484 -0.3468412 0.8866636 0.3058251 0.9332087 -4.26666E-05 -0.3593348 0.8966454 0 0.4427494 -0.001465112 0.9821449 0.1881201 -0.001779434 0.9939112 -0.1101696 0.903829 -8.797463E-07 -0.4278937 -0.0008912683 0.9824754 0.18639 0.9479092 0 0.3185404 -0.8596079 0.192211 0.4734227 -0.003172702 0.9943582 -0.1060272 -0.7190875 0.2260803 -0.6571155 -0.8207158 0.3544704 -0.4480807 -0.7369061 -0.2448965 0.6300754 -0.6531194 0.1349052 -0.7451414 -0.0005872127 0.9824588 0.1864787 -0.6640897 -0.1307617 0.7361292 -0.5728793 0.4716262 0.6703566 0.8315862 -0.0003119644 -0.5553956 -0.2642451 0.8230066 0.5028265 0.4014481 -0.000275803 -0.9158818 0.08541552 0.9476939 0.3075395 0.6597719 0 0.7514659 0.6800364 0.0002635086 -0.7331784 0.2464011 0.7402549 -0.6255471 0.7071064 8.234218E-06 -0.7071072 -0.002789838 0.9942797 -0.1067708 0.7525041 0 0.6585877 -1.655892E-06 0.9824069 0.1867528 -0.3623819 -0.6302829 0.6866024 -0.7621333 0.1476136 0.6303675 -0.3479847 0.1759104 0.9208485 -0.7074237 -0.3533332 0.6121335 -0.117142 0.9852672 0.1246056 -0.9807493 0 -0.195271 0 0 1 -0.2402697 0.9608955 0.13766 -0.9807414 0 0.1953106 0 0 -1 0 0 1 0 1 0 -0.9807408 1.245917E-05 -0.195314 0 0 -1 -0.9807414 0 0.1953106 0 1 0 -0.344175 0.1474556 0.9272542 -0.7623706 0.1575662 0.6276656 -0.006181385 0.9933465 -0.114998 -0.5068812 0.7839414 -0.3584793 -0.04621168 0.8489232 -0.5264921 -0.08068606 0.1417322 -0.9866112 -0.6737946 -0.003444918 -0.7389107 -0.9553414 1.74107E-05 -0.2955041 0.06064335 0.9977136 0.02983296 -0.3911546 0.8999838 0.1924251 -0.9552495 0 0.2958013 0 1 0 -0.9553414 3.48214E-05 -0.2955041 0 1 0 -0.9552495 0 0.2958013 0 -0.9622552 -0.2721485 -0.02808875 -0.01459063 -0.9994989 -0.6756376 -0.05507781 -0.7351737 -0.8547233 0 -0.5190839 -0.8766477 0 0.4811329 -0.8767681 1.642378E-05 -0.4809133 0 1 0 -0.8548861 0 0.5188158 0 0.9999999 0 -0.4443318 -0.1339909 0.8857854 -0.300273 -0.6578979 0.6906565 -0.3668348 0.7877122 -0.4949159 -0.6473691 0.361802 -0.6708297 -0.07480609 0.7941012 -0.6031644 -0.7798905 0 -0.6259158 -0.8066025 0 0.5910944 -0.8062869 0 -0.5915247 0 1 0 -0.7800733 0 0.6256883 0 1 0 -0.3047862 -0.02696465 0.952039 -0.3119099 0.3460163 0.8848643 -0.3012133 0.2728153 0.9136971 -0.3882454 -0.2266309 0.8932548 0 1 0 0 1 0 0 1 0 0.009401164 0.9830155 0.1832817 -0.3124044 0.1694376 -0.9347163 -0.4503912 0.1432253 -0.8812687 -0.2655441 0.6706215 -0.6926423 0 1 0 0 1 0 0.9806281 0 0.1958791 0 1 0 0 0 1 0 1 0 0.980699 0 -0.1955239 0 0 -1 0 0 1 0.9806281 0 0.1958791 0 1 0 0 1 0 0.980699 0 -0.1955239 0 0 -1 -0.6913763 0 -0.7224949 0.08803601 0.9797505 0.1798293 -0.7224949 0 0.6913763 -0.3089758 0.8257869 0.4718156 -0.7224548 0 -0.6914182 0 1 0 -0.6914182 0 0.7224548 0 1 0 0 -0.9457468 -0.3249045 -0.3793746 -0.2095504 0.9012012 0.9327451 0 0.3605363 0 1 0 0 1 0 0.9605459 0 -0.2781217 0 1 0 0.9605817 0 0.2779978 0.9325087 0 -0.3611474 0 1 0 0.8548274 0 0.5189124 0 1 0 0 1 0 0.8766479 0 -0.4811326 0.8769103 0 0.4806543 0 1 0 0 0.9999999 0 0.8548864 0 -0.5188153 -0.1745289 0.7502186 0.6377396 0.3117944 0.004212204 -0.9501403 0.320109 0 0.9473808 0.0632231 0.9187236 0.3898077 -0.002317599 0.9943944 -0.10571 0.3883405 0.0003295841 -0.9215159 0.4441729 0 0.8959411 -0.0029336 0.9891058 0.1471767 0.3826323 0.0006555984 -0.9239005 0.1284797 0.7308486 -0.6703383 -0.5910944 0 -0.8066025 -0.6259158 0 0.7798905 0 1 0 -0.6256883 0 -0.7800733 -0.5915247 0 0.8062869 0 1 0 0.2252771 0.004157145 -0.9742858 0.1658928 0.7454283 -0.645613 0 1 0 0.7798904 0 0.6259161 0 1 0 0.8066028 0 -0.5910937 0 1 0 0.8062867 0 0.5915251 0.7800737 0 -0.6256877 0 1 0 0 1 0 0.6913759 0 0.7224951 0 1 0 0.7224951 0 -0.6913759 0.7224547 0 0.6914182 0 1 0 0.6914182 0 -0.7224547 0 1 0 -0.4811329 0 -0.8766477 -0.5189973 0 0.8547758 -0.5188158 0 -0.8548861 0 1 0 0 1 0 -0.4808303 0 0.8768137 0 1 0 0.5910937 0 0.8066028 0 1 0 0.6259161 0 -0.7798904 0.6256877 0 0.7800737 0 1 0 0.5915251 0 -0.8062867 0 1 0 -0.3623015 0 -0.9320609 0.1102043 0.9576356 0.266062 -0.4026079 0 0.9153725 -0.1766184 0.7066104 0.6852062 0 1 0 -0.402881 0 -0.9152524 -0.3625793 0 0.931953 0 1 0 0.4811326 0 0.8766479 0 1 0 0 1 0 0.5189977 0 -0.8547757 0.5188153 0 0.8548864 0 0.9999999 0 0 1 0 0.4808306 0 -0.8768135 0.3623012 0 0.9320611 0 1 0 0.4026082 0 -0.9153724 0 1 0 0 0.9999999 0 0.4028808 0 0.9152525 0 1 0 0.3625798 0 -0.9319528 -0.237638 0 -0.9713537 -0.2800023 0 0.9599993 0 1 0 -0.2796715 0 -0.9600957 -0.237431 0 0.9714044 0 1 0 0 1 0 0.2376375 0 0.9713539 0 1 0 0.2800028 0 -0.9599991 0.279671 0 0.9600959 0 1 0 0.2374314 0 -0.9714043 0 0.9999999 0 -0.1091668 0 -0.9940234 -0.1518594 0 0.9884021 0 1 0 -0.1523875 0 -0.9883208 0 0.9999999 0 -0.1088762 0 0.9940553 0.1091667 0 0.9940235 0 1 0 0.1518598 0 -0.9884021 0 1 0 0.1523872 0 0.9883208 0 1 0 0.1088767 0 -0.9940553 0 1 0 0 -0.9346611 -0.3555401 0.3114302 -0.234773 0.9208109 -0.3114303 -0.234773 0.9208109 0.3284569 -0.2759953 0.9032955 -5.371954E-09 0.3191282 0.9477115 -0.328457 -0.2759953 0.9032955 2.650883E-09 0.6909664 0.722887 0 0.005191573 -0.9999865 0.02194608 0 -0.9997591 6.755762E-09 0.9217446 0.3877975 -0.02194644 0 0.9997591 0 1 0 0 1 0 0.02194644 0 -0.9997591 0 1 0 0 0.671356 0.7411351 -0.02194608 0 0.9997591 0 0.3475296 0.937669 -6.684062E-09 -0.1741953 0.9847112 8.780213E-09 0.9160504 0.4010629 9.336132E-09 0 0.9999999 -2.075685E-09 0.7264845 -0.6871828 0 0.0004456062 -0.9999999 1.669229E-09 0.02586678 -0.9996654 1.251248E-09 0.8291122 -0.5590823 0 0.7114212 -0.7027659 7.282604E-08 0.7071964 -0.7070172 0 0.0003328522 -0.9999999 -2.252325E-09 0.7168627 -0.6972143 0 1 0 -0.02200421 0 -0.9997578 0.02200412 0 0.9997578 0 1 0 -0.02200412 0 -0.9997578 0 1 0 0 1 0 0.02200421 0 0.9997578 -0.08150721 -0.1619632 0.9834248 -1.298173E-08 -0.7104271 0.7037709 0.2302603 -0.1365304 0.9635038 -5.014738E-09 0.343044 -0.9393193 -7.014206E-09 0.1644074 -0.9863926 0.3507515 0.1980342 0.91529 -1.321982E-08 -0.6826318 0.7307626 -0.3507515 0.1980342 0.91529 -1.766228E-09 0.992902 -0.1189351 0 0 -1 0.3479847 0.1759104 0.9208485 -2.389118E-09 0.9920109 -0.1261526 -0.3479847 0.1759104 0.9208485 0 0.997914 0.06455742 4.701567E-09 0 1 0 0.9918054 0.127758 0 0.2053743 -0.9786835 0 1 0 -0.1518598 0 0.9884021 -0.1091667 0 -0.9940235 0 1 0 -0.1088767 0 0.9940553 0 1 0 -0.1523872 0 -0.9883208 0 1 0 0.1518594 0 -0.9884021 0.1091668 0 0.9940234 0.1088762 0 -0.9940553 0 0.9999999 0 0.1523875 0 0.9883208 0 1 0 0 1 0 -0.2800028 0 0.9599991 0 1 0 -0.2376375 0 -0.9713539 -0.2374314 0 0.9714043 0 0.9999999 0 0 1 0 -0.279671 0 -0.9600959 0.2800023 0 -0.9599993 0.237638 0 0.9713537 0.237431 0 -0.9714044 0 1 0 0.2796715 0 0.9600957 0 1 0 0 1 0 -0.4026082 0 0.9153724 -0.3623012 0 -0.9320611 0 1 0 -0.3625798 0 0.9319528 0 1 0 0 0.9999999 0 -0.4028808 0 -0.9152525 -0.5189977 0 0.8547757 0 1 0 0 1 0 -0.4811326 0 -0.8766479 0 1 0 -0.4808306 0 0.8768135 -0.5188153 0 -0.8548864 0 0.9999999 0 -0.110206 0.9576368 0.2660568 0.4026079 0 -0.9153725 0.1766151 0.706611 0.6852065 0.3623015 0 0.9320609 0 1 0 0.3625793 0 -0.931953 0.402881 0 0.9152524 0 1 0 0 1 0 -0.6259161 0 0.7798904 -0.5910937 0 -0.8066028 0 1 0 0 1 0 -0.5915251 0 0.8062867 -0.6256877 0 -0.7800737 0 1 0 0.5189973 0 -0.8547758 0.4811329 0 0.8766477 0.4808303 0 -0.8768137 0 1 0 0.5188158 0 0.8548861 0 1 0 0 1 0 -0.7224951 0 0.6913759 -0.6913759 0 -0.7224951 0 1 0 0 1 0 -0.6914182 0 0.7224547 -0.7224547 0 -0.6914182 0 1 0 -0.8066028 0 0.5910937 0 1 0 -0.7798904 0 -0.6259161 0 1 0 -0.7800737 0 0.6256877 0 1 0 0 1 0 -0.8062867 0 -0.5915251 -0.2252771 0.004157141 -0.9742858 -0.1658929 0.7454283 -0.645613 0.6259158 0 -0.7798905 0.5910944 0 0.8066025 0.5915247 0 -0.8062869 0 1 0 0 1 0 0.6256883 0 0.7800733 -0.3826323 0.0006556002 -0.9239005 -0.1284797 0.7308486 -0.6703383 -0.3117944 0.004212204 -0.9501403 0.1745289 0.7502186 0.6377395 -0.3201089 0 0.9473807 -0.0632239 0.9187227 0.3898094 -0.3883404 0.0003295837 -0.921516 0.002317598 0.9943944 -0.10571 -0.4441728 0 0.8959411 0.0029336 0.9891058 0.1471767 -0.876768 0 0.4809136 0 1 0 -0.8548274 0 -0.5189124 0 1 0 0 1 0 -0.8549505 0 0.5187093 0 1 0 -0.8768619 1.417833E-05 -0.4807425 -0.9605114 0 0.2782409 0 1 0 0 1 0 -0.9327087 2.860895E-05 -0.3606308 -0.9325542 0 0.3610302 0 1 0 -0.9605817 2.828456E-05 -0.2779978 0 0.9999999 0 0 -0.9433036 -0.3319312 0.3793746 -0.2095504 0.9012012 0.7224949 0 -0.6913763 -0.08803601 0.9797505 0.1798293 0.6913763 0 0.7224949 0.3089758 0.8257869 0.4718156 0 1 0 0.6914182 0 -0.7224548 0.7224548 0 0.6914182 0 1 0 0 1 0 -0.9806281 0 0.1958791 0 0 1 0 0 -1 -0.9806565 2.112367E-05 -0.1957362 0 1 0 0 0 1 0 1 0 -0.9806281 0 0.1958791 0 1 0 -0.9806851 0 -0.1955933 0 0 -1 0 1 0 0 1 0 0.2655441 0.6706215 -0.6926423 0.4503912 0.1432253 -0.8812687 0.3124044 0.1694376 -0.9347162 -0.009401164 0.9830155 0.1832817 0 1 0 0 1 0 0 1 0 0.3882454 -0.2266308 0.8932548 0.3012133 0.2728153 0.9136971 0.2965948 0.3291985 0.8964708 0.3190733 -0.1510697 0.9356122 0.8066025 0 -0.5910944 0.7798905 0 0.6259158 0.7800733 0 -0.6256883 0 1 0 0 1 0 0.8062869 0 0.5915247 0.6473691 0.3618021 -0.6708297 0.0748061 0.7941012 -0.6031644 0.3668348 0.7877122 -0.4949159 0.300273 -0.6578979 0.6906565 0.4443317 -0.1339909 0.8857854 0.8765801 0 -0.481256 0.8547758 0 0.5189973 0.8548462 0 -0.5188814 0 1 0 0 1 0 0.8768137 0 0.4808303 0 -0.9622553 -0.2721485 0.02808875 -0.01459063 -0.9994989 0.6756376 -0.05507791 -0.7351737 -0.06064334 0.9977134 0.02983296 0.9552495 0 -0.2958013 0.3911546 0.8999838 0.1924251 0.9553414 0 0.2955041 0 1 0 0.9552495 0 -0.2958013 0.9553414 0 0.2955041 0 0.9999999 0 0.04621168 0.8489232 -0.526492 0.6737946 -0.003444992 -0.7389107 0.5068811 0.7839414 -0.3584793 0.08068607 0.1417322 -0.9866112 0.7623706 0.1575662 0.6276656 0.344175 0.1474556 0.9272542 0.006181383 0.9933465 -0.114998 0.117142 0.9852671 0.1246056 0 0 1 0.9807493 0 -0.195271 0 0 -1 0.2402697 0.9608955 0.13766 0.9807321 0 0.195357 0 0 1 0.9807493 0 -0.195271 0 1 0 0.9807321 0 0.195357 0 1 0 0 0 -1 0.3623819 -0.6302829 0.6866024 0.7621333 0.1476135 0.6303674 0.3479847 0.1759104 0.9208485 0.7074237 -0.3533332 0.6121335 -0.6597719 0 0.751466 -0.08541653 0.9476941 0.3075383 -0.2464011 0.740255 -0.6255471 -0.6800364 0.000263512 -0.7331784 -0.7071064 8.237379E-06 -0.7071072 0.002789839 0.9942797 -0.1067708 1.649849E-06 0.9824069 0.1867528 -0.752504 0 0.6585876 -0.4014481 -0.0002757916 -0.9158818 0.2642451 0.8230066 0.5028265 -0.8315862 -0.0003119468 -0.5553956 0.5728793 0.4716262 0.6703566 0.6640897 -0.1307617 0.7361293 0.0005872155 0.9824588 0.1864787 0.6531193 0.1349052 -0.7451414 0.7369061 -0.2448965 0.6300755 0.7512036 0.1799853 -0.6350579 0.4689338 0.6752436 -0.5693391 0.3468412 0.8866636 0.3058251 -0.9332087 -4.26631E-05 -0.3593347 0.001465112 0.9821449 0.1881201 -0.8966454 0 0.4427494 -0.903829 -8.756444E-07 -0.4278937 0.001779435 0.9939113 -0.1101696 0.0008912653 0.9824755 0.18639 -0.9479092 0 0.3185404 0.003172703 0.9943582 -0.1060272 0.8596079 0.1922111 0.4734227 0.7996792 -0.2962596 0.5222484 0.8107214 0.1613853 0.5627483 0.5902643 0.7217833 -0.3614097 0.7316917 0.3621239 -0.577489 0 -0.9668688 -0.2552735 0.8560166 -0.1818397 0.483911 0.43973 -0.2201237 0.870737 -0.9979566 0 0.06389431 0.2132905 0.9536967 0.2120608 0.002170295 0.9955493 0.09421749 -0.9973357 -2.721957E-08 -0.07294779 0.8538029 -0.1903953 0.484531 0.6241634 0.4651328 0.6277511 0.4399172 -0.2194316 0.8708172 0.3457082 0.268208 0.8991942 0 -0.9540966 -0.299499 0.7297769 -0.09753946 -0.6766918 0.5723037 0.7601157 -0.3077216 0.7016584 -0.07145006 -0.708922 0.002313179 0.994099 -0.1084527 0.9166847 0.3207068 0.2384036 0.8988587 0.09996288 -0.4266854 0.001693173 0.9824602 0.186465 0.7171419 0.4755581 0.5094625 0.8911424 -0.07078914 0.4481675 0.8917172 -0.1115917 0.4386202 0.9276463 0.1159457 0.3550055 0.9260511 0.1926504 -0.324523 0 -0.9997588 -0.0219615 0 -0.988354 -0.1521723 0 -0.9940385 0.1090302 0 -0.9601341 -0.2795392 0 -0.9714056 0.2374263 0 -0.9152585 -0.402867 0 -0.9320765 0.3622614 0 -0.8550503 -0.518545 0 -0.8767221 0.4809973 0 -0.7797714 -0.6260642 0 -0.8065997 0.5910981 0 -0.6916226 -0.722259 0 -0.7222591 0.6916225 0 -0.591098 -0.8065998 0 -0.6260643 0.7797715 0 -0.4809974 -0.876722 0 -0.518545 0.8550503 0 -0.3622613 -0.9320766 0 -0.4028671 0.9152585 0 -0.2374264 -0.9714056 0 -0.279539 0.9601344 0 -0.1090302 -0.9940385 0 -0.1521725 0.988354 0 0.02196143 -0.9997588 0 -0.02196143 0.9997588 0 0.1521726 -0.988354 0 0.1090302 0.9940385 0 0.2795389 -0.9601343 0 0.2374264 0.9714055 0 0.402867 -0.9152586 0 0.3622611 0.9320766 0 0.5185449 -0.8550504 0 0.4809974 0.876722 0 0.6260642 -0.7797715 0 0.5910979 0.8065999 0 0.7222593 -0.6916223 0 0.6916227 0.7222589 0 0.8065996 -0.5910982 0 0.7797716 0.6260642 0 0.8767221 -0.4809971 0 0.8550501 0.5185452 0 0.9320765 -0.3622615 0 0.9152586 0.4028668 0 0.9714056 -0.2374262 0 0.9601341 0.2795393 0 0.9940385 -0.1090299 0 0.988354 0.152172 0 0.9997588 0.02196143 0.9683313 0.03881804 0.2466327 0.9856285 0.1093365 -0.1287707 0.002244979 0.9999912 -0.00356086 0.7556488 0.6274402 -0.1879195 0.9476407 -0.02578044 0.3182965 0.9272414 0.3285134 -0.1797283 0.8654469 0.4048345 0.2951453 0 -0.9809136 -0.1944437 0.8933443 -0.1854592 0.4093176 1 0 0 0 -0.9997588 0.0219615 1 0 0 0 -0.9940385 -0.1090302 0 -0.988354 0.1521723 1 0 0 1 0 0 0 -0.9714056 -0.2374263 0 -0.9601341 0.2795392 1 0 0 0 -0.9320765 -0.3622614 1 0 0 1 0 0 0 -0.9152585 0.402867 1 0 0 0 -0.8767221 -0.4809973 0 -0.8550503 0.518545 1 0 0 0 -0.8065997 -0.5910981 1 0 0 0 -0.7797714 0.6260642 1 0 0 0 -0.7222591 -0.6916225 1 0 0 0 -0.6916226 0.722259 1 0 0 0 -0.6260643 -0.7797715 1 0 0 1 0 0 0 -0.591098 0.8065998 0 -0.518545 -0.8550503 1 0 0 0 -0.4809974 0.876722 1 0 0 0 -0.4028671 -0.9152585 1 0 0 1 0 0 0 -0.3622613 0.9320766 0 -0.279539 -0.9601344 1 0 0 0 -0.2374264 0.9714056 1 0 0 0 -0.1521725 -0.988354 1 0 0 1 0 0 0 -0.1090302 0.9940385 1 0 0 0 -0.02196143 -0.9997588 1 0 0 1 0 0 0 0.02196143 0.9997588 0 0.1090302 -0.9940385 0.9999999 0 0 0 0.1521726 0.988354 0.9999999 0 0 1 0 0 0 0.2374264 -0.9714055 1 0 0 0 0.2795389 0.9601343 0.9999999 0 0 0 0.3622611 -0.9320766 0 0.402867 0.9152586 0.9999999 0 0 0 0.4809974 -0.876722 1 0 0 0 0.5185449 0.8550504 1 0 0 1 0 0 0 0.5910979 -0.8065999 1 0 0 0 0.6260642 0.7797715 0 0.6916227 -0.7222589 1 0 0 0 0.7222593 0.6916223 1 0 0 0 0.7797716 -0.6260642 1 0 0 0 0.8065996 0.5910982 1 0 0 0 0.8550501 -0.5185452 1 0 0 0 0.8767221 0.4809971 1 0 0 0 0.9152586 -0.4028668 1 0 0 1 0 0 0 0.9320765 0.3622615 0 0.9601341 -0.2795393 1 0 0 1 0 0 0 0.9714056 0.2374262 0 0.988354 -0.152172 1 0 0 1 0 0 0 0.9940385 0.1090299 1 0 0 0 0.9997588 -0.02196143 0.9203536 -0.2017725 0.3350181 0.7727706 0.4694974 0.4270807 0 -0.9779456 -0.2088597 0.7608364 -0.07743667 -0.644307 0.9834067 -0.1651161 -0.07515237 0 -0.9886842 -0.150012 0.9751345 -0.1824846 0.125746 0.7613619 -0.09398277 -0.641479 0.6424214 0.759274 -0.1039119 0.9797636 -0.1877927 -0.06926044 0.8174282 0.5725157 0.06353736 0.9818115 -0.1886536 0.02135628 
				</float_array>
				<technique_common>
					<accessor count="902" source="#Part-15530_dot_dat-norm-array" stride="3">
						<param name="X" type="float" /><param name="Y" type="float" /><param name="Z" type="float" />
					</accessor>
				</technique_common>
			</source>
			<vertices id="Part-15530_dot_dat-vert">
				<input semantic="POSITION" source="#Part-15530_dot_dat-pos" />
			</vertices>
			<triangles count="860" material="Base">
				<input semantic="VERTEX" source="#Part-15530_dot_dat-vert" offset="0" />
				<input semantic="NORMAL" source="#Part-15530_dot_dat-norm" offset="0" />
				<p>
					660 447 647 683 684 574 574 568 683 735 729 696 696 729 694 694 620 619 619 696 694 477 464 620 465 619 620 464 452 618 452 636 618 785 784 728 734 728 784 709 707 734 707 728 734 677 661 709 661 707 709 466 471 678 471 662 678 574 470 451 451 568 574 735 787 789 898 900 787 787 900 789 733 732 695 732 692 695 695 692 639 628 639 692 896 901 894 894 901 899 901 896 890 896 792 890 890 792 719 792 713 719 621 577 476 577 474 476 686 577 621 621 693 686 704 686 693 693 730 704 717 704 730 730 786 717 703 717 786 786 727 703 685 703 727 727 706 685 575 685 706 706 663 575 472 469 663 575 663 469 699 715 718 718 702 699 683 690 699 699 702 683 702 684 683 682 569 561 449 445 569 569 450 449 569 445 561 572 444 475 475 576 572 680 572 576 576 687 680 687 705 701 701 680 687 715 701 705 705 718 715 431 570 560 560 446 431 570 688 683 683 560 570 729 735 785 735 789 785 734 784 733 695 708 733 733 708 734 638 676 695 695 679 708 676 638 467 638 462 467 787 735 710 711 735 696 726 724 897 724 893 897 618 637 697 635 711 696 658 648 726 648 724 726 785 790 784 788 732 784 732 733 784 626 627 722 627 691 720 625 721 714 714 595 625 452 448 637 448 657 636 725 710 659 710 637 659 898 787 725 787 710 725 443 573 433 433 573 681 681 522 433 597 522 681 700 649 597 597 681 700 649 700 664 700 716 664 668 716 698 668 698 651 698 689 599 698 599 651 599 689 571 599 571 524 524 571 430 524 430 439 668 664 716 888 885 841 885 881 841 881 877 841 877 873 841 873 869 841 869 865 841 865 860 841 860 857 841 857 852 841 852 848 841 848 845 841 845 839 841 839 836 841 836 832 841 832 828 841 828 824 841 824 820 841 820 816 841 816 812 841 812 807 841 807 804 841 804 799 841 799 795 841 795 793 841 793 798 841 798 802 841 802 805 841 805 810 841 810 814 841 814 818 841 818 821 841 821 826 841 826 829 841 829 834 841 834 837 841 837 842 841 842 847 841 847 850 841 850 855 841 855 859 841 859 862 841 862 867 841 867 871 841 871 875 841 875 878 841 878 882 841 882 886 841 886 888 841 889 783 781 781 884 889 884 781 779 779 880 884 880 779 777 777 876 880 876 777 775 775 872 876 872 775 773 773 868 872 868 773 771 771 864 868 864 771 769 769 861 864 861 769 767 767 856 861 856 767 765 765 853 856 853 765 763 763 849 853 849 763 761 761 844 849 844 761 759 759 840 844 840 759 757 757 835 840 835 757 755 755 831 835 831 755 753 753 827 831 827 753 751 751 823 827 823 751 749 749 819 823 819 749 747 747 815 819 815 747 745 745 811 815 811 745 743 743 808 811 808 743 741 741 803 808 803 741 739 739 800 803 800 739 737 737 796 800 796 737 736 736 794 796 794 736 738 738 797 794 797 738 740 740 801 797 801 740 742 742 806 801 806 742 744 744 809 806 809 744 746 746 813 809 813 746 748 748 817 813 817 748 750 750 822 817 822 750 752 752 825 822 825 752 754 754 830 825 830 754 756 756 833 830 833 756 758 758 838 833 838 758 760 760 843 838 843 760 762 762 846 843 846 762 764 764 851 846 851 764 766 766 854 851 854 766 768 768 858 854 858 768 770 770 863 858 863 770 772 772 866 863 866 772 774 774 870 866 870 774 776 776 874 870 874 776 778 778 879 874 879 778 780 780 883 879 883 780 782 782 887 883 887 782 783 783 889 887 425 427 625 425 625 595 720 691 731 720 731 891 891 731 790 891 790 900 604 664 668 668 624 604 624 668 609 254 447 243 329 218 216 216 332 329 204 172 166 207 172 204 282 281 207 207 204 282 281 464 477 281 282 465 283 452 464 283 266 452 174 117 115 117 174 167 167 202 192 167 174 202 192 239 223 192 202 239 224 473 468 224 238 473 451 470 329 329 332 451 112 114 166 114 1 3 112 1 114 206 169 168 206 209 169 262 209 206 209 262 273 7 0 5 2 0 7 10 5 0 10 110 5 181 110 10 181 187 110 476 331 280 476 474 331 280 331 221 221 208 280 208 221 200 200 171 208 171 200 186 186 116 171 116 186 198 198 173 116 173 198 219 219 203 173 203 219 328 328 240 203 240 469 472 469 240 328 185 183 195 195 199 185 195 211 216 216 199 195 216 218 199 341 333 217 333 445 449 449 450 333 341 445 333 475 444 326 326 330 475 330 326 215 215 220 330 196 201 220 220 215 196 201 196 183 183 185 201 340 325 431 431 446 340 216 213 325 325 340 216 115 166 172 115 112 166 168 117 167 168 193 206 167 193 168 206 222 263 193 225 206 467 263 222 467 462 263 191 166 114 205 166 190 4 178 176 4 8 178 204 264 283 204 190 265 176 255 244 176 178 255 117 113 115 117 169 111 117 168 169 182 274 275 180 210 274 188 179 276 276 307 188 264 448 452 266 242 448 241 191 175 241 264 191 175 114 3 175 191 114 433 327 443 214 327 433 433 373 214 214 373 299 299 246 197 197 214 299 226 197 246 226 184 197 194 184 229 247 194 229 301 212 194 247 301 194 324 212 301 375 324 301 430 324 375 439 430 375 184 226 229 60 104 108 60 99 104 60 95 99 60 92 95 60 87 92 60 84 87 60 80 84 60 76 80 60 71 76 60 67 71 60 64 67 60 59 64 60 55 59 60 51 55 60 46 51 60 42 46 60 38 42 60 34 38 60 31 34 60 26 31 60 22 26 60 18 22 60 14 18 60 13 14 60 16 13 60 21 16 60 25 21 60 28 25 60 32 28 60 36 32 60 40 36 60 45 40 60 48 45 60 53 48 60 56 53 60 61 56 60 66 61 60 70 66 60 73 70 60 78 73 60 81 78 60 85 81 60 90 85 60 93 90 60 98 93 60 101 98 60 106 101 60 108 106 163 165 107 107 103 163 161 163 103 103 100 161 159 161 100 100 96 159 157 159 96 96 91 157 155 157 91 91 88 155 153 155 88 88 83 153 151 153 83 83 79 151 149 151 79 79 75 149 147 149 75 75 72 147 145 147 72 72 68 145 143 145 68 68 63 143 141 143 63 63 58 141 139 141 58 58 54 139 137 139 54 54 50 137 135 137 50 50 47 135 133 135 47 47 43 133 131 133 43 43 39 131 129 131 39 39 35 129 127 129 35 35 30 127 125 127 30 30 27 125 123 125 27 27 23 123 121 123 23 23 19 121 119 121 19 19 15 119 118 119 15 15 12 118 120 118 12 12 17 120 122 120 17 17 20 122 124 122 20 20 24 124 126 124 24 24 29 126 128 126 29 29 33 128 130 128 33 33 37 130 132 130 37 37 41 132 134 132 41 41 44 134 136 134 44 44 49 136 138 136 49 49 52 138 140 138 52 52 57 140 142 140 57 57 62 142 144 142 62 62 65 144 146 144 65 65 69 146 148 146 69 69 74 148 150 148 74 74 77 150 152 150 77 77 82 152 154 152 82 82 86 154 156 154 86 86 89 156 158 156 89 89 94 158 160 158 94 94 97 160 162 160 97 97 102 162 164 162 102 102 105 164 165 164 105 105 107 165 276 429 426 307 276 426 170 210 180 11 170 180 113 170 11 1 113 11 229 226 287 287 277 229 289 229 277 639 628 463 442 461 628 626 428 627 627 428 441 461 273 262 273 461 442 273 428 275 441 428 274 590 586 578 578 583 590 583 578 552 552 556 583 556 552 545 545 549 556 549 545 531 531 535 549 535 531 514 514 519 535 519 514 507 507 510 519 510 507 493 493 496 510 496 493 479 479 482 496 482 479 434 434 455 482 455 434 416 416 420 455 420 416 403 403 406 420 406 403 388 388 393 406 393 388 380 380 384 393 384 380 365 365 368 384 368 365 351 351 354 368 354 351 343 343 347 354 347 343 316 316 320 347 320 316 308 308 313 320 640 650 654 654 642 640 629 640 642 642 631 629 596 629 631 631 601 596 562 596 601 601 564 562 538 562 564 564 540 538 523 538 540 540 527 523 500 523 527 527 502 500 486 500 502 502 488 486 432 486 488 488 454 432 410 432 454 454 413 410 396 410 413 413 399 396 372 396 399 399 377 372 358 372 377 377 360 358 334 358 360 360 337 334 298 334 337 337 302 298 267 298 302 302 269 267 256 267 269 269 258 256 245 256 258 258 250 245 582 643 653 653 591 582 557 632 643 643 582 557 548 600 632 632 557 548 534 565 600 600 548 534 518 541 565 565 534 518 511 526 541 541 518 511 497 503 526 526 511 497 483 489 503 503 497 483 456 453 489 489 483 456 421 412 453 453 456 421 407 398 412 412 421 407 392 376 398 398 407 392 385 361 376 376 392 385 369 336 361 361 385 369 355 303 336 336 369 355 346 270 303 303 355 346 321 259 270 270 346 321 312 249 259 259 321 312 612 605 586 586 590 612 654 650 666 666 671 654 591 653 672 672 611 591 610 670 665 665 606 610 313 308 286 286 293 313 234 227 245 245 250 234 294 233 249 249 312 294 228 232 292 292 288 228 314 311 319 319 323 314 323 319 345 345 348 323 348 345 353 353 356 348 356 353 367 367 370 356 370 367 383 383 387 370 387 383 390 390 395 387 395 390 405 405 408 395 408 405 418 418 422 408 422 418 437 437 457 422 457 437 480 480 484 457 484 480 495 495 499 484 499 495 508 508 513 499 513 508 517 517 520 513 520 517 532 532 536 520 536 532 546 546 550 536 550 546 554 554 559 550 559 554 580 580 585 559 585 580 589 589 592 585 257 248 252 252 260 257 268 257 260 260 271 268 300 268 271 271 304 300 335 300 304 304 338 335 359 335 338 338 363 359 374 359 363 363 378 374 397 374 378 378 400 397 411 397 400 400 415 411 440 411 415 415 460 440 487 440 460 460 490 487 501 487 490 490 504 501 525 501 504 504 528 525 539 525 528 528 542 539 563 539 542 542 567 563 598 563 567 567 602 598 630 598 602 602 634 630 641 630 634 634 645 641 652 641 645 645 655 652 322 261 251 251 315 322 349 272 261 261 322 349 357 305 272 272 349 357 371 339 305 305 357 371 386 362 339 339 371 386 394 379 362 362 386 394 409 401 379 379 394 409 423 414 401 401 409 423 458 459 414 414 423 458 485 491 459 459 458 485 498 505 491 491 485 498 512 529 505 505 498 512 521 543 529 529 512 521 537 566 543 543 521 537 551 603 566 566 537 551 558 633 603 603 551 558 584 644 633 633 558 584 593 656 644 644 584 593 296 290 311 311 314 296 252 248 230 230 236 252 315 251 237 237 295 315 297 235 231 231 291 297 592 589 608 608 614 592 673 669 652 652 655 673 613 674 656 656 593 613 667 675 615 615 607 667 436 622 624 436 616 622 436 587 616 436 579 587 436 553 579 436 544 553 436 530 544 436 515 530 436 506 515 436 492 506 436 478 492 436 435 478 436 417 435 436 402 417 436 389 402 436 381 389 436 364 381 436 350 364 436 342 350 436 317 342 436 309 317 436 284 309 436 278 284 436 277 278 436 279 277 436 285 279 436 310 285 436 318 310 436 344 318 436 352 344 436 366 352 436 382 366 436 391 382 436 404 391 436 419 404 436 438 419 436 481 438 436 494 481 436 509 494 436 516 509 436 533 516 436 547 533 436 555 547 436 581 555 436 588 581 436 617 588 436 623 617 436 624 623 647 447 254 646 253 177 177 723 646 723 177 9 9 892 723 9 6 895 895 892 9 895 6 109 109 791 895 791 109 189 189 712 791 712 189 306 306 594 712 594 306 424 
				</p>
			</triangles>
		</mesh>
	</geometry>
	<geometry id="Part-3815_dot_dat" name="Part-3815_dot_dat">
		<mesh>
			<source id="Part-3815_dot_dat-pos" name="Part-3815_dot_dat-pos">
				<float_array id="Part-3815_dot_dat-pos-array" count="2190">
					-18 0 -10 -18 0 -10 -18 0 -10 -18 0 10 -18 0 10 -18 0 10 -18 3 0 -18 3.000032 0 -18 3.0764 -1.174794 -18 3.0764 1.174794 -18 3.306776 -2.329224 -18 3.306776 2.329224 -18 3.684798 -3.444197 -18 3.685 -3.444 -18 3.685 3.444 -18 3.684798 3.444197 -18 4.206009 -4.499984 -18 4.206009 4.499984 -18 4.860229 -5.478767 -18 4.860229 5.478767 -18 5.636 -6.364 -18 5.636 -6.364 -18 5.636 6.364 -18 5.636 6.364 -18 6 -10 -18 6 -10 -18 6 -10 -18 6 -6.607 -18 6 -6.607 -18 6 -6.607 -18 6 6.607 -18 6 6.607 -18 6 6.607 -18 6 10 -18 6 10 -18 6 10 -16 -4 -3.46 -16 -4 -3.46 -16 -4 3.46 -16 -4 3.46 -16 0 -3.46 -16 0 -3.46 -16 0 3.46 -16 0 3.46 -14.48 -11 -4.48 -14.48 -11 -4.48 -14.48 -11 -4.48 -14.48 -11 4.48 -14.48 -11 4.48 -14.48 -11 4.48 -14.48 0 -4.48 -14.48 0 4.48 -13.46 -11 -6 -13.46 -11 -6 -13.46 -11 -6 -13.46 -11 6 -13.46 -11 6 -13.46 -11 6 -13.46 0 -6 -13.46 0 -6 -13.46 0 6 -13.46 0 6 -12.8 -11 -2.8 -12.8 -11 -2.8 -12.8 -11 -2.8 -12.8 -11 2.8 -12.8 -11 2.8 -12.8 -11 2.8 -12.8 0 -2.8 -12.8 0 -2.8 -12.8 0 2.8 -12.8 0 2.8 -12.41052 -11 -3.14132 -12.41052 -11 3.14132 -12.41052 0 -3.14132 -12.41052 0 3.14132 -11.97988 -11 -3.42916 -11.97988 -11 3.42916 -11.97988 0 -3.42916 -11.97988 0 3.42916 -11.52 -11 -3.68 -11.52 -11 3.68 -11.51536 -11 -3.65848 -11.51536 -11 3.65848 -11.51536 0 -3.65848 -11.51536 0 3.65848 -11.0248 -11 -3.8248 -11.0248 -11 3.8248 -11.0248 0 -3.8248 -11.0248 0 3.8248 -10.51688 -11 -3.92616 -10.51688 -11 3.92616 -10.51688 0 -3.92616 -10.51688 0 3.92616 -10 -11 -6 -10 -11 -4 -10 -11 -3.95976 -10 -11 3.95976 -10 -11 4 -10 -11 6 -10 0 -3.95976 -10 0 3.95976 -9.92 9 0 -9.92 9 0 -9.92 9.0258 -0.3915 -9.92 9.0258 -0.3915 -9.92 9.0258 0.3915 -9.92 9.0258 0.3915 -9.92 9.1023 -0.7764 -9.92 9.1023 -0.7764 -9.92 9.1023 0.7764 -9.92 9.1023 0.7764 -9.92 9.2283 -1.1481 -9.92 9.2283 -1.1481 -9.92 9.2283 1.1481 -9.92 9.2283 1.1481 -9.92 9.402 -1.5 -9.92 9.402 -1.5 -9.92 9.402 1.5 -9.92 9.402 1.5 -9.92 9.6198 -1.8264 -9.92 9.6198 -1.8264 -9.92 9.6198 1.8264 -9.92 9.6198 1.8264 -9.92 9.8787 -2.1213 -9.92 9.8787 -2.1213 -9.92 9.8787 2.1213 -9.92 9.8787 2.1213 -9.92 10.1736 -2.3802 -9.92 10.1736 -2.3802 -9.92 10.1736 2.3802 -9.92 10.1736 2.3802 -9.92 10.5 -2.598 -9.92 10.5 -2.598 -9.92 10.5 2.598 -9.92 10.5 2.598 -9.92 10.8519 -2.7717 -9.92 10.8519 -2.7717 -9.92 10.8519 2.7717 -9.92 10.8519 2.7717 -9.92 11.2236 -2.8977 -9.92 11.2236 -2.8977 -9.92 11.2236 2.8977 -9.92 11.2236 2.8977 -9.92 11.6085 -2.9742 -9.92 11.6085 -2.9742 -9.92 11.6085 2.9742 -9.92 11.6085 2.9742 -9.92 12 -3 -9.92 12 -3 -9.92 12 0 -9.92 12 3 -9.92 12 3 -9.92 12.3915 -2.9742 -9.92 12.3915 -2.9742 -9.92 12.3915 2.9742 -9.92 12.3915 2.9742 -9.92 12.7764 -2.8977 -9.92 12.7764 -2.8977 -9.92 12.7764 2.8977 -9.92 12.7764 2.8977 -9.92 13.1481 -2.7717 -9.92 13.1481 -2.7717 -9.92 13.1481 2.7717 -9.92 13.1481 2.7717 -9.92 13.5 -2.598 -9.92 13.5 -2.598 -9.92 13.5 2.598 -9.92 13.5 2.598 -9.92 13.8264 -2.3802 -9.92 13.8264 -2.3802 -9.92 13.8264 2.3802 -9.92 13.8264 2.3802 -9.92 14.1213 -2.1213 -9.92 14.1213 -2.1213 -9.92 14.1213 2.1213 -9.92 14.1213 2.1213 -9.92 14.3802 -1.8264 -9.92 14.3802 -1.8264 -9.92 14.3802 1.8264 -9.92 14.3802 1.8264 -9.92 14.598 -1.5 -9.92 14.598 -1.5 -9.92 14.598 1.5 -9.92 14.598 1.5 -9.92 14.7717 -1.1481 -9.92 14.7717 -1.1481 -9.92 14.7717 1.1481 -9.92 14.7717 1.1481 -9.92 14.8977 -0.7764 -9.92 14.8977 -0.7764 -9.92 14.8977 0.7764 -9.92 14.8977 0.7764 -9.92 14.9742 -0.3915 -9.92 14.9742 -0.3915 -9.92 14.9742 0.3915 -9.92 14.9742 0.3915 -9.92 15 0 -9.92 15 0 -9.48312 -11 -3.92616 -9.48312 -11 3.92616 -9.48312 0 -3.92616 -9.48312 0 3.92616 -8.9752 -11 -3.8248 -8.9752 -11 3.8248 -8.9752 0 -3.8248 -8.9752 0 3.8248 -8.48464 -11 -3.65848 -8.48464 -11 3.65848 -8.48464 0 -3.65848 -8.48464 0 3.65848 -8.48 -11 -3.68 -8.48 -11 3.68 -8.02012 -11 -3.42916 -8.02012 -11 3.42916 -8.02012 0 -3.42916 -8.02012 0 3.42916 -7.58948 -11 -3.14132 -7.58948 -11 3.14132 -7.58948 0 -3.14132 -7.58948 0 3.14132 -7.2 -11 -2.8 -7.2 -11 -2.8 -7.2 -11 2.8 -7.2 -11 2.8 -7.2 0 -2.8 -7.2 0 2.8 -6.85868 -11 -2.41052 -6.85868 -11 2.41052 -6.85868 0 -2.41052 -6.85868 0 2.41052 -6.57084 -11 -1.97988 -6.57084 -11 1.97988 -6.57084 0 -1.97988 -6.57084 0 1.97988 -6.54 -11 -6 -6.54 -11 -6 -6.54 -11 -6 -6.54 -11 6 -6.54 -11 6 -6.54 -11 6 -6.54 0 -6 -6.54 0 -6 -6.54 0 6 -6.54 0 6 -6.34152 -11 -1.51536 -6.34152 -11 1.51536 -6.34152 0 -1.51536 -6.34152 0 1.51536 -6.32 -11 -1.52 -6.32 -11 1.52 -6.1752 -11 -1.0248 -6.1752 -11 1.0248 -6.1752 0 -1.0248 -6.1752 0 1.0248 -6.07384 -11 -0.51688 -6.07384 -11 0.51688 -6.07384 0 -0.51688 -6.07384 0 0.51688 -6.04024 -11 0 -6.04024 0 0 -6 -11 0 -5.52 -11 -4.48 -5.52 -11 -4.48 -5.52 -11 4.48 -5.52 -11 4.48 -5.52 0 -4.48 -5.52 0 4.48 -4 -11 -3.46 -4 -11 -3.46 -4 -11 -3.46 -4 -11 0 -4 -11 3.46 -4 -11 3.46 -4 -11 3.46 -4 0 -3.46 -4 0 -3.46 -4 0 3.46 -4 0 3.46 -2 3 0 -2 3.0774 -1.1745 -2 3.0774 1.1745 -2 3.3069 -2.3292 -2 3.3069 2.3292 -2 3.684901 -3.4443 -2 3.684901 3.4443 -2 4.206 -4.5 -2 4.206 4.5 -2 4.8594 -5.4792 -2 4.8594 5.4792 -2 5.6361 -6.3639 -2 5.635921 -6.364116 -2 5.6361 6.3639 -2 5.636 6.364 -2 6.5208 -7.1406 -2 6.521346 -7.140041 -2 6.521233 7.139771 -2 6.5208 7.1406 -2 7.499726 -7.79466 -2 7.5 -7.794 -2 7.500016 7.793991 -2 7.5 7.794 -2 8.555857 -8.314789 -2 8.5557 -8.3151 -2 8.5557 8.3151 -2 8.555803 8.315202 -2 9.670438 -8.69381 -2 9.6708 -8.6931 -2 9.670776 8.693224 -2 9.6708 8.6931 -2 10.82514 -8.922753 -2 10.8255 -8.9226 -2 10.8255 8.9226 -2 10.82521 8.9236 -2 12 -9 -2 11.99989 -9.000194 -2 12 0 -2 12 9 -2 12 8.999969 -2 13.17476 -8.922695 -2 13.1745 -8.9226 -2 13.1745 8.9226 -2 13.17479 8.9236 -2 14.3292 -8.6931 -2 14.32939 -8.692847 -2 14.3292 8.6931 -2 14.32922 8.693224 -2 15.4443 -8.3151 -2 15.4441 -8.3149 -2 15.4443 8.3151 -2 15.4442 8.315202 -2 16.5 -7.794 -2 16.49957 -7.793937 -2 16.49998 7.793991 -2 16.5 7.794 -2 17.4792 -7.1406 -2 17.47855 -7.140029 -2 17.47877 7.139771 -2 17.4792 7.1406 -2 18.36412 -6.364079 -2 18.3639 -6.3639 -2 18.364 6.364 -2 18.3639 6.3639 -2 19.1406 -5.4792 -2 19.14004 -5.478654 -2 19.1406 5.4792 -2 19.13977 5.478767 -2 19.79466 -4.500274 -2 19.794 -4.5 -2 19.79399 4.499984 -2 19.794 4.5 -2 20.3151 -3.4443 -2 20.31479 -3.444143 -2 20.3152 3.444197 -2 20.3151 3.4443 -2 20.69381 -2.329562 -2 20.6931 -2.3292 -2 20.69285 2.329386 -2 20.6931 2.3292 -2 20.92275 -1.17486 -2 20.9226 -1.1745 -2 20.9226 1.1745 -2 20.9227 1.17476 -2 21 0 -2 21.00019 -0.0001084224 2 3 0 2 3.0774 -1.1745 2 3.0774 1.1745 2 3.3069 -2.3292 2 3.3069 2.3292 2 3.684901 -3.4443 2 3.684901 3.4443 2 4.206 -4.5 2 4.206 4.5 2 4.8594 -5.4792 2 4.8594 5.4792 2 5.635921 -6.364116 2 5.6361 -6.3639 2 5.636 6.364 2 5.6361 6.3639 2 6.521346 -7.140041 2 6.5208 -7.1406 2 6.5208 7.1406 2 6.521233 7.139771 2 7.499726 -7.79466 2 7.5 -7.794 2 7.500016 7.793991 2 7.5 7.794 2 8.5557 -8.3151 2 8.555857 -8.314789 2 8.555803 8.315202 2 8.5557 8.3151 2 9.670438 -8.69381 2 9.6708 -8.6931 2 9.670776 8.693224 2 9.6708 8.6931 2 10.8255 -8.9226 2 10.82514 -8.922753 2 10.8255 8.9226 2 10.82521 8.9236 2 11.99989 -9.000194 2 12 -9 2 12 0 2 12 8.999969 2 12 9 2 13.17476 -8.922695 2 13.1745 -8.9226 2 13.1745 8.9226 2 13.17479 8.9236 2 14.3292 -8.6931 2 14.32939 -8.692847 2 14.3292 8.6931 2 14.32922 8.693224 2 15.4441 -8.3149 2 15.4443 -8.3151 2 15.4443 8.3151 2 15.4442 8.315202 2 16.49957 -7.793937 2 16.5 -7.794 2 16.49998 7.793991 2 16.5 7.794 2 17.47855 -7.140029 2 17.4792 -7.1406 2 17.47877 7.139771 2 17.4792 7.1406 2 18.36412 -6.364079 2 18.3639 -6.3639 2 18.3639 6.3639 2 18.364 6.364 2 19.14004 -5.478654 2 19.1406 -5.4792 2 19.1406 5.4792 2 19.13977 5.478767 2 19.794 -4.5 2 19.79466 -4.500274 2 19.79399 4.499984 2 19.794 4.5 2 20.31479 -3.444143 2 20.3151 -3.4443 2 20.3152 3.444197 2 20.3151 3.4443 2 20.6931 -2.3292 2 20.69381 -2.329562 2 20.6931 2.3292 2 20.69285 2.329386 2 20.92275 -1.17486 2 20.9226 -1.1745 2 20.9226 1.1745 2 20.9227 1.17476 2 21 0 2 21.00019 -0.0001084224 4 -11 -3.46 4 -11 -3.46 4 -11 -3.46 4 -11 0 4 -11 3.46 4 -11 3.46 4 -11 3.46 4 0 -3.46 4 0 -3.46 4 0 3.46 4 0 3.46 5.52 -11 -4.48 5.52 -11 -4.48 5.52 -11 4.48 5.52 -11 4.48 5.52 0 -4.48 5.52 0 4.48 6 -11 0 6.04024 -11 0 6.04024 0 0 6.07384 -11 -0.51688 6.07384 -11 0.51688 6.07384 0 -0.51688 6.07384 0 0.51688 6.1752 -11 -1.0248 6.1752 -11 1.0248 6.1752 0 -1.0248 6.1752 0 1.0248 6.32 -11 -1.52 6.32 -11 1.52 6.34152 -11 -1.51536 6.34152 -11 1.51536 6.34152 0 -1.51536 6.34152 0 1.51536 6.54 -11 -6 6.54 -11 -6 6.54 -11 -6 6.54 -11 6 6.54 -11 6 6.54 -11 6 6.54 0 -6 6.54 0 -6 6.54 0 6 6.54 0 6 6.57084 -11 -1.97988 6.57084 -11 1.97988 6.57084 0 -1.97988 6.57084 0 1.97988 6.85868 -11 -2.41052 6.85868 -11 2.41052 6.85868 0 -2.41052 6.85868 0 2.41052 7.2 -11 -2.8 7.2 -11 -2.8 7.2 -11 2.8 7.2 -11 2.8 7.2 0 -2.8 7.2 0 2.8 7.58948 -11 -3.14132 7.58948 -11 3.14132 7.58948 0 -3.14132 7.58948 0 3.14132 8.02012 -11 -3.42916 8.02012 -11 3.42916 8.02012 0 -3.42916 8.02012 0 3.42916 8.48 -11 -3.68 8.48 -11 3.68 8.48464 -11 -3.65848 8.48464 -11 3.65848 8.48464 0 -3.65848 8.48464 0 3.65848 8.9752 -11 -3.8248 8.9752 -11 3.8248 8.9752 0 -3.8248 8.9752 0 3.8248 9.48312 -11 -3.92616 9.48312 -11 3.92616 9.48312 0 -3.92616 9.48312 0 3.92616 9.92 9 0 9.92 9 0 9.92 9.0258 -0.3915 9.92 9.0258 -0.3915 9.92 9.0258 0.3915 9.92 9.0258 0.3915 9.92 9.1023 -0.7764 9.92 9.1023 -0.7764 9.92 9.1023 0.7764 9.92 9.1023 0.7764 9.92 9.2283 -1.1481 9.92 9.2283 -1.1481 9.92 9.2283 1.1481 9.92 9.2283 1.1481 9.92 9.402 -1.5 9.92 9.402 -1.5 9.92 9.402 1.5 9.92 9.402 1.5 9.92 9.6198 -1.8264 9.92 9.6198 -1.8264 9.92 9.6198 1.8264 9.92 9.6198 1.8264 9.92 9.8787 -2.1213 9.92 9.8787 -2.1213 9.92 9.8787 2.1213 9.92 9.8787 2.1213 9.92 10.1736 -2.3802 9.92 10.1736 -2.3802 9.92 10.1736 2.3802 9.92 10.1736 2.3802 9.92 10.5 -2.598 9.92 10.5 -2.598 9.92 10.5 2.598 9.92 10.5 2.598 9.92 10.8519 -2.7717 9.92 10.8519 -2.7717 9.92 10.8519 2.7717 9.92 10.8519 2.7717 9.92 11.2236 -2.8977 9.92 11.2236 -2.8977 9.92 11.2236 2.8977 9.92 11.2236 2.8977 9.92 11.6085 -2.9742 9.92 11.6085 -2.9742 9.92 11.6085 2.9742 9.92 11.6085 2.9742 9.92 12 -3 9.92 12 -3 9.92 12 0 9.92 12 3 9.92 12 3 9.92 12.3915 -2.9742 9.92 12.3915 -2.9742 9.92 12.3915 2.9742 9.92 12.3915 2.9742 9.92 12.7764 -2.8977 9.92 12.7764 -2.8977 9.92 12.7764 2.8977 9.92 12.7764 2.8977 9.92 13.1481 -2.7717 9.92 13.1481 -2.7717 9.92 13.1481 2.7717 9.92 13.1481 2.7717 9.92 13.5 -2.598 9.92 13.5 -2.598 9.92 13.5 2.598 9.92 13.5 2.598 9.92 13.8264 -2.3802 9.92 13.8264 -2.3802 9.92 13.8264 2.3802 9.92 13.8264 2.3802 9.92 14.1213 -2.1213 9.92 14.1213 -2.1213 9.92 14.1213 2.1213 9.92 14.1213 2.1213 9.92 14.3802 -1.8264 9.92 14.3802 -1.8264 9.92 14.3802 1.8264 9.92 14.3802 1.8264 9.92 14.598 -1.5 9.92 14.598 -1.5 9.92 14.598 1.5 9.92 14.598 1.5 9.92 14.7717 -1.1481 9.92 14.7717 -1.1481 9.92 14.7717 1.1481 9.92 14.7717 1.1481 9.92 14.8977 -0.7764 9.92 14.8977 -0.7764 9.92 14.8977 0.7764 9.92 14.8977 0.7764 9.92 14.9742 -0.3915 9.92 14.9742 -0.3915 9.92 14.9742 0.3915 9.92 14.9742 0.3915 9.92 15 0 9.92 15 0 10 -11 -6 10 -11 -4 10 -11 -3.95976 10 -11 3.95976 10 -11 4 10 -11 6 10 0 -3.95976 10 0 3.95976 10.51688 -11 -3.92616 10.51688 -11 3.92616 10.51688 0 -3.92616 10.51688 0 3.92616 11.0248 -11 -3.8248 11.0248 -11 3.8248 11.0248 0 -3.8248 11.0248 0 3.8248 11.51536 -11 -3.65848 11.51536 -11 3.65848 11.51536 0 -3.65848 11.51536 0 3.65848 11.52 -11 -3.68 11.52 -11 3.68 11.97988 -11 -3.42916 11.97988 -11 3.42916 11.97988 0 -3.42916 11.97988 0 3.42916 12.41052 -11 -3.14132 12.41052 -11 3.14132 12.41052 0 -3.14132 12.41052 0 3.14132 12.8 -11 -2.8 12.8 -11 -2.8 12.8 -11 -2.8 12.8 -11 2.8 12.8 -11 2.8 12.8 -11 2.8 12.8 0 -2.8 12.8 0 -2.8 12.8 0 2.8 12.8 0 2.8 13.46 -11 -6 13.46 -11 -6 13.46 -11 -6 13.46 -11 6 13.46 -11 6 13.46 -11 6 13.46 0 -6 13.46 0 -6 13.46 0 6 13.46 0 6 14.48 -11 -4.48 14.48 -11 -4.48 14.48 -11 -4.48 14.48 -11 4.48 14.48 -11 4.48 14.48 -11 4.48 14.48 0 -4.48 14.48 0 4.48 16 -4 -3.46 16 -4 -3.46 16 -4 3.46 16 -4 3.46 16 0 -3.46 16 0 -3.46 16 0 3.46 16 0 3.46 18 0 -10 18 0 -10 18 0 -10 18 0 10 18 0 10 18 0 10 18 3.000032 0 18 3 0 18 3.0764 -1.174794 18 3.0764 1.174794 18 3.306776 -2.329224 18 3.306776 2.329224 18 3.685 -3.444 18 3.684798 -3.444197 18 3.685 3.444 18 3.684798 3.444197 18 4.206009 -4.499984 18 4.206009 4.499984 18 4.860229 -5.478767 18 4.860229 5.478767 18 5.636 -6.364 18 5.636 -6.364 18 5.636 6.364 18 5.636 6.364 18 6 -10 18 6 -10 18 6 -10 18 6 -6.607 18 6 -6.607 18 6 -6.607 18 6 6.607 18 6 6.607 18 6 6.607 18 6 10 18 6 10 18 6 10 
				</float_array>
				<technique_common>
					<accessor count="730" source="#Part-3815_dot_dat-pos-array" stride="3">
						<param name="X" type="float" /><param name="Y" type="float" /><param name="Z" type="float" />
					</accessor>
				</technique_common>
			</source>
			<source id="Part-3815_dot_dat-norm" name="Part-3815_dot_dat-norm">
				<float_array id="Part-3815_dot_dat-norm-array" count="2190">
					0 0 -1 0 -1 0 -1 0 0 -1 0 0 0 0 1 0 -1 0 -1 0 0 0 0.9997653 -0.02166335 0 0.994076 0.1086875 0 0.9883215 -0.1523827 0 0.9712785 0.2379451 0 0.9600526 -0.2798197 0 0.9320555 0.3623155 -1 0 0 -0.9999999 0 0 0 0.9152352 -0.4029201 0 0.8765815 0.4812534 0 0.8547732 -0.5190017 0 0.8064739 0.5912697 0 0.7799873 -0.6257954 -1 0 0 0 0.7035001 0.7106951 0 0.7035001 -0.7106951 -0.9999999 0 0 0 0.9999999 0 -0.9999999 0 0 0 0 -1 0 0.9999999 0 0 0.5552275 0.8316984 -1 0 0 0 0.5552275 -0.8316984 0 0.9999999 0 -1 0 0 0 0.9999999 0 -0.9999999 0 0 0 0 1 -0.5572189 0 -0.8303657 -0.9905875 -0.1368812 0 -0.5572188 0 0.8303657 -0.989657 -0.1434539 0 -0.5572188 0 -0.8303657 -1 0 0 -0.5572189 0 0.8303657 -1 0 0 0 -0.9999999 0 -0.751888 0 -0.6592909 -0.9772267 -0.2121979 0 -0.685378 0 0.7281875 0 -1 0 -0.9772268 -0.2121979 0 -0.685378 0 -0.7281875 -0.751888 0 0.6592909 0 -1 0 0 0 -1 -0.8303657 0 -0.5572188 0 0 1 -0.8303657 0 0.5572188 0 -1 0 -0.8303657 0 -0.5572188 0 0 -1 -0.8303657 0 0.5572188 0 0 1 0 -1 0 1 0 0 0.6590781 0 0.7520746 0 -0.9999999 0 1 0 0 0.6590781 0 -0.7520746 1 0 0 0.6590781 0 0.7520746 0.6590781 0 -0.7520746 1 0 0 0.5912699 0 0.8064737 0.6257952 0 -0.7799874 0.6257952 0 0.7799874 0.5912699 0 -0.8064737 0.4812533 0 0.8765815 0.5190018 0 -0.854773 0.5190018 0 0.854773 0.4812533 0 -0.8765815 0 -0.9999999 0 0 -1 0 0.3623158 0 0.9320554 0.40292 0 -0.9152351 0.4029201 0 0.9152351 0.3623158 0 -0.9320554 0.2379451 0 0.9712786 0.2798199 0 -0.9600525 0.2798199 0 0.9600525 0.2379451 0 -0.9712786 0.1086873 0 0.994076 0.1523825 0 -0.9883217 0.1523825 0 0.9883217 0.1086873 0 -0.994076 0 -1 0 0 -0.9999999 0 -0.02166329 0 0.9997653 0.02166329 0 -0.9997653 0 -0.9999999 0 0 -1 0 0.02166329 0 0.9997653 -0.02166329 0 -0.9997653 0 -0.9997588 0.02196128 -1 0 0 0 -0.9940385 -0.1090297 -1 0 0 -1 0 0 0 -0.9883541 0.152172 -1 0 0 0 -0.9714055 -0.2374266 0 -0.9601341 0.2795398 -1 0 0 0 -0.9320762 -0.3622623 -0.9999999 0 0 -0.9999999 0 0 0 -0.9152583 0.4028678 -1 0 0 0 -0.8767222 -0.4809972 -1 0 0 0 -0.8550507 0.5185441 -1 0 0 0 -0.8066002 -0.5910974 0 -0.7797714 0.6260644 -1 0 0 0 -0.7222586 -0.6916232 -1 0 0 -1 0 0 0 -0.6916223 0.7222595 0 -0.6260643 -0.7797715 -1 0 0 0 -0.5910982 0.8065996 -1 0 0 -0.9999999 0 0 0 -0.5185452 -0.8550503 -1 0 0 0 -0.4809971 0.8767222 -0.9999999 0 0 0 -0.4028668 -0.9152588 -1 0 0 0 -0.3622614 0.9320765 -1 0 0 0 -0.2795395 -0.9601343 -1 0 0 0 -0.2374266 0.9714055 0 -0.1521724 -0.988354 -0.9999999 0 0 -1 0 0 0 -0.1090301 0.9940385 0 -0.02196146 -0.9997588 -1 0 0 -1 0 0 0 0.02196146 0.9997588 -1 0 0 0 0.1090301 -0.9940385 -1 0 0 -0.9999999 0 0 0 0.1521724 0.988354 0 0.2374266 -0.9714055 -1 0 0 0 0.2795395 0.9601343 -1 0 0 -1 0 0 0 0.3622614 -0.9320765 -0.9999999 0 0 0 0.4028668 0.9152588 0 0.4809971 -0.8767222 -1 0 0 0 0.5185452 0.8550503 -0.9999999 0 0 0 0.5910982 -0.8065996 -1 0 0 0 0.6260643 0.7797715 -1 0 0 0 0.6916223 -0.7222595 -1 0 0 -1 0 0 0 0.7222586 0.6916232 0 0.7797714 -0.6260644 -1 0 0 -1 0 0 0 0.8066002 0.5910974 0 0.8550507 -0.5185441 -1 0 0 0 0.8767222 0.4809972 -1 0 0 -0.9999999 0 0 0 0.9152583 -0.4028678 0 0.9320762 0.3622623 -0.9999999 0 0 0 0.9601341 -0.2795398 -1 0 0 0 0.9714055 0.2374266 -1 0 0 -1 0 0 0 0.9883541 -0.152172 0 0.9940385 0.1090297 -1 0 0 -1 0 0 0 0.9997588 -0.02196128 -0.1523825 0 0.9883217 -0.1086873 0 -0.994076 -0.1086873 0 0.994076 -0.1523825 0 -0.9883217 -0.2798199 0 0.9600525 -0.2379451 0 -0.9712786 -0.2379451 0 0.9712786 -0.2798199 0 -0.9600525 -0.40292 0 0.9152351 -0.3623158 0 -0.9320554 -0.3623158 0 0.9320554 -0.4029201 0 -0.9152351 0 -0.9999999 0 0 -0.9999999 0 -0.5190016 0 0.8547733 -0.4812532 0 -0.8765816 -0.4812532 0 0.8765817 -0.5190016 0 -0.8547733 -0.6257954 0 0.7799873 -0.5912698 0 -0.8064739 -0.5912698 0 0.8064739 -0.6257954 0 -0.7799873 0 -1 0 -0.7224655 0 0.6914069 -0.6914071 0 -0.7224653 0 -1 0 -0.6914071 0 0.7224653 -0.7224655 0 -0.6914069 -0.8064739 0 0.5912699 -0.7799875 0 -0.6257952 -0.7799875 0 0.6257952 -0.8064738 0 -0.5912699 -0.8765814 0 0.4812536 -0.854773 0 -0.519002 -0.854773 0 0.519002 -0.8765814 0 -0.4812536 0.8303655 0 -0.557219 0 -1 0 0 0 -1 0 -1 0 0.8303655 0 0.557219 0 0 1 0.8303655 0 -0.557219 0 0 -1 0.8303655 0 0.557219 0 0 1 -0.9320555 0 0.3623154 -0.9152351 0 -0.40292 -0.9152351 0 0.40292 -0.9320555 0 -0.3623154 0 -0.9999999 0 0 -0.9999999 0 -0.9712786 0 0.2379449 -0.9600526 0 -0.2798195 -0.9600526 0 0.2798195 -0.9712786 0 -0.2379449 -0.994076 0 0.1086873 -0.9883215 0 -0.1523825 -0.9883215 0 0.1523825 -0.994076 0 -0.1086873 -0.9997653 0 -0.0216633 -0.9997653 0 0.0216633 0 -1 0 0.6592909 0 -0.751888 0 -1 0 0.751888 0 0.6592909 0 -1 0 0.751888 0 -0.6592909 0.6592909 0 0.751888 0.557219 0 -0.8303655 1 0 0 0 -1 0 0 -1 0 0.557219 0 0.8303655 0 -1 0 1 0 0 1 0 0 0.557219 0 -0.8303655 0.557219 0 0.8303655 1 0 0 -1 0 0 -1 0 0 -1 0 0 -1 0 0 -1 0 0 -1 0 0 -1 0 0 -1 0 0 -1 0 0 -1 0 0 -1 0 0 -1 0 0 0 -0.6590708 -0.7520809 -1 0 0 0 -0.6590785 0.7520741 -1 0 0 0 -0.6259195 -0.7798877 0 -0.5912697 0.8064739 -1 0 0 0 -0.5190014 -0.8547735 -1 0 0 0 -0.4812532 0.8765816 -1 0 0 0 -0.4026121 -0.9153707 -1 0 0 -1 0 0 0 -0.3623157 0.9320554 0 -0.2800065 -0.9599981 -1 0 0 0 -0.2379451 0.9712786 -1 0 0 0 -0.1518643 -0.9884014 -1 0 0 -1 0 0 0 -0.1086876 0.994076 -1 0 0 0 -0.02195099 -0.999759 -0.9999999 0 0 -1 0 0 0 0.02166349 0.9997654 0 0.1091625 -0.9940239 -1 0 0 -1 0 0 0 0.1523826 0.9883216 -1 0 0 0 0.2376333 -0.971355 -1 0 0 0 0.2798199 0.9600526 -1 0 0 0 0.3622971 -0.9320627 -1 0 0 0 0.4029199 0.9152352 -1 0 0 0 0.4811287 -0.8766499 0 0.5190017 0.8547733 -1 0 0 -1 0 0 0 0.5910902 -0.8066053 0 0.6257953 0.7799873 -1 0 0 0 0.6913726 -0.7224983 -1 0 0 0 0.7224652 0.6914073 -1 0 0 -1 0 0 0 0.7798877 -0.6259195 -1 0 0 0 0.8064739 0.5912696 0 0.8547735 -0.5190012 -1 0 0 0 0.8765816 0.4812533 -1 0 0 -0.9999999 0 0 0 0.9153708 -0.4026119 0 0.9321154 0.3621613 -0.9999999 0 0 0 0.959998 -0.2800068 -1 0 0 0 0.9713763 0.2375457 -1 0 0 0 0.9884014 -0.1518643 -1 0 0 -1 0 0 0 0.994024 0.1091617 -1 0 0 0 0.9997591 -0.02195018 1 0 0 1 0 0 1 0 0 1 0 0 1 0 0 1 0 0 1 0 0 1 0 0 1 0 0 1 0 0 1 0 0 0 -0.6590708 -0.7520809 1 0 0 0 -0.6590785 0.7520741 1 0 0 0 -0.5915284 -0.8062841 1 0 0 1 0 0 0 -0.6257954 0.7799873 0 -0.4808346 -0.8768113 1 0 0 0 -0.5190015 0.8547732 1 0 0 1 0 0 0 -0.3625833 -0.9319513 0 -0.40292 0.9152352 1 0 0 0 -0.2374354 -0.9714033 1 0 0 0 -0.2798199 0.9600526 1 0 0 1 0 0 0 -0.1088813 -0.9940547 1 0 0 0 -0.1523826 0.9883216 0 0.02199974 -0.9997579 1 0 0 0.9999999 0 0 0 -0.02166349 0.9997654 1 0 0 0 0.152383 -0.9883214 1 0 0 1 0 0 0 0.1086876 0.994076 1 0 0 0 0.2796669 -0.9600971 1 0 0 0 0.2379451 0.9712786 0 0.4028768 -0.9152543 1 0 0 1 0 0 0 0.3623157 0.9320554 0 0.5188115 -0.8548886 1 0 0 0 0.4812531 0.8765817 1 0 0 0 0.6256843 -0.7800764 1 0 0 0 0.5912699 0.8064739 1 0 0 0 0.7224514 -0.6914217 1 0 0 1 0 0 0 0.6914069 0.7224656 0 0.8062841 -0.5915284 1 0 0 1 0 0 0 0.7799872 0.6257954 1 0 0 0 0.8768115 -0.4808342 0 0.8547733 0.5190015 1 0 0 0 0.9319513 -0.3625833 0.9999999 0 0 0 0.915267 0.4028477 0.9999999 0 0 1 0 0 0 0.9714032 -0.2374359 1 0 0 0 0.9601473 0.2794942 0 0.9940549 -0.1088805 1 0 0 1 0 0 0 0.9883217 0.1523822 1 0 0 0 0.999758 0.02199975 -1 0 0 -0.557219 0 -0.8303655 0 -1 0 0 -1 0 0 -1 0 -0.557219 0 0.8303655 -1 0 0 -0.557219 0 -0.8303655 -1 0 0 -1 0 0 -0.557219 0 0.8303655 -0.6592909 0 -0.751888 0 -1 0 0 -1 0 -0.751888 0 0.6592909 -0.751888 0 -0.6592909 -0.6592909 0 0.751888 0 -1 0 0.9997653 0 0.0216633 0.9997653 0 -0.0216633 0.9883215 0 0.1523825 0.994076 0 -0.1086873 0.994076 0 0.1086873 0.9883215 0 -0.1523825 0.9600526 0 0.2798195 0.9712786 0 -0.2379449 0.9712786 0 0.2379449 0.9600526 0 -0.2798195 0 -1 0 0 -0.9999999 0 0.9152351 0 0.40292 0.9320555 0 -0.3623154 0.9320555 0 0.3623154 0.9152351 0 -0.40292 0 -1 0 0 0 -1 -0.8303655 0 -0.557219 0 -1 0 0 0 1 -0.8303655 0 0.557219 -0.8303655 0 -0.557219 0 0 -1 -0.8303655 0 0.557219 0 0 1 0.854773 0 0.519002 0.8765814 0 -0.4812536 0.8765814 0 0.4812536 0.854773 0 -0.519002 0.7799875 0 0.6257952 0.8064739 0 -0.5912699 0.8064738 0 0.5912699 0.7799875 0 -0.6257952 0 -1 0 0.6914071 0 0.7224653 0.7224655 0 -0.6914069 0 -0.9999999 0 0.7224655 0 0.6914069 0.6914071 0 -0.7224653 0.5912698 0 0.8064739 0.6257954 0 -0.7799873 0.6257954 0 0.7799873 0.5912698 0 -0.8064739 0.4812532 0 0.8765816 0.5190016 0 -0.8547733 0.5190016 0 0.8547733 0.4812532 0 -0.8765817 0 -0.9999999 0 0 -0.9999999 0 0.3623158 0 0.9320554 0.40292 0 -0.9152351 0.4029201 0 0.9152351 0.3623158 0 -0.9320554 0.2379451 0 0.9712786 0.2798199 0 -0.9600525 0.2798199 0 0.9600525 0.2379451 0 -0.9712786 0.1086873 0 0.994076 0.1523825 0 -0.9883217 0.1523825 0 0.9883217 0.1086873 0 -0.994076 0 -0.9997588 -0.02196128 1 0 0 1 0 0 0 -0.9883541 -0.152172 0 -0.9940385 0.1090297 1 0 0 1 0 0 0 -0.9601341 -0.2795398 1 0 0 0 -0.9714055 0.2374266 0.9999999 0 0 0 -0.9152583 -0.4028677 0.9999999 0 0 0 -0.9320762 0.3622623 1 0 0 0 -0.8550507 -0.5185441 0 -0.8767222 0.4809972 1 0 0 0 -0.7797714 -0.6260644 1 0 0 0 -0.8066002 0.5910974 1 0 0 1 0 0 0 -0.6916223 -0.7222595 1 0 0 0 -0.7222586 0.6916232 1 0 0 0 -0.5910982 -0.8065996 0 -0.6260643 0.7797715 1 0 0 1 0 0 0 -0.4809971 -0.8767222 0 -0.5185452 0.8550503 1 0 0 0 -0.3622614 -0.9320765 1 0 0 1 0 0 0 -0.4028668 0.9152588 1 0 0 0 -0.2374267 -0.9714055 0 -0.2795395 0.9601341 1 0 0 0 -0.1090301 -0.9940384 1 0 0 1 0 0 0 -0.1521724 0.988354 1 0 0 0 0.02196146 -0.9997588 1 0 0 0 -0.02196146 0.9997588 1 0 0 0 0.1521724 -0.988354 1 0 0 1 0 0 0 0.1090301 0.9940384 1 0 0 0 0.2795395 -0.9601341 1 0 0 0 0.2374267 0.9714055 1 0 0 0 0.4028668 -0.9152588 1 0 0 0 0.3622614 0.9320765 0 0.5185452 -0.8550503 1 0 0 1 0 0 0 0.4809971 0.8767222 1 0 0 0 0.6260643 -0.7797715 0 0.5910982 0.8065996 1 0 0 1 0 0 0 0.7222586 -0.6916232 1 0 0 0 0.6916223 0.7222595 1 0 0 0 0.8066002 -0.5910974 0 0.7797714 0.6260644 1 0 0 0 0.8767222 -0.4809972 1 0 0 0 0.8550507 0.5185441 1 0 0 0 0.9320762 -0.3622623 0.9999999 0 0 0.9999999 0 0 0 0.9152583 0.4028677 0 0.9714055 -0.2374266 1 0 0 0 0.9601341 0.2795398 1 0 0 1 0 0 0 0.9940385 -0.1090297 1 0 0 0 0.9883541 0.152172 1 0 0 0 0.9997588 0.02196128 0 -1 0 0 -0.9999999 0 -0.02166329 0 0.9997653 0.02166329 0 -0.9997653 0 -0.9999999 0 0 -1 0 0.02166329 0 0.9997653 -0.02166329 0 -0.9997653 -0.1523825 0 0.9883217 -0.1086873 0 -0.994076 -0.1086873 0 0.994076 -0.1523825 0 -0.9883217 -0.2798199 0 0.9600525 -0.2379451 0 -0.9712786 -0.2379451 0 0.9712786 -0.2798199 0 -0.9600525 -0.40292 0 0.9152351 -0.3623158 0 -0.9320554 -0.3623158 0 0.9320554 -0.4029201 0 -0.9152351 0 -0.9999999 0 0 -1 0 -0.5190018 0 0.854773 -0.4812533 0 -0.8765815 -0.4812533 0 0.8765815 -0.5190018 0 -0.854773 -0.6257952 0 0.7799874 -0.5912699 0 -0.8064737 -0.5912699 0 0.8064737 -0.6257952 0 -0.7799874 -0.6590781 0 0.7520746 -1 0 0 0 -1 0 -0.6590781 0 -0.7520746 0 -1 0 -1 0 0 -1 0 0 -0.6590781 0 0.7520746 -0.6590781 0 -0.7520746 -1 0 0 0 -1 0 0 0 -1 0.8303657 0 -0.5572188 0 -1 0 0 0 1 0.8303657 0 0.5572188 0.8303657 0 -0.5572188 0 0 -1 0.8303657 0 0.5572188 0 0 1 0.751888 0 -0.6592909 0 -0.9999999 0 0.9772267 -0.2121979 0 0.9772268 -0.2121979 0 0.685378 0 0.7281875 0 -1 0 0.685378 0 -0.7281875 0.751888 0 0.6592909 0.994905 -0.1008171 0 0.5572189 0 -0.8303657 0.9852219 -0.1712828 0 0.5572188 0 0.8303657 1 0 0 0.5572188 0 -0.8303657 0.5572189 0 0.8303657 1 0 0 1 0 0 0 -1 0 0 0 -1 1 0 0 0 -1 0 0 0 1 0 0.9997653 0.02166335 1 0 0 0 0.9883215 0.1523827 0 0.994076 -0.1086875 0 0.9600526 0.2798197 0 0.9712785 -0.2379451 0.9999999 0 0 0 0.9152352 0.4029201 1 0 0 0 0.9320555 -0.3623155 0 0.8547732 0.5190017 0 0.8765815 -0.4812534 0 0.7799873 0.6257954 0 0.8064739 -0.5912697 0 0.7035001 0.7106951 0.9999999 0 0 0 0.7035001 -0.7106951 1 0 0 0.9999999 0 0 0 0 -1 0 0.9999999 0 1 0 0 0 0.5552275 0.8316984 0 0.9999999 0 0 0.9999999 0 1 0 0 0 0.5552275 -0.8316984 0 0 1 0.9999999 0 0 0 0.9999999 0 
				</float_array>
				<technique_common>
					<accessor count="730" source="#Part-3815_dot_dat-norm-array" stride="3">
						<param name="X" type="float" /><param name="Y" type="float" /><param name="Z" type="float" />
					</accessor>
				</technique_common>
			</source>
			<vertices id="Part-3815_dot_dat-vert">
				<input semantic="POSITION" source="#Part-3815_dot_dat-pos" />
			</vertices>
			<triangles count="668" material="Base">
				<input semantic="VERTEX" source="#Part-3815_dot_dat-vert" offset="0" />
				<input semantic="NORMAL" source="#Part-3815_dot_dat-norm" offset="0" />
				<p>
					35 727 699 699 4 35 383 378 293 293 296 383 386 383 296 296 300 386 390 386 300 300 305 390 394 390 305 305 308 394 399 394 308 308 313 399 403 399 313 313 318 403 408 403 318 318 322 408 412 408 322 322 326 412 416 412 326 326 330 416 419 416 330 330 333 419 423 419 333 333 337 423 428 423 337 337 341 428 432 428 341 341 346 432 435 432 346 346 349 435 439 435 349 349 353 439 719 26 0 0 696 719 5 698 695 695 1 5 486 669 675 675 492 486 457 451 459 459 460 457 494 677 672 672 489 494 686 688 693 693 690 686 663 659 664 664 667 663 673 676 685 685 682 673 465 467 493 493 490 465 456 461 467 467 465 456 462 466 458 458 452 462 487 491 466 466 462 487 678 684 674 674 670 678 687 691 684 684 678 687 688 686 680 680 681 688 682 685 692 692 689 682 660 662 683 683 679 660 668 648 660 660 679 668 628 629 648 648 668 628 485 517 629 629 628 485 463 503 517 517 485 463 453 479 503 503 463 453 454 468 479 479 453 454 455 480 468 468 454 455 464 506 480 480 455 464 488 518 506 506 464 488 633 632 518 518 488 633 671 649 632 632 633 671 683 662 649 649 671 683 661 666 657 657 655 661 655 657 653 653 651 655 651 653 647 647 645 651 645 647 643 643 641 645 641 643 639 639 637 641 637 639 635 635 631 637 631 635 530 530 528 631 528 530 526 526 524 528 524 526 522 522 520 524 520 522 516 516 514 520 514 516 512 512 510 514 510 512 508 508 505 510 505 508 502 502 500 505 500 502 498 498 496 500 496 498 484 484 482 496 482 484 478 478 476 482 476 478 474 474 472 476 472 474 470 470 469 472 469 470 473 473 471 469 471 473 477 477 475 471 475 477 483 483 481 475 481 483 497 497 495 481 495 497 501 501 499 495 499 501 507 507 504 499 504 507 511 511 509 504 509 511 515 515 513 509 513 515 521 521 519 513 519 521 525 525 523 519 523 525 529 529 527 523 527 529 634 634 630 527 630 634 638 638 636 630 636 638 642 642 640 636 640 642 646 646 644 640 644 646 652 652 650 644 650 652 656 656 654 650 654 656 665 665 658 654 53 237 242 242 59 53 269 274 278 278 275 269 61 244 240 240 55 61 39 37 41 41 43 39 63 66 71 71 68 63 51 60 56 56 47 51 243 267 264 264 239 243 267 277 272 272 264 267 276 266 262 262 268 276 266 241 235 235 262 266 58 50 45 45 54 58 50 40 36 36 45 50 46 37 39 39 49 46 42 51 47 47 38 42 48 65 62 62 44 48 62 80 52 52 44 62 80 95 94 94 52 80 95 211 236 236 94 95 211 221 263 263 236 211 221 249 270 270 263 221 249 261 271 271 270 249 261 250 273 273 271 261 250 224 265 265 273 250 224 212 238 238 265 224 212 98 99 99 238 212 98 81 57 57 99 98 81 65 48 48 57 81 64 69 74 74 72 64 72 74 78 78 76 72 76 78 84 84 82 76 82 84 88 88 86 82 86 88 92 92 90 86 90 92 100 100 96 90 96 100 201 201 199 96 199 201 205 205 203 199 203 205 209 209 207 203 207 209 215 215 213 207 213 215 219 219 217 213 217 219 225 225 222 217 222 225 229 229 227 222 227 229 233 233 231 227 231 233 247 247 245 231 245 247 253 253 251 245 251 253 257 257 255 251 255 257 260 260 259 255 259 260 258 258 256 259 256 258 254 254 252 256 252 254 248 248 246 252 246 248 234 234 232 246 232 234 230 230 228 232 228 230 226 226 223 228 223 226 220 220 218 223 218 220 216 216 214 218 214 216 210 210 208 214 208 210 206 206 204 208 204 206 202 202 200 204 200 202 101 101 97 200 97 101 93 93 91 97 91 93 89 89 87 91 87 89 85 85 83 87 83 85 79 79 77 83 77 79 75 75 73 77 73 75 70 70 67 73 353 357 444 444 439 353 357 362 448 448 444 357 362 364 450 450 448 362 364 359 445 445 450 364 359 355 442 442 445 359 355 352 437 437 442 355 352 347 434 434 437 352 347 344 429 429 434 347 344 339 425 425 429 344 339 336 421 421 425 339 336 332 417 417 421 336 332 328 413 413 417 332 328 324 410 410 413 328 324 319 405 405 410 324 319 315 400 400 405 319 315 310 397 397 400 315 310 306 392 392 397 310 306 302 389 389 392 306 302 298 384 384 389 302 298 295 380 380 384 298 295 291 376 376 380 295 21 714 712 712 18 21 18 712 710 710 16 18 16 710 707 707 12 16 12 707 704 704 10 12 10 704 702 702 8 10 8 702 700 700 7 8 7 700 703 703 9 7 9 703 705 705 11 9 11 705 709 709 15 11 15 709 711 711 17 15 17 711 713 713 19 17 19 713 716 716 22 19 363 361 316 361 358 316 358 354 316 354 350 316 350 345 316 345 342 316 342 338 316 338 334 316 334 329 316 329 325 316 325 321 316 321 317 316 317 312 316 312 309 316 309 304 316 304 301 316 301 297 316 297 292 316 292 289 316 289 287 316 287 285 316 285 283 316 283 281 316 281 279 316 279 280 316 280 282 316 282 284 316 284 286 316 286 288 316 288 290 316 290 294 316 294 299 316 299 303 316 303 307 316 307 311 316 311 314 316 314 320 316 320 323 316 323 327 316 327 331 316 331 335 316 335 340 316 340 343 316 343 348 316 348 351 316 351 356 316 356 360 316 360 363 316 449 446 402 446 441 402 441 438 402 438 433 402 433 430 402 430 426 402 426 422 402 422 418 402 418 414 402 414 409 402 409 406 402 406 401 402 401 396 402 396 393 402 393 388 402 388 385 402 385 381 402 381 377 402 377 374 402 374 372 402 372 370 402 370 368 402 368 366 402 366 365 402 365 367 402 367 369 402 369 371 402 371 373 402 373 375 402 375 379 402 379 382 402 382 387 402 387 391 402 391 395 402 395 398 402 398 404 402 404 407 402 407 411 402 411 415 402 415 420 402 420 424 402 424 427 402 427 431 402 431 436 402 436 440 402 440 443 402 443 447 402 447 449 402 150 193 197 150 190 193 150 185 190 150 182 185 150 178 182 150 174 178 150 170 174 150 166 170 150 161 166 150 158 161 150 154 158 150 149 154 150 145 149 150 140 145 150 136 140 150 132 136 150 129 132 150 125 129 150 120 125 150 116 120 150 113 116 150 108 113 150 105 108 150 103 105 150 106 103 150 111 106 150 114 111 150 118 114 150 123 118 150 126 123 150 131 126 150 134 131 150 138 134 150 142 138 150 146 142 150 152 146 150 155 152 150 160 155 150 163 160 150 168 163 150 172 168 150 175 172 150 179 175 150 184 179 150 188 184 150 192 188 150 196 192 150 197 196 623 627 198 198 194 623 618 623 194 194 189 618 614 618 189 189 186 614 610 614 186 186 181 610 607 610 181 181 177 607 603 607 177 177 173 603 599 603 173 173 169 599 594 599 169 169 165 594 591 594 165 165 162 591 587 591 162 162 157 587 582 587 157 157 153 582 578 582 153 153 148 578 573 578 148 148 144 573 570 573 144 144 141 570 565 570 141 141 137 565 562 565 137 137 133 562 558 562 133 133 128 558 554 558 128 128 124 554 549 554 124 124 121 549 546 549 121 121 117 546 542 546 117 117 112 542 538 542 112 112 109 538 534 538 109 109 104 534 531 534 104 104 102 531 535 531 102 102 107 535 540 535 107 107 110 540 544 540 110 110 115 544 547 544 115 115 119 547 551 547 119 119 122 551 556 551 122 122 127 556 559 556 127 127 130 559 563 559 130 130 135 563 568 563 135 135 139 568 571 568 139 139 143 571 576 571 143 143 147 576 580 576 147 147 151 580 585 580 151 151 156 585 589 585 156 156 159 589 593 589 159 159 164 593 597 593 164 164 167 597 600 597 167 167 171 600 605 600 171 171 176 605 608 605 176 176 180 608 612 608 180 180 183 612 617 612 183 183 187 617 620 617 187 187 191 620 625 620 191 191 195 625 627 625 195 195 198 627 626 622 579 622 619 579 619 615 579 615 611 579 611 606 579 606 602 579 602 598 579 598 595 579 595 590 579 590 586 579 586 583 579 583 577 579 577 574 579 574 569 579 569 566 579 566 561 579 561 557 579 557 553 579 553 550 579 550 545 579 545 541 579 541 537 579 537 533 579 533 532 579 532 536 579 536 539 579 539 543 579 543 548 579 548 552 579 552 555 579 555 560 579 560 564 579 564 567 579 567 572 579 572 575 579 575 581 579 581 584 579 584 588 579 588 592 579 592 596 579 596 601 579 601 604 579 604 609 579 609 613 579 613 616 579 616 621 579 621 624 579 624 626 579 33 31 724 724 729 33 30 22 716 716 726 30 720 723 27 27 24 720 722 714 21 21 28 722 717 728 725 728 717 708 708 697 728 701 697 708 697 701 706 706 694 697 694 706 715 715 718 694 721 718 715 20 25 29 25 20 13 13 2 25 6 2 13 2 6 14 14 3 2 3 14 23 23 34 3 32 34 23 
				</p>
			</triangles>
		</mesh>
	</geometry>
	<geometry id="Part-3816_dot_dat" name="Part-3816_dot_dat">
		<mesh>
			<source id="Part-3816_dot_dat-pos" name="Part-3816_dot_dat-pos">
				<float_array id="Part-3816_dot_dat-pos-array" count="1896">
					-19.5 28 -9 -19.5 28 -9 -19.5 28 -9 -19.5 28 11 -19.5 28 11 -19.5 28 11 -19.18 20 6 -19.18 20 6 -19.18 20 6 -19.18 20 11 -19.18 20 11 -19.18 20 11 -18.68 7.7 6 -18.64 6.74 6 -18.64 6.74 6 -18.64 6.74 6 -18.5 3.42 8.28 -18.5 3.42 8.28 -18.36 0 -9 -18.36 0 -9 -18.36 0 0 -18.36 0 9 -18.36 0 9 -18.23 -3.42 -8.28 -18.23 -3.42 -8.28 -18.23 -3.42 8.28 -18.23 -3.42 8.28 -18.11 -6.3 -6.3 -18.11 -6.3 -6.3 -18.11 -6.3 6.3 -18.11 -6.3 6.3 -18.03 -8.28 -3.42 -18.03 -8.28 -3.42 -18.03 -8.28 3.42 -18.03 -8.28 3.42 -18 -9 0 -18 -9 0 -16 -2 -8.5789 -16 -2 -8.5789 -16 -2 -5 -16 -2 -5 -16 8 -5 -16 8 -5 -16 8 -5 -16 8 3 -16 8 3 -16 8 3 -16 12 -9 -16 12 -5 -16 18 -9 -16 18 -9 -16 18 -5 -16 18 -5 -16 24 -9 -16 24 -5 -16 24 -5 -16 24 3 -16 24 3 -16 24 3 -16 24 7 -16 24 7 -16 24 7 -16 28 -5 -16 28 -5 -16 28 -5 -16 28 7 -16 28 7 -16 28 7 -15.9484 17.217 -9 -15.9484 17.217 -9 -15.9484 17.217 -5 -15.9484 17.217 -5 -15.9484 18.783 -9 -15.9484 18.783 -9 -15.9484 18.783 -5 -15.9484 18.783 -5 -15.7954 16.4472 -9 -15.7954 16.4472 -9 -15.7954 16.4472 -5 -15.7954 16.4472 -5 -15.7954 19.5528 -9 -15.7954 19.5528 -9 -15.7954 19.5528 -5 -15.7954 19.5528 -5 -15.7176 -3.42 -8.28 -15.7176 -3.42 -8.28 -15.6023 0 -9 -15.6023 0 -9 -15.5434 -4.2962 -7.6776 -15.5434 -4.2962 -7.6776 -15.5434 -4.2962 -5 -15.5434 -4.2962 -5 -15.5434 0.2962 -9 -15.5434 0.2962 -9 -15.5434 0.2962 -5 -15.5434 0.2962 -5 -15.5434 15.7038 -9 -15.5434 15.7038 -9 -15.5434 15.7038 -5 -15.5434 15.7038 -5 -15.5434 20.2962 -9 -15.5434 20.2962 -9 -15.5434 20.2962 -5 -15.5434 20.2962 -5 -15.196 15 -9 -15.196 15 -9 -15.196 15 -5 -15.196 15 -5 -15.196 21 -9 -15.196 21 -9 -15.196 21 -5 -15.196 21 -5 -14.7604 14.3472 -9 -14.7604 14.3472 -9 -14.7604 14.3472 -5 -14.7604 14.3472 -5 -14.7604 21.6528 -9 -14.7604 21.6528 -9 -14.7604 21.6528 -5 -14.7604 21.6528 -5 -14.34 -6 -5 -14.34 -6 -5 -14.34 -6 -5 -14.34 -6 0 -14.34 -6 0 -14.34 -5.9484 0.783 -14.34 -5.9484 0.783 -14.34 -5.7954 1.5528 -14.34 -5.7954 1.5528 -14.34 -5.5434 2.2962 -14.34 -5.5434 2.2962 -14.34 -5.196 3 -14.34 -5.196 3 -14.34 -4.7604 3.6528 -14.34 -4.7604 3.6528 -14.34 -4.2426 4.2426 -14.34 -4.2426 4.2426 -14.34 -3.6528 4.7604 -14.34 -3.6528 4.7604 -14.34 -3 5.196 -14.34 -3 5.196 -14.34 -2.2962 5.5434 -14.34 -2.2962 5.5434 -14.34 -1.5528 5.7954 -14.34 -1.5528 5.7954 -14.34 -0.783 5.9484 -14.34 -0.783 5.9484 -14.34 0 0 -14.34 0 6 -14.34 0 6 -14.34 2.1 -5 -14.34 2.1 -5 -14.34 2.1 -5 -14.34 2.1 5.58 -14.34 2.1 5.58 -14.34 2.1 5.58 -14.2426 -6.2426 -6.3395 -14.2426 -6.2426 -6.3395 -14.2426 -6.2426 -5 -14.2426 -6.2426 -5 -14.2426 2.2426 -9 -14.2426 2.2426 -9 -14.2426 13.7574 -9 -14.2426 13.7574 -9 -14.2426 13.7574 -5 -14.2426 13.7574 -5 -14.2426 22.2426 -9 -14.2426 22.2426 -9 -14.2426 22.2426 -5 -14.2426 22.2426 -5 -14.24 2.24 5.55 -14.24 2.24 5.55 -14.1567 -6.3 -6.3 -14.1567 -6.3 -6.3 -13.6528 13.2396 -9 -13.6528 13.2396 -9 -13.6528 13.2396 -5 -13.6528 13.2396 -5 -13.6528 22.7604 -9 -13.6528 22.7604 -9 -13.6528 22.7604 -5 -13.6528 22.7604 -5 -13 12.804 -9 -13 12.804 -9 -13 12.804 -5 -13 12.804 -5 -13 23.196 -9 -13 23.196 -9 -13 23.196 -5 -13 23.196 -5 -12.8194 -7.1937 -5 -12.8194 -7.1937 -5 -12.8194 -7.1937 -5 -12.8194 -7.1937 -5 -12.3 3.54 4.71 -12.3 3.54 4.71 -12.2962 -7.5434 -5 -12.2962 -7.5434 -5 -12.2962 -7.5434 -4.4914 -12.2962 -7.5434 -4.4914 -12.2962 3.5434 -9 -12.2962 3.5434 -9 -12.2962 12.4566 -9 -12.2962 12.4566 -9 -12.2962 12.4566 -5 -12.2962 12.4566 -5 -12.2962 23.5434 -9 -12.2962 23.5434 -9 -12.2962 23.5434 -5 -12.2962 23.5434 -5 -11.5528 12.2046 -9 -11.5528 12.2046 -9 -11.5528 12.2046 -5 -11.5528 12.2046 -5 -11.5528 23.7954 -9 -11.5528 23.7954 -9 -11.5528 23.7954 -5 -11.5528 23.7954 -5 -10.783 12.0516 -9 -10.783 12.0516 -9 -10.783 12.0516 -5 -10.783 12.0516 -5 -10.783 23.9484 -9 -10.783 23.9484 -9 -10.783 23.9484 -5 -10.783 23.9484 -5 -10 -8 -5 -10 -8 -5 -10 -8 -3.8273 -10 -8 -3.8273 -10 4 -9 -10 4 -9 -10 4 4.4 -10 4 4.4 -10 12 -9 -10 12 -9 -10 12 -5 -10 12 -5 -10 24 -9 -10 24 -9 -10 24 -5 -10 24 -5 -9.217 12.0516 -9 -9.217 12.0516 -9 -9.217 12.0516 -5 -9.217 12.0516 -5 -9.217 23.9484 -9 -9.217 23.9484 -9 -9.217 23.9484 -5 -9.217 23.9484 -5 -8.4472 12.2046 -9 -8.4472 12.2046 -9 -8.4472 12.2046 -5 -8.4472 12.2046 -5 -8.4472 23.7954 -9 -8.4472 23.7954 -9 -8.4472 23.7954 -5 -8.4472 23.7954 -5 -7.72 -6 -5 -7.72 -6 -5 -7.72 -6 -5 -7.72 -6 0 -7.72 -6 0 -7.72 -5.9484 0.783 -7.72 -5.9484 0.783 -7.72 -5.7954 1.5528 -7.72 -5.7954 1.5528 -7.72 -5.5434 2.2962 -7.72 -5.5434 2.2962 -7.72 -5.196 3 -7.72 -5.196 3 -7.72 -4.7604 3.6528 -7.72 -4.7604 3.6528 -7.72 -4.2426 4.2426 -7.72 -4.2426 4.2426 -7.72 -3.6528 4.7604 -7.72 -3.6528 4.7604 -7.72 -3 -3 -7.72 -3 0 -7.72 -3 0 -7.72 -3 5.196 -7.72 -3 5.196 -7.72 -2.9742 -0.3915 -7.72 -2.9742 0.3915 -7.72 -2.9742 0.3915 -7.72 -2.8977 -0.7764 -7.72 -2.8977 0.7764 -7.72 -2.8977 0.7764 -7.72 -2.7717 -1.1481 -7.72 -2.7717 -1.1481 -7.72 -2.7717 1.1481 -7.72 -2.7717 1.1481 -7.72 -2.598 -1.5 -7.72 -2.598 1.5 -7.72 -2.598 1.5 -7.72 -2.3802 -1.8264 -7.72 -2.3802 1.8264 -7.72 -2.3802 1.8264 -7.72 -2.2962 5.5434 -7.72 -2.2962 5.5434 -7.72 -2.1213 -2.1213 -7.72 -2.1213 -2.1213 -7.72 -2.1213 2.1213 -7.72 -2.1213 2.1213 -7.72 -1.8264 -2.3802 -7.72 -1.8264 2.3802 -7.72 -1.8264 2.3802 -7.72 -1.5528 5.7954 -7.72 -1.5528 5.7954 -7.72 -1.5 -2.598 -7.72 -1.5 2.598 -7.72 -1.5 2.598 -7.72 -1.1481 -2.7717 -7.72 -1.1481 -2.7717 -7.72 -1.1481 2.7717 -7.72 -1.1481 2.7717 -7.72 -0.783 5.9484 -7.72 -0.783 5.9484 -7.72 -0.7764 -2.8977 -7.72 -0.7764 2.8977 -7.72 -0.7764 2.8977 -7.72 -0.3915 -2.9742 -7.72 -0.3915 2.9742 -7.72 -0.3915 2.9742 -7.72 0 -3 -7.72 0 -3 -7.72 0 3 -7.72 0 3 -7.72 0 6 -7.72 0 6 -7.72 0.3915 -2.9742 -7.72 0.3915 2.9742 -7.72 0.7764 -2.8977 -7.72 0.7764 2.8977 -7.72 1.1481 -2.7717 -7.72 1.1481 -2.7717 -7.72 1.1481 2.7717 -7.72 1.1481 2.7717 -7.72 1.5 -2.598 -7.72 1.5 2.598 -7.72 1.8264 -2.3802 -7.72 1.8264 2.3802 -7.72 2.1213 -2.1213 -7.72 2.1213 -2.1213 -7.72 2.1213 2.1213 -7.72 2.1213 2.1213 -7.72 2.3 5.54 -7.72 2.3 5.54 -7.72 2.3802 -1.8264 -7.72 2.3802 1.8264 -7.72 2.598 -1.5 -7.72 2.598 1.5 -7.72 2.7717 -1.1481 -7.72 2.7717 -1.1481 -7.72 2.7717 1.1481 -7.72 2.7717 1.1481 -7.72 2.8977 -0.7764 -7.72 2.8977 0.7764 -7.72 2.9742 -0.3915 -7.72 2.9742 0.3915 -7.72 3 -3 -7.72 3 0 -7.72 3 0 -7.72 3 3 -7.72 3.55 -5 -7.72 3.55 -5 -7.72 3.55 -5 -7.72 3.55 4.71 -7.72 3.55 4.71 -7.72 3.55 4.71 -7.7038 -7.5434 -5 -7.7038 -7.5434 -5 -7.7038 -7.5434 -4.4914 -7.7038 -7.5434 -4.4914 -7.7038 3.5434 -9 -7.7038 3.5434 -9 -7.7038 12.4566 -9 -7.7038 12.4566 -9 -7.7038 12.4566 -5 -7.7038 12.4566 -5 -7.7038 23.5434 -9 -7.7038 23.5434 -9 -7.7038 23.5434 -5 -7.7038 23.5434 -5 -7.1806 -7.1937 -5 -7.1806 -7.1937 -5 -7.1806 -7.1937 -5 -7.1806 -7.1937 -5 -7 12.804 -9 -7 12.804 -9 -7 12.804 -5 -7 12.804 -5 -7 23.196 -9 -7 23.196 -9 -7 23.196 -5 -7 23.196 -5 -6.3472 13.2396 -9 -6.3472 13.2396 -9 -6.3472 13.2396 -5 -6.3472 13.2396 -5 -6.3472 22.7604 -9 -6.3472 22.7604 -9 -6.3472 22.7604 -5 -6.3472 22.7604 -5 -5.8433 -6.3 -6.3 -5.8433 -6.3 -6.3 -5.7574 -6.2426 -6.3395 -5.7574 -6.2426 -6.3395 -5.7574 -6.2426 -5 -5.7574 -6.2426 -5 -5.7574 2.2426 -9 -5.7574 2.2426 -9 -5.7574 2.2426 -5 -5.7574 2.2426 -5 -5.7574 13.7574 -9 -5.7574 13.7574 -9 -5.7574 13.7574 -5 -5.7574 13.7574 -5 -5.7574 22.2426 -9 -5.7574 22.2426 -9 -5.7574 22.2426 -5 -5.7574 22.2426 -5 -5.2396 14.3472 -9 -5.2396 14.3472 -9 -5.2396 14.3472 -5 -5.2396 14.3472 -5 -5.2396 21.6528 -9 -5.2396 21.6528 -9 -5.2396 21.6528 -5 -5.2396 21.6528 -5 -4.804 15 -9 -4.804 15 -9 -4.804 15 -5 -4.804 15 -5 -4.804 21 -9 -4.804 21 -9 -4.804 21 -5 -4.804 21 -5 -4.4566 -4.2962 -7.6776 -4.4566 -4.2962 -7.6776 -4.4566 -4.2962 -5 -4.4566 -4.2962 -5 -4.4566 0.2962 -9 -4.4566 0.2962 -9 -4.4566 0.2962 -5 -4.4566 0.2962 -5 -4.4566 15.7038 -9 -4.4566 15.7038 -9 -4.4566 15.7038 -5 -4.4566 15.7038 -5 -4.4566 20.2962 -9 -4.4566 20.2962 -9 -4.4566 20.2962 -5 -4.4566 20.2962 -5 -4.3977 0 -9 -4.3977 0 -9 -4.2824 -3.42 -8.28 -4.2824 -3.42 -8.28 -4.2046 16.4472 -9 -4.2046 16.4472 -9 -4.2046 16.4472 -5 -4.2046 16.4472 -5 -4.2046 19.5528 -9 -4.2046 19.5528 -9 -4.2046 19.5528 -5 -4.2046 19.5528 -5 -4.0516 17.217 -9 -4.0516 17.217 -9 -4.0516 17.217 -5 -4.0516 17.217 -5 -4.0516 18.783 -9 -4.0516 18.783 -9 -4.0516 18.783 -5 -4.0516 18.783 -5 -4 -2 -8.578899 -4 -2 -8.5789 -4 -2 -5 -4 -2 -5 -4 8 -5 -4 8 -5 -4 8 -5 -4 8 3 -4 8 3 -4 8 3 -4 12 -9 -4 12 -5 -4 18 -9 -4 18 -9 -4 18 -5 -4 18 -5 -4 24 -9 -4 24 -5 -4 24 -5 -4 24 3 -4 24 3 -4 24 3 -4 24 7 -4 24 7 -4 24 7 -4 28 -5 -4 28 -5 -4 28 -5 -4 28 7 -4 28 7 -4 28 7 -2 -9 0 -2 -9 0 -2 -8.28 -3.42 -2 -8.28 -3.42 -2 -8.28 3.42 -2 -8.28 3.42 -2 -6.3 -6.3 -2 -6.3 -6.3 -2 -6.3 6.3 -2 -6.3 6.3 -2 -3.42 -8.28 -2 -3.42 -8.28 -2 -3.42 8.28 -2 -3.42 8.28 -2 -3 0 -2 -3 0 -2 -2.9742 -0.3915 -2 -2.9742 0.3915 -2 -2.8977 -0.7764 -2 -2.8977 0.7764 -2 -2.7717 -1.1481 -2 -2.7717 -1.1481 -2 -2.7717 1.1481 -2 -2.7717 1.1481 -2 -2.598 -1.5 -2 -2.598 1.5 -2 -2.3802 -1.8264 -2 -2.3802 1.8264 -2 -2.1213 -2.1213 -2 -2.1213 -2.1213 -2 -2.1213 2.1213 -2 -2.1213 2.1213 -2 -1.8264 -2.3802 -2 -1.8264 2.3802 -2 -1.5 -2.598 -2 -1.5 2.598 -2 -1.1481 -2.7717 -2 -1.1481 -2.7717 -2 -1.1481 2.7717 -2 -1.1481 2.7717 -2 -0.7764 -2.8977 -2 -0.7764 2.8977 -2 -0.3915 -2.9742 -2 -0.3915 2.9742 -2 0 -9 -2 0 -9 -2 0 -3 -2 0 -3 -2 0 3 -2 0 3 -2 0 9 -2 0 9 -2 0.3915 -2.9742 -2 0.3915 2.9742 -2 0.7764 -2.8977 -2 0.7764 2.8977 -2 1.1481 -2.7717 -2 1.1481 -2.7717 -2 1.1481 2.7717 -2 1.1481 2.7717 -2 1.5 -2.598 -2 1.5 2.598 -2 1.8264 -2.3802 -2 1.8264 2.3802 -2 2.1213 -2.1213 -2 2.1213 -2.1213 -2 2.1213 2.1213 -2 2.1213 2.1213 -2 2.3802 -1.8264 -2 2.3802 1.8264 -2 2.598 -1.5 -2 2.598 1.5 -2 2.7717 -1.1481 -2 2.7717 -1.1481 -2 2.7717 1.1481 -2 2.7717 1.1481 -2 2.8977 -0.7764 -2 2.8977 0.7764 -2 2.9742 -0.3915 -2 2.9742 0.3915 -2 3 0 -2 3 0 -2 3.42 8.28 -2 3.42 8.28 -2 4.1 -9 -2 4.1 -9 -2 4.1 -9 -2 6.74 6 -2 6.74 6 -2 6.74 6 -2 7 -7 -2 7 -7 -2 7.7 6 -2 7.7 6 -2 7.7 6 -2 9.2 -3.8 -2 9.2 -3.8 -2 9.2 3.8 -2 9.2 3.8 -2 10 0 -2 10 0 -1.5 4.1 -9 -1.5 4.1 -9 -1.5 4.1 -9 -1.5 7 -7 -1.5 7 -7 -1.5 7.7 6 -1.5 7.7 6 -1.5 7.7 6 -1.5 9.2 -3.8 -1.5 9.2 -3.8 -1.5 9.2 3.8 -1.5 9.2 3.8 -1.5 10 0 -1.5 10 0 -1.5 20 6 -1.5 20 6 -1.5 20 6 -1.5 20 11 -1.5 20 11 -1.5 20 11 -1.5 28 -9 -1.5 28 -9 -1.5 28 -9 -1.5 28 11 -1.5 28 11 -1.5 28 11 
				</float_array>
				<technique_common>
					<accessor count="632" source="#Part-3816_dot_dat-pos-array" stride="3">
						<param name="X" type="float" /><param name="Y" type="float" /><param name="Z" type="float" />
					</accessor>
				</technique_common>
			</source>
			<source id="Part-3816_dot_dat-norm" name="Part-3816_dot_dat-norm">
				<float_array id="Part-3816_dot_dat-norm-array" count="1896">
					0 0 -1 0 1 0 -0.9991801 -0.040484 -0.0002756422 0 1 0 -0.9992009 -0.039968 0 0 0 1 -0.9991791 -0.0405089 -0.0002845159 0 -1 0 0 0 0.9999999 -0.999201 -0.039968 0 0 0 1 0 -1 0 0 0 0.9999999 0 0.5661072 0.8243316 -0.9991592 -0.04099827 -0.0002005381 0 0 0.9999999 -0.9991422 -0.04141297 0.0002117232 0 0.3441891 0.9389003 9.768239E-07 -0.01709342 -0.9998538 -0.9991739 -0.04063707 -0.0003279962 -0.9991882 -0.04028425 3.75715E-05 0 8.522376E-09 1 -0.9992218 -0.03944303 0 3.788511E-06 -0.4465951 -0.8947361 -0.9992232 -0.03940067 0.0005857735 0 -0.3932114 0.9194481 -0.9992233 -0.03940067 -0.0005857735 -0.999184 -0.0403843 0.0007341458 1.02321E-06 -0.7429341 -0.6693646 0 -0.7491941 0.6623507 -0.999184 -0.0403843 -0.0007341467 9.239016E-07 -0.933459 -0.3586841 -0.9992014 -0.03995636 0.0003223137 0 -0.9432849 0.3319844 -0.9992013 -0.03995636 -0.000322314 -0.9992009 -0.03996811 7.255971E-10 0 -0.9975406 -0.07009032 0.9945833 -0.103942 -4.150486E-08 9.291169E-06 -0.2060108 -0.9785496 0 0 -0.9999999 0.9991207 0.04192869 3.587752E-06 1 0 0 0 1 0 0 0 1 1 0 0 0 1 0 0 0 -1 0 0 -1 0 0 1 0.9997588 -0.02196126 0 0 0 -1 0 0 1 0.9997588 0.02196126 0 0 0 -1 0 0 1 1 0 0 1 0 0 0 1 0 0 0 -1 0 0 -1 0 1 0 1 0 0 0 1 0 1 0 0 0 0 1 0 1 0 1 0 0 0 0 -1 0.9940384 0.1090301 0 0 0 -1 0 0 1 0.9883538 0.1521729 0 0.9883538 -0.1521729 0 0 0 -1 0.9940384 -0.1090301 0 0 0 1 0.9714054 0.2374272 0 0 0 -1 0 0 1 0.9601343 0.2795395 0 0 0 -1 0.9601343 -0.2795395 0 0 0 1 0.9714054 -0.2374272 0 0.9807966 0.1950337 4.904337E-06 4.035152E-08 -0.3653791 -0.9308588 0 -0.1803816 -0.9835967 0.9807969 -0.1950318 -9.419388E-08 8.971133E-06 -0.5665181 -0.8240493 0.8862835 0.4631431 0 0.9264609 0.3763911 3.916181E-06 0 0 -1 0 0 -1 0.8447832 -0.5351086 0.000213189 0 0 -1 0.9480908 -0.3179996 -3.42591E-08 0.9320767 0.3622611 0 0 0 -1 0.9152587 0.4028665 0 0 0 1 0.9152587 -0.4028665 0 0 0 -1 0.9320767 -0.3622611 0 0 0 1 0 0 -1 0.8767222 0.4809971 0 0 0 1 0.8550503 0.5185452 0 0.8550503 -0.5185452 0 0 0 -1 0.8767222 -0.4809971 0 0 0 1 0.8065995 0.5910984 0 0 0 -1 0 0 1 0.7797713 0.6260645 0 0 0 -1 0.7797713 -0.6260645 0 0 0 1 0.8065995 -0.5910984 0 0 0 -1 0 1 0 0.9999999 0 0 0 0.9999602 -0.008922346 1 0 0 0 0.988354 -0.1521722 1 0 0 0 0.9601343 -0.2795394 1 0 0 1 0 0 0 0.9152586 -0.4028669 0 0.8550503 -0.518545 1 0 0 1 0 0 0 0.7797716 -0.6260642 0 0.6916225 -0.7222592 1 0 0 1 0 0 0 0.5910981 -0.8065997 1 0 0 0 0.4809972 -0.8767222 0 0.3622616 -0.9320765 1 0 0 0 0.2374264 -0.9714056 1 0 0 0 0.1090301 -0.9940385 0.9999999 0 0 1 0 0 1 0 0 3.430784E-09 -0.157827 -0.9874667 0.8310977 -0.5561264 0.0002056204 1 0 0 0 0 -1 2.64927E-05 -0.196959 -0.9804117 1 0 0 0.8188379 -0.5740249 -0.0001441291 0.82832 0.5602552 0 -2.053682E-06 -0.5665289 -0.8240419 0.7265568 0.6871064 1.433221E-06 0 0 -1 0 0 -1 0.6090881 -0.7931026 -8.410368E-05 0.722259 0.6916226 0 0 0 -1 0.6916226 0.722259 0 0 0 1 0.691623 -0.7222587 0 0 0 -0.9999999 0.7222593 -0.6916224 0 0 0 1 0.5766124 -0.8170179 -0.0002490569 0.003482565 -0.5207222 -0.8537191 0.5556278 0.8314312 3.271912E-06 1.681783E-07 -0.8153671 -0.5789443 0 0 -1 0.6260645 0.7797713 0 0.5910984 0.8065995 0 0 0 1 0 0 -0.9999999 0.5910976 -0.8066 0 0.6260645 -0.7797713 0 0 0 0.9999999 0.5185452 0.8550503 0 0 0 -1 0.4809971 0.8767222 0 0 0 1 0 0 -1 0.4809971 -0.8767222 0 0.5185443 -0.8550508 0 0 0 1 -0.5556898 -0.8313897 0 0.5556298 0.8314298 3.47539E-06 3.883073E-06 -0.8240415 -0.5665295 0 0 -1 0.4457986 -0.8951334 -0.0001674498 0.002518516 -0.5511084 -0.8344299 -0.2233396 -0.9747407 0 0 0 -0.9999999 -4.99487E-06 -0.8240249 -0.5665535 -0.2749599 -0.9614556 0 0.3219284 -0.9467641 -8.241817E-05 0 0 -1 0.4028667 0.9152586 0 0 0 -1 0 0 1 0.3622613 0.9320766 0 0 0 -1 0.3622624 -0.9320761 0 0 0 1 0.4028677 -0.9152582 0 0 0 -1 0.2795395 0.9601343 0 0.2374269 0.9714054 0 0 0 1 0.2374266 -0.9714056 0 0 0 -1 0.2795399 -0.9601341 0 0 0 1 0.1521728 0.9883539 0 0 0 -1 0 0 1 0.1090301 0.9940384 0 0 0 -1 0.1090297 -0.9940384 0 0 0 1 0.152172 -0.988354 0 0.03541412 -0.9993728 3.635833E-08 0 0 -1 -8.059288E-09 -0.8240395 -0.5665322 -0.03541413 -0.9993728 0 -0.02464239 -0.9996963 0.0001099995 0 0 -1 0.001229416 -0.5630729 -0.8264063 0.01760276 -0.999845 -5.279601E-05 0.02196128 0.9997588 0 0 0 -1 0 0 1 -0.02196128 0.9997588 0 0 0 -1 -0.02196128 -0.9997588 0 0.02196128 -0.9997588 0 0 0 1 -0.1090301 0.9940384 0 0 0 -1 0 0 1 -0.1521728 0.9883539 0 0 0 -1 -0.152172 -0.988354 0 0 0 1 -0.1090297 -0.9940384 0 0 0 -1 -0.2374269 0.9714054 0 -0.2795395 0.9601343 0 0 0 1 0 0 -1 -0.2795399 -0.9601341 0 -0.2374266 -0.9714056 0 0 0 1 0 1 0 0 0 -1 -1 0 0 -1 0 0 0 0.9999602 -0.008922346 -1 0 0 0 0.9940385 -0.1090301 -1 0 0 0 0.9714055 -0.2374264 0 0.9320765 -0.3622616 -0.9999999 0 0 -1 0 0 0 0.8767222 -0.4809971 -0.9999999 0 0 0 0.8065997 -0.5910981 0 0.7222592 -0.6916225 -1 0 0 0 0.6260641 -0.7797716 -1 0 0 -1 0 0 -1 0 0 0 0.9997588 -0.02196149 -1 0 0 0 0.518545 -0.8550503 0 0.9940385 0.1090301 -0.9999999 0 0 0 0.9883541 -0.1521722 0 0.9714056 0.2374264 -1 0 0 0 0.9601342 -0.2795394 -1 0 0 0 0.9320766 0.3622616 0 0.9152586 -0.4028668 -1 0 0 0 0.8767222 0.4809971 -1 0 0 0 0.8550503 -0.5185451 0 0.8065997 0.591098 0 0.7797716 -0.6260642 -1 0 0 0 0.4028669 -0.9152586 -1 0 0 0 0.7222592 0.6916225 -1 0 0 -1 0 0 0 0.6916225 -0.7222592 0 0.6260642 0.7797716 -1 0 0 0 0.591098 -0.8065997 0 0.2795394 -0.9601342 -1 0 0 0 0.5185451 0.8550503 0 0.4809971 -0.8767222 -1 0 0 0 0.4028668 0.9152586 -1 0 0 0 0.3622616 -0.9320766 -1 0 0 0 0.1521722 -0.988354 -1 0 0 0 0.2795394 0.9601342 0 0.2374264 -0.9714056 -1 0 0 0 0.1521722 0.9883541 -1 0 0 0 0.1090301 -0.9940385 0 0.02196149 0.9997588 -1 0 0 -1 0 0 0 -0.02196149 -0.9997588 0 -0.09190123 -0.9957681 -1 0 0 0 -0.1090301 0.9940385 0 -0.1521722 -0.9883541 0 -0.2374264 0.9714056 0 -0.2795394 -0.9601342 0 -0.3622616 0.9320766 -1 0 0 -1 0 0 0 -0.4028668 -0.9152586 0 -0.4809971 0.8767222 0 -0.5185451 -0.8550503 0 -0.591098 0.8065997 0 -0.6260642 -0.7797716 -1 0 0 0 -0.6916225 0.7222592 0 -0.7222592 -0.6916225 -1 0 0 -1 0 0 0.0009873688 -0.3272424 -0.9449399 0 -0.7797716 0.6260642 0 -0.8065997 -0.591098 0 -0.8550503 0.5185451 0 -0.8767222 -0.4809971 -1 0 0 0 -0.9152586 0.4028668 0 -0.9320766 -0.3622616 -1 0 0 0 -0.9601342 0.2795394 0 -0.9714056 -0.2374264 0 -0.9883541 0.1521722 0 -0.9940385 -0.1090301 -0.9999999 0 0 0 -0.9997588 0.02196149 -1 0 0 -1 0 0 -1 0 0 0 0 -1 -0.2805837 -0.9598296 -5.800337E-06 -0.193633 -0.981074 0 -0.9999999 0 0 0.0012136 -0.5558293 -0.8312956 0.2749598 -0.9614556 2.697614E-07 0 0 -1 0.2233396 -0.9747407 9.503202E-08 5.002852E-06 -0.824025 -0.5665536 0 0 -1 -0.3826941 -0.9238751 -2.55004E-05 0 0 -1 -0.3622613 0.9320766 0 0 0 1 -0.4028667 0.9152586 0 -0.4028677 -0.9152582 0 0 0 -1 0 0 1 -0.3622624 -0.9320761 0 0.5556898 -0.8313897 5.121216E-07 -3.865815E-06 -0.8240414 -0.5665296 -0.5556299 0.8314297 3.281197E-06 0 0 -1 -0.4809971 0.8767223 0 0 0 -1 0 0 1 -0.518545 0.8550503 0 0 0 -1 -0.5185442 -0.8550509 0 -0.4809971 -0.8767223 0 0 0 1 -0.5910982 0.8065996 0 0 0 -1 -0.6260644 0.7797713 0 0 0 1 -0.6260644 -0.7797713 0 0 0 -1 -0.5910974 -0.8066001 0 0 0 1 -0.5556279 0.831431 3.08909E-06 0 -0.8153672 -0.5789441 8.303203E-06 -0.5665293 -0.8240416 -0.8222972 0.5690583 0 0 0 -1 -0.7856757 0.6186386 6.281799E-07 -0.6581792 -0.7528613 -0.0002971956 0 0 -1 0 0 -1 -0.7515713 -0.6596518 0 0 0 -0.9999999 -0.6916227 0.722259 0 0 0 0.9999999 -0.7222592 0.6916224 0 0 0 -1 -0.7222594 -0.6916221 0 -0.6916231 -0.7222585 0 0 0 1 0 0 -1 -0.7797715 0.6260643 0 -0.8065996 0.5910982 0 0 0 1 -0.8065996 -0.5910982 0 0 0 -1 -0.7797715 -0.6260643 0 0 0 1 -0.8550503 0.5185452 0 0 0 -1 0 0 1 -0.8767222 0.4809971 0 0 0 -1 -0.8767222 -0.4809971 0 0 0 1 -0.8550503 -0.5185452 0 2.059351E-06 -0.566525 -0.8240445 -0.8725249 0.4885696 0 0 0 -1 -0.94059 0.3395444 4.603433E-06 0 0 -1 -0.8441383 -0.5361255 0 -0.9458337 -0.3246515 -7.572343E-08 0 0 -1 -0.9152586 0.4028667 0 0 0 -1 -0.9320765 0.3622614 0 0 0 1 0 0 -1 -0.9320765 -0.3622614 0 0 0 1 -0.9152586 -0.4028667 0 -0.9807969 -0.1950318 -2.135061E-07 -1.272951E-05 -0.1946301 -0.9808767 0 -0.3653791 -0.9308589 -0.9807966 0.1950337 4.841812E-06 0 0 -1 -0.9601343 0.2795395 0 0 0 1 -0.9714055 0.2374266 0 0 0 -1 -0.9714055 -0.2374266 0 -0.9601343 -0.2795395 0 0 0 1 0 0 -1 -0.9883539 0.1521723 0 0 0 1 -0.9940384 0.1090301 0 -0.9940384 -0.1090301 0 0 0 -1 -0.9883539 -0.1521723 0 0 0 1 -0.9945834 -0.103942 -9.407771E-08 -2.348325E-05 -0.2060113 -0.9785496 -0.9991206 0.04192862 3.542012E-06 0 0 -1 0 1 0 0 0 1 -1 0 0 0 0 -1 0 1 0 -1 0 0 0 0 -1 0 0 1 0 0 -1 -0.9997588 0.02196146 0 0 0 1 -0.9997588 -0.02196146 0 0 0 -0.9999999 0 0 1 -1 0 0 0 1 0 -1 0 0 0 0 -1 0 1 0 -1 0 0 0 0 -1 -1 0 0 0 1 0 0 0 1 0 0 -1 -1 0 0 0 1 0 0 -0.9975406 0.07009033 0.9999999 0 0 -5.720005E-07 -0.9534827 -0.3014478 1 0 0 0 -0.890806 0.4543838 1 0 0 0.9999999 0 0 -2.473162E-06 -0.7266277 -0.6870313 0 -0.6619695 0.7495308 0.9999999 0 0 -7.61073E-06 -0.3643534 -0.9312608 1 0 0 0 -0.3939192 0.919145 1 0 0 1 0 0 0 0.9997588 0.02196149 0 0.9883541 0.1521722 0 0.9940385 -0.1090301 0 0.9601342 0.2795394 0 0.9714056 -0.2374264 0 0.9152586 0.4028668 1 0 0 1 0 0 0 0.9320765 -0.3622616 0 0.8550503 0.5185451 0 0.8767222 -0.4809971 0 0.7797715 0.6260642 0 0.8065997 -0.591098 0 0.6916225 0.7222592 1 0 0 1 0 0 0 0.7222592 -0.6916225 0 0.591098 0.8065997 0 0.6260642 -0.7797715 0 0.4809971 0.8767222 0 0.5185451 -0.8550503 0 0.3622616 0.9320765 1 0 0 0 0.4028668 -0.9152586 1 0 0 0 0.2374264 0.9714056 0 0.2795394 -0.9601342 0 0.1090301 0.9940385 0 0.1521722 -0.9883541 0 -0.04633886 -0.9989257 1 0 0 1 0 0 0 -0.02196149 0.9997588 1 0 0 0 0.02196149 -0.9997588 0 0.0008684889 0.9999997 0.9999999 0 0 0 -0.1521722 0.9883541 0 -0.1090301 -0.9940385 0 -0.2795394 0.9601342 0 -0.2374264 -0.9714056 1 0 0 0 -0.4028668 0.9152586 0 -0.3622616 -0.9320765 1 0 0 0 -0.5185451 0.8550503 0 -0.4809971 -0.8767222 0 -0.6260642 0.7797715 0 -0.591098 -0.8065997 0 -0.7222592 0.6916225 1 0 0 1 0 0 0 -0.6916225 -0.7222592 0 -0.8065997 0.591098 0 -0.7797715 -0.6260642 0 -0.8767222 0.4809971 0 -0.8550503 -0.5185451 0 -0.9320765 0.3622616 1 0 0 0 -0.9152586 -0.4028668 1 0 0 0 -0.9714056 0.2374264 0 -0.9601342 -0.2795394 0 -0.9940385 0.1090301 0 -0.9883541 -0.1521722 1 0 0 0 -0.9997588 -0.02196149 0 0.4650441 0.8852875 1 0 0 0 0 -1 0 -0.5677329 0.8232128 1 0 0 1 0 0 0 0 1 0 0.5661072 0.8243315 0 -0.6689647 0.7432941 1 0 0 0 0 0.9999999 1 0 0 0 -0.8262273 -0.5633368 1 0 0 0 -0.8909062 0.4541875 0.9999999 0 0 0 -0.9534355 -0.301597 0 -0.9975467 0.0700033 1 0 0 1 0 0 0 0 -1 0 -0.5677329 0.8232128 0 -0.7547989 0.6559562 1 0 0 1 0 0 0 -0.8262273 -0.5633368 0 0 1 0 -0.9433124 0.3319062 1 0 0 1 0 0 0 -0.9073105 -0.420461 0 -0.9975467 -0.0700033 1 0 0 0 0 1 1 0 0 0 -1 0 0 0 1 0 -1 0 1 0 0 1 0 0 0 0 -1 0 1 0 0 0 1 1 0 0 0 1 0 
				</float_array>
				<technique_common>
					<accessor count="632" source="#Part-3816_dot_dat-norm-array" stride="3">
						<param name="X" type="float" /><param name="Y" type="float" /><param name="Z" type="float" />
					</accessor>
				</technique_common>
			</source>
			<vertices id="Part-3816_dot_dat-vert">
				<input semantic="POSITION" source="#Part-3816_dot_dat-pos" />
			</vertices>
			<triangles count="606" material="Base">
				<input semantic="VERTEX" source="#Part-3816_dot_dat-vert" offset="0" />
				<input semantic="NORMAL" source="#Part-3816_dot_dat-norm" offset="0" />
				<p>
					489 487 470 470 472 489 472 470 463 463 464 472 464 463 451 451 453 464 453 451 435 435 437 453 437 435 426 426 428 437 428 426 419 419 420 428 420 419 400 400 402 420 402 400 393 393 394 402 394 393 380 380 383 394 383 380 255 255 256 383 256 255 247 247 249 256 249 247 239 239 240 249 240 239 223 223 225 240 225 223 214 214 216 225 216 214 207 207 209 216 209 207 187 187 188 209 188 187 179 179 180 188 180 179 166 166 168 180 168 166 117 117 119 168 119 117 108 108 110 119 110 108 100 100 102 110 102 100 81 81 83 102 83 81 72 72 74 83 74 72 49 49 52 74 52 49 68 68 71 52 71 68 76 76 79 71 79 76 96 96 98 79 98 96 105 105 107 98 107 105 112 112 115 107 115 112 162 162 164 115 164 162 175 175 176 164 176 175 182 182 184 176 184 182 202 202 205 184 205 202 211 211 212 205 212 211 218 218 221 212 221 218 234 234 237 221 237 234 242 242 245 237 245 242 251 251 252 245 252 251 377 377 379 252 379 377 388 388 391 379 391 388 396 396 398 391 398 396 415 415 417 398 417 415 423 423 424 417 424 423 430 430 433 424 433 430 446 446 448 433 448 446 459 459 461 448 461 459 467 467 469 461 469 467 487 487 489 469 491 488 473 491 473 465 491 465 452 491 452 436 491 436 429 491 429 421 491 421 403 491 403 395 491 395 382 491 382 257 491 257 248 491 248 241 54 241 224 54 224 217 54 217 208 54 208 189 54 189 181 54 181 169 54 169 118 54 118 111 54 111 103 54 103 82 54 82 75 54 75 51 48 51 70 48 70 78 48 78 99 48 99 106 48 106 114 48 114 165 48 165 177 48 177 185 48 185 204 48 204 213 48 213 220 48 220 236 485 236 244 485 244 253 485 253 378 485 378 390 485 390 399 485 399 416 485 416 425 485 425 432 485 432 449 485 449 460 485 460 468 485 468 488 54 64 501 501 241 54 491 241 501 43 48 236 236 479 43 479 236 485 46 481 495 495 58 46 45 42 478 478 482 45 483 480 492 492 494 483 56 55 41 41 44 56 63 55 56 56 66 63 56 61 66 492 499 503 503 494 492 503 497 494 498 502 67 67 59 498 57 493 496 496 60 57 1 62 65 65 3 1 628 500 62 62 1 628 631 504 500 500 628 631 3 65 504 504 631 3 626 621 625 625 630 626 621 616 611 626 619 616 616 621 626 626 615 619 626 610 615 626 606 610 617 603 599 599 612 617 618 604 603 603 617 618 614 601 604 604 618 614 609 595 601 601 614 609 608 590 595 595 609 608 361 586 583 583 358 361 358 583 581 581 356 358 356 581 577 577 353 356 353 577 575 575 350 353 350 575 573 573 348 350 348 573 569 569 343 348 343 569 567 567 340 343 340 567 565 565 338 340 338 565 562 562 334 338 334 562 559 559 332 334 332 559 557 557 330 332 330 557 552 552 324 330 324 552 547 547 321 324 321 547 545 545 318 321 318 545 541 541 312 318 312 541 539 539 309 312 309 539 537 537 304 309 304 537 533 533 300 304 300 533 531 531 295 300 295 531 529 529 292 295 292 529 525 525 289 292 289 525 523 523 285 289 285 523 521 521 282 285 282 521 520 520 279 282 279 520 522 522 284 279 284 522 524 524 287 284 287 524 528 528 290 287 290 528 530 530 294 290 294 530 532 532 296 294 296 532 536 536 303 296 303 536 538 538 306 303 306 538 540 540 310 306 310 540 543 543 314 310 314 543 546 546 319 314 319 546 548 548 323 319 323 548 554 554 327 323 327 554 558 558 331 327 331 558 560 560 333 331 333 560 563 563 337 333 337 563 566 566 339 337 339 566 568 568 341 339 341 568 572 572 344 341 344 572 574 574 349 344 349 574 576 576 351 349 351 576 579 579 354 351 354 579 582 582 357 354 357 582 584 584 359 357 359 584 586 586 361 359 570 591 550 550 561 570 561 550 516 516 551 561 551 516 511 511 542 551 542 511 508 508 534 542 534 508 506 506 526 534 526 506 510 510 519 526 519 510 514 514 527 519 527 514 518 518 535 527 535 518 556 556 544 535 544 556 588 588 553 544 553 588 592 592 564 553 564 592 598 598 571 564 571 598 602 602 580 571 580 602 605 605 585 580 585 605 600 600 578 585 578 600 596 596 570 578 591 570 596 124 126 128 128 147 124 128 129 132 132 147 128 132 133 136 136 147 132 136 137 139 139 147 136 139 142 144 144 147 139 144 146 148 148 147 144 123 262 264 264 125 123 125 264 266 266 127 125 127 266 267 267 130 127 130 267 270 270 131 130 131 270 272 272 134 131 134 272 273 273 135 134 135 273 275 275 138 135 138 275 281 281 140 138 140 281 298 298 141 140 141 298 307 307 143 141 143 307 316 316 145 143 145 316 328 328 149 145 258 262 123 123 121 258 347 153 149 149 328 347 347 171 153 195 171 347 195 347 369 369 232 195 122 124 147 147 151 122 154 151 147 147 148 154 283 263 261 261 278 283 286 265 263 263 283 286 291 268 265 265 286 291 293 269 268 268 291 293 297 271 269 269 293 297 302 274 271 271 297 302 305 276 274 274 302 305 311 280 276 276 305 311 315 299 280 280 311 315 320 308 299 299 315 320 322 317 308 308 320 322 326 329 317 317 322 326 363 326 336 363 336 345 363 345 355 363 355 362 360 362 352 360 352 342 360 342 335 360 335 325 277 325 313 277 313 301 277 301 288 277 288 278 277 278 261 261 260 277 260 364 360 360 325 260 364 368 363 363 362 364 363 346 329 329 326 363 346 363 368 120 152 94 94 39 120 120 39 91 91 159 120 120 193 197 197 227 120 259 120 227 227 371 259 259 371 387 387 440 259 259 440 477 477 445 259 259 445 412 412 365 259 233 230 200 200 194 233 194 200 161 161 170 194 155 170 161 161 150 155 93 95 150 150 161 93 95 93 87 95 87 37 37 40 95 40 37 84 84 90 40 90 84 89 90 89 156 156 158 90 158 156 172 172 191 158 196 190 199 229 226 196 196 199 229 372 370 226 226 229 372 370 372 384 409 386 404 404 407 409 409 407 439 439 441 409 441 439 457 457 476 441 476 457 474 444 476 474 474 454 444 444 454 443 413 444 443 443 410 413 366 413 410 410 375 366 230 366 375 233 367 366 366 230 233 31 507 228 228 198 31 373 228 507 385 373 507 198 192 31 192 173 28 28 31 192 512 405 385 385 507 512 36 505 507 507 31 36 33 509 505 505 36 33 29 513 509 509 33 29 38 86 18 18 23 38 38 23 85 85 23 88 157 88 23 23 28 157 157 28 173 455 475 515 515 549 455 515 475 456 515 456 438 438 406 512 512 515 438 512 406 405 471 486 490 462 471 490 450 462 490 434 450 490 427 434 490 418 427 490 401 418 490 392 401 490 381 392 490 254 381 490 246 254 490 238 246 490 222 238 53 215 222 53 206 215 53 186 206 53 178 186 53 167 178 53 116 167 53 109 116 53 101 109 53 80 101 53 73 80 53 50 73 53 69 50 47 77 69 47 97 77 47 104 97 47 113 104 47 163 113 47 174 163 47 183 174 47 203 183 47 210 203 47 219 210 47 235 219 47 243 235 484 250 243 484 376 250 484 389 376 484 397 389 484 414 397 484 422 414 484 431 422 484 447 431 484 458 447 484 466 458 484 486 466 484 231 374 589 589 235 231 374 411 549 549 589 374 549 411 442 549 442 455 86 92 18 92 160 18 160 201 47 47 18 160 47 201 231 231 235 47 0 53 238 238 627 0 490 627 238 490 486 627 486 484 607 607 627 486 484 235 589 589 607 484 18 47 50 50 0 18 53 0 50 120 159 193 440 387 408 325 277 260 362 360 364 6 2 4 4 9 6 19 2 6 6 14 19 14 20 19 24 19 20 20 27 24 32 27 20 20 35 32 34 35 20 20 30 34 26 30 20 20 22 26 16 22 20 20 14 16 11 624 622 622 7 11 5 629 623 623 10 5 620 613 12 12 8 620 597 593 15 15 12 597 13 594 587 587 17 13 17 587 555 555 21 17 555 517 25 25 21 555 25 517 513 513 29 25 
				</p>
			</triangles>
		</mesh>
	</geometry>
	<geometry id="Part-3817_dot_dat" name="Part-3817_dot_dat">
		<mesh>
			<source id="Part-3817_dot_dat-pos" name="Part-3817_dot_dat-pos">
				<float_array id="Part-3817_dot_dat-pos-array" count="1896">
					1.5 4.1 -9 1.5 4.1 -9 1.5 4.1 -9 1.5 7 -7 1.5 7 -7 1.5 7.7 6 1.5 7.7 6 1.5 7.7 6 1.5 9.2 -3.8 1.5 9.2 -3.8 1.5 9.2 3.8 1.5 9.2 3.8 1.5 10 0 1.5 10 0 1.5 20 6 1.5 20 6 1.5 20 6 1.5 20 11 1.5 20 11 1.5 20 11 1.5 28 -9 1.5 28 -9 1.5 28 -9 1.5 28 11 1.5 28 11 1.5 28 11 2 -9 0 2 -9 0 2 -8.28 -3.42 2 -8.28 -3.42 2 -8.28 3.42 2 -8.28 3.42 2 -6.3 -6.3 2 -6.3 -6.3 2 -6.3 6.3 2 -6.3 6.3 2 -3.42 -8.28 2 -3.42 -8.28 2 -3.42 8.28 2 -3.42 8.28 2 -3 0 2 -3 0 2 -2.9742 -0.3915 2 -2.9742 0.3915 2 -2.8977 -0.7764 2 -2.8977 0.7764 2 -2.7717 -1.1481 2 -2.7717 -1.1481 2 -2.7717 1.1481 2 -2.7717 1.1481 2 -2.598 -1.5 2 -2.598 1.5 2 -2.3802 -1.8264 2 -2.3802 1.8264 2 -2.1213 -2.1213 2 -2.1213 -2.1213 2 -2.1213 2.1213 2 -2.1213 2.1213 2 -1.8264 -2.3802 2 -1.8264 2.3802 2 -1.5 -2.598 2 -1.5 2.598 2 -1.1481 -2.7717 2 -1.1481 -2.7717 2 -1.1481 2.7717 2 -1.1481 2.7717 2 -0.7764 -2.8977 2 -0.7764 2.8977 2 -0.3915 -2.9742 2 -0.3915 2.9742 2 0 -9 2 0 -9 2 0 -3 2 0 -3 2 0 3 2 0 3 2 0 9 2 0 9 2 0.3915 -2.9742 2 0.3915 2.9742 2 0.7764 -2.8977 2 0.7764 2.8977 2 1.1481 -2.7717 2 1.1481 -2.7717 2 1.1481 2.7717 2 1.1481 2.7717 2 1.5 -2.598 2 1.5 2.598 2 1.8264 -2.3802 2 1.8264 2.3802 2 2.1213 -2.1213 2 2.1213 -2.1213 2 2.1213 2.1213 2 2.1213 2.1213 2 2.3802 -1.8264 2 2.3802 1.8264 2 2.598 -1.5 2 2.598 1.5 2 2.7717 -1.1481 2 2.7717 -1.1481 2 2.7717 1.1481 2 2.7717 1.1481 2 2.8977 -0.7764 2 2.8977 0.7764 2 2.9742 -0.3915 2 2.9742 0.3915 2 3 0 2 3 0 2 3.42 8.28 2 3.42 8.28 2 4.1 -9 2 4.1 -9 2 4.1 -9 2 6.74 6 2 6.74 6 2 6.74 6 2 7 -7 2 7 -7 2 7.7 6 2 7.7 6 2 7.7 6 2 9.2 -3.8 2 9.2 -3.8 2 9.2 3.8 2 9.2 3.8 2 10 0 2 10 0 4 -2 -8.578899 4 -2 -8.5789 4 -2 -5 4 -2 -5 4 8 -5 4 8 -5 4 8 -5 4 8 3 4 8 3 4 8 3 4 12 -9 4 12 -5 4 18 -9 4 18 -9 4 18 -5 4 18 -5 4 24 -9 4 24 -5 4 24 -5 4 24 3 4 24 3 4 24 3 4 24 7 4 24 7 4 24 7 4 28 -5 4 28 -5 4 28 -5 4 28 7 4 28 7 4 28 7 4.0516 17.217 -9 4.0516 17.217 -9 4.0516 17.217 -5 4.0516 17.217 -5 4.0516 18.783 -9 4.0516 18.783 -9 4.0516 18.783 -5 4.0516 18.783 -5 4.2046 16.4472 -9 4.2046 16.4472 -9 4.2046 16.4472 -5 4.2046 16.4472 -5 4.2046 19.5528 -9 4.2046 19.5528 -9 4.2046 19.5528 -5 4.2046 19.5528 -5 4.2824 -3.42 -8.28 4.2824 -3.42 -8.28 4.3977 0 -9 4.3977 0 -9 4.4566 -4.2962 -7.6776 4.4566 -4.2962 -7.6776 4.4566 -4.2962 -5 4.4566 -4.2962 -5 4.4566 0.2962 -9 4.4566 0.2962 -9 4.4566 0.2962 -5 4.4566 0.2962 -5 4.4566 15.7038 -9 4.4566 15.7038 -9 4.4566 15.7038 -5 4.4566 15.7038 -5 4.4566 20.2962 -9 4.4566 20.2962 -9 4.4566 20.2962 -5 4.4566 20.2962 -5 4.804 15 -9 4.804 15 -9 4.804 15 -5 4.804 15 -5 4.804 21 -9 4.804 21 -9 4.804 21 -5 4.804 21 -5 5.2396 14.3472 -9 5.2396 14.3472 -9 5.2396 14.3472 -5 5.2396 14.3472 -5 5.2396 21.6528 -9 5.2396 21.6528 -9 5.2396 21.6528 -5 5.2396 21.6528 -5 5.7574 -6.2426 -6.3395 5.7574 -6.2426 -6.3395 5.7574 -6.2426 -5 5.7574 -6.2426 -5 5.7574 2.2426 -9 5.7574 2.2426 -9 5.7574 2.2426 -5 5.7574 2.2426 -5 5.7574 13.7574 -9 5.7574 13.7574 -9 5.7574 13.7574 -5 5.7574 13.7574 -5 5.7574 22.2426 -9 5.7574 22.2426 -9 5.7574 22.2426 -5 5.7574 22.2426 -5 5.8433 -6.3 -6.3 5.8433 -6.3 -6.3 6.3472 13.2396 -9 6.3472 13.2396 -9 6.3472 13.2396 -5 6.3472 13.2396 -5 6.3472 22.7604 -9 6.3472 22.7604 -9 6.3472 22.7604 -5 6.3472 22.7604 -5 7 12.804 -9 7 12.804 -9 7 12.804 -5 7 12.804 -5 7 23.196 -9 7 23.196 -9 7 23.196 -5 7 23.196 -5 7.1806 -7.1937 -5 7.1806 -7.1937 -5 7.1806 -7.1937 -5 7.1806 -7.1937 -5 7.7038 -7.5434 -5 7.7038 -7.5434 -5 7.7038 -7.5434 -4.4914 7.7038 -7.5434 -4.4914 7.7038 3.5434 -9 7.7038 3.5434 -9 7.7038 12.4566 -9 7.7038 12.4566 -9 7.7038 12.4566 -5 7.7038 12.4566 -5 7.7038 23.5434 -9 7.7038 23.5434 -9 7.7038 23.5434 -5 7.7038 23.5434 -5 7.72 -6 -5 7.72 -6 -5 7.72 -6 -5 7.72 -6 0 7.72 -6 0 7.72 -5.9484 0.783 7.72 -5.9484 0.783 7.72 -5.7954 1.5528 7.72 -5.7954 1.5528 7.72 -5.5434 2.2962 7.72 -5.5434 2.2962 7.72 -5.196 3 7.72 -5.196 3 7.72 -4.7604 3.6528 7.72 -4.7604 3.6528 7.72 -4.2426 4.2426 7.72 -4.2426 4.2426 7.72 -3.6528 4.7604 7.72 -3.6528 4.7604 7.72 -3 -3 7.72 -3 0 7.72 -3 0 7.72 -3 5.196 7.72 -3 5.196 7.72 -2.9742 -0.3915 7.72 -2.9742 0.3915 7.72 -2.9742 0.3915 7.72 -2.8977 -0.7764 7.72 -2.8977 0.7764 7.72 -2.8977 0.7764 7.72 -2.7717 -1.1481 7.72 -2.7717 -1.1481 7.72 -2.7717 1.1481 7.72 -2.7717 1.1481 7.72 -2.598 -1.5 7.72 -2.598 1.5 7.72 -2.598 1.5 7.72 -2.3802 -1.8264 7.72 -2.3802 1.8264 7.72 -2.3802 1.8264 7.72 -2.2962 5.5434 7.72 -2.2962 5.5434 7.72 -2.1213 -2.1213 7.72 -2.1213 -2.1213 7.72 -2.1213 2.1213 7.72 -2.1213 2.1213 7.72 -1.8264 -2.3802 7.72 -1.8264 2.3802 7.72 -1.8264 2.3802 7.72 -1.5528 5.7954 7.72 -1.5528 5.7954 7.72 -1.5 -2.598 7.72 -1.5 2.598 7.72 -1.5 2.598 7.72 -1.1481 -2.7717 7.72 -1.1481 -2.7717 7.72 -1.1481 2.7717 7.72 -1.1481 2.7717 7.72 -0.783 5.9484 7.72 -0.783 5.9484 7.72 -0.7764 -2.8977 7.72 -0.7764 2.8977 7.72 -0.7764 2.8977 7.72 -0.3915 -2.9742 7.72 -0.3915 2.9742 7.72 -0.3915 2.9742 7.72 0 -3 7.72 0 -3 7.72 0 3 7.72 0 3 7.72 0 6 7.72 0 6 7.72 0.3915 -2.9742 7.72 0.3915 2.9742 7.72 0.7764 -2.8977 7.72 0.7764 2.8977 7.72 1.1481 -2.7717 7.72 1.1481 -2.7717 7.72 1.1481 2.7717 7.72 1.1481 2.7717 7.72 1.5 -2.598 7.72 1.5 2.598 7.72 1.8264 -2.3802 7.72 1.8264 2.3802 7.72 2.1213 -2.1213 7.72 2.1213 -2.1213 7.72 2.1213 2.1213 7.72 2.1213 2.1213 7.72 2.3 5.54 7.72 2.3 5.54 7.72 2.3802 -1.8264 7.72 2.3802 1.8264 7.72 2.598 -1.5 7.72 2.598 1.5 7.72 2.7717 -1.1481 7.72 2.7717 -1.1481 7.72 2.7717 1.1481 7.72 2.7717 1.1481 7.72 2.8977 -0.7764 7.72 2.8977 0.7764 7.72 2.9742 -0.3915 7.72 2.9742 0.3915 7.72 3 -3 7.72 3 0 7.72 3 0 7.72 3 3 7.72 3.55 -5 7.72 3.55 -5 7.72 3.55 -5 7.72 3.55 4.71 7.72 3.55 4.71 7.72 3.55 4.71 8.4472 12.2046 -9 8.4472 12.2046 -9 8.4472 12.2046 -5 8.4472 12.2046 -5 8.4472 23.7954 -9 8.4472 23.7954 -9 8.4472 23.7954 -5 8.4472 23.7954 -5 9.217 12.0516 -9 9.217 12.0516 -9 9.217 12.0516 -5 9.217 12.0516 -5 9.217 23.9484 -9 9.217 23.9484 -9 9.217 23.9484 -5 9.217 23.9484 -5 10 -8 -5 10 -8 -5 10 -8 -3.8273 10 -8 -3.8273 10 4 -9 10 4 -9 10 4 4.4 10 4 4.4 10 12 -9 10 12 -9 10 12 -5 10 12 -5 10 24 -9 10 24 -9 10 24 -5 10 24 -5 10.783 12.0516 -9 10.783 12.0516 -9 10.783 12.0516 -5 10.783 12.0516 -5 10.783 23.9484 -9 10.783 23.9484 -9 10.783 23.9484 -5 10.783 23.9484 -5 11.5528 12.2046 -9 11.5528 12.2046 -9 11.5528 12.2046 -5 11.5528 12.2046 -5 11.5528 23.7954 -9 11.5528 23.7954 -9 11.5528 23.7954 -5 11.5528 23.7954 -5 12.2962 -7.5434 -5 12.2962 -7.5434 -5 12.2962 -7.5434 -4.4914 12.2962 -7.5434 -4.4914 12.2962 3.5434 -9 12.2962 3.5434 -9 12.2962 12.4566 -9 12.2962 12.4566 -9 12.2962 12.4566 -5 12.2962 12.4566 -5 12.2962 23.5434 -9 12.2962 23.5434 -9 12.2962 23.5434 -5 12.2962 23.5434 -5 12.3 3.54 4.71 12.3 3.54 4.71 12.8194 -7.1937 -5 12.8194 -7.1937 -5 12.8194 -7.1937 -5 12.8194 -7.1937 -5 13 12.804 -9 13 12.804 -9 13 12.804 -5 13 12.804 -5 13 23.196 -9 13 23.196 -9 13 23.196 -5 13 23.196 -5 13.6528 13.2396 -9 13.6528 13.2396 -9 13.6528 13.2396 -5 13.6528 13.2396 -5 13.6528 22.7604 -9 13.6528 22.7604 -9 13.6528 22.7604 -5 13.6528 22.7604 -5 14.1567 -6.3 -6.3 14.1567 -6.3 -6.3 14.24 2.24 5.55 14.24 2.24 5.55 14.2426 -6.2426 -6.3395 14.2426 -6.2426 -6.3395 14.2426 -6.2426 -5 14.2426 -6.2426 -5 14.2426 2.2426 -9 14.2426 2.2426 -9 14.2426 13.7574 -9 14.2426 13.7574 -9 14.2426 13.7574 -5 14.2426 13.7574 -5 14.2426 22.2426 -9 14.2426 22.2426 -9 14.2426 22.2426 -5 14.2426 22.2426 -5 14.34 -6 -5 14.34 -6 -5 14.34 -6 -5 14.34 -6 0 14.34 -6 0 14.34 -5.9484 0.783 14.34 -5.9484 0.783 14.34 -5.7954 1.5528 14.34 -5.7954 1.5528 14.34 -5.5434 2.2962 14.34 -5.5434 2.2962 14.34 -5.196 3 14.34 -5.196 3 14.34 -4.7604 3.6528 14.34 -4.7604 3.6528 14.34 -4.2426 4.2426 14.34 -4.2426 4.2426 14.34 -3.6528 4.7604 14.34 -3.6528 4.7604 14.34 -3 5.196 14.34 -3 5.196 14.34 -2.2962 5.5434 14.34 -2.2962 5.5434 14.34 -1.5528 5.7954 14.34 -1.5528 5.7954 14.34 -0.783 5.9484 14.34 -0.783 5.9484 14.34 0 0 14.34 0 6 14.34 0 6 14.34 2.1 -5 14.34 2.1 -5 14.34 2.1 -5 14.34 2.1 5.58 14.34 2.1 5.58 14.34 2.1 5.58 14.7604 14.3472 -9 14.7604 14.3472 -9 14.7604 14.3472 -5 14.7604 14.3472 -5 14.7604 21.6528 -9 14.7604 21.6528 -9 14.7604 21.6528 -5 14.7604 21.6528 -5 15.196 15 -9 15.196 15 -9 15.196 15 -5 15.196 15 -5 15.196 21 -9 15.196 21 -9 15.196 21 -5 15.196 21 -5 15.5434 -4.2962 -7.6776 15.5434 -4.2962 -7.6776 15.5434 -4.2962 -5 15.5434 -4.2962 -5 15.5434 0.2962 -9 15.5434 0.2962 -9 15.5434 0.2962 -5 15.5434 0.2962 -5 15.5434 15.7038 -9 15.5434 15.7038 -9 15.5434 15.7038 -5 15.5434 15.7038 -5 15.5434 20.2962 -9 15.5434 20.2962 -9 15.5434 20.2962 -5 15.5434 20.2962 -5 15.6023 0 -9 15.6023 0 -9 15.7176 -3.42 -8.28 15.7176 -3.42 -8.28 15.7954 16.4472 -9 15.7954 16.4472 -9 15.7954 16.4472 -5 15.7954 16.4472 -5 15.7954 19.5528 -9 15.7954 19.5528 -9 15.7954 19.5528 -5 15.7954 19.5528 -5 15.9484 17.217 -9 15.9484 17.217 -9 15.9484 17.217 -5 15.9484 17.217 -5 15.9484 18.783 -9 15.9484 18.783 -9 15.9484 18.783 -5 15.9484 18.783 -5 16 -2 -8.5789 16 -2 -8.5789 16 -2 -5 16 -2 -5 16 8 -5 16 8 -5 16 8 -5 16 8 3 16 8 3 16 8 3 16 12 -9 16 12 -5 16 18 -9 16 18 -9 16 18 -5 16 18 -5 16 24 -9 16 24 -5 16 24 -5 16 24 3 16 24 3 16 24 3 16 24 7 16 24 7 16 24 7 16 28 -5 16 28 -5 16 28 -5 16 28 7 16 28 7 16 28 7 18 -9 0 18 -9 0 18.03 -8.28 -3.42 18.03 -8.28 -3.42 18.03 -8.28 3.42 18.03 -8.28 3.42 18.11 -6.3 -6.3 18.11 -6.3 -6.3 18.11 -6.3 6.3 18.11 -6.3 6.3 18.23 -3.42 -8.28 18.23 -3.42 -8.28 18.23 -3.42 8.28 18.23 -3.42 8.28 18.36 0 -9 18.36 0 -9 18.36 0 0 18.36 0 9 18.36 0 9 18.5 3.42 8.28 18.5 3.42 8.28 18.64 6.74 6 18.64 6.74 6 18.64 6.74 6 18.68 7.7 6 19.18 20 6 19.18 20 6 19.18 20 6 19.18 20 11 19.18 20 11 19.18 20 11 19.5 28 -9 19.5 28 -9 19.5 28 -9 19.5 28 11 19.5 28 11 19.5 28 11 
				</float_array>
				<technique_common>
					<accessor count="632" source="#Part-3817_dot_dat-pos-array" stride="3">
						<param name="X" type="float" /><param name="Y" type="float" /><param name="Z" type="float" />
					</accessor>
				</technique_common>
			</source>
			<source id="Part-3817_dot_dat-norm" name="Part-3817_dot_dat-norm">
				<float_array id="Part-3817_dot_dat-norm-array" count="1896">
					0 0 -1 0 -0.5677329 0.8232128 -1 0 0 -1 0 0 0 -0.7547989 0.6559562 -1 0 0 0 0 1 0 -0.8262273 -0.5633368 0 -0.9433124 0.3319062 -1 0 0 -1 0 0 0 -0.9073105 -0.420461 0 -0.9975467 -0.0700033 -1 0 0 0 -1 0 -1 0 0 0 0 0.9999999 0 0 1 0 -1 0 -1 0 0 0 1 0 -1 0 0 0 0 -1 -1 0 0 0 0 1 0 1 0 0 -0.9975406 0.07009033 -0.9999999 0 0 5.749795E-07 -0.9534827 -0.3014478 -1 0 0 0 -0.890806 0.4543838 -1 0 0 -0.9999999 0 0 2.482181E-06 -0.7266278 -0.6870313 0 -0.7071068 0.7071068 -0.9999999 0 0 -1 0 0 7.61073E-06 -0.3643534 -0.9312608 -1 0 0 0 -0.3932114 0.9194481 -1 0 0 0 0.9997588 0.02196149 0 0.9883541 0.1521722 0 0.9940385 -0.1090301 0 0.9601342 0.2795394 0 0.9714056 -0.2374264 -1 0 0 0 0.9152586 0.4028668 -1 0 0 0 0.9320765 -0.3622616 0 0.8550503 0.5185451 0 0.8767222 -0.4809971 0 0.7797715 0.6260642 0 0.8065997 -0.591098 0 0.6916225 0.7222592 -1 0 0 0 0.7222592 -0.6916225 -1 0 0 0 0.591098 0.8065997 0 0.6260642 -0.7797715 0 0.4809971 0.8767222 0 0.5185451 -0.8550503 -1 0 0 0 0.3622616 0.9320765 -1 0 0 0 0.4028668 -0.9152586 0 0.2374264 0.9714056 0 0.2795394 -0.9601342 0 0.1090301 0.9940385 0 0.1521722 -0.9883541 0 -0.04633886 -0.9989257 -0.9999999 0 0 -1 0 0 0 -0.02196149 0.9997588 0 0.02196149 -0.9997588 -1 0 0 0 0 1 -0.9999999 0 0 0 -0.1521722 0.9883541 0 -0.1090301 -0.9940385 0 -0.2795394 0.9601342 0 -0.2374264 -0.9714056 -1 0 0 0 -0.4028668 0.9152586 0 -0.3622616 -0.9320765 -1 0 0 0 -0.5185451 0.8550503 0 -0.4809971 -0.8767222 0 -0.6260642 0.7797715 0 -0.591098 -0.8065997 0 -0.7222592 0.6916225 -1 0 0 -1 0 0 0 -0.6916225 -0.7222592 0 -0.8065997 0.591098 0 -0.7797715 -0.6260642 0 -0.8767222 0.4809971 0 -0.8550503 -0.5185451 -1 0 0 0 -0.9320765 0.3622616 -1 0 0 0 -0.9152586 -0.4028668 0 -0.9714056 0.2374264 0 -0.9601342 -0.2795394 0 -0.9940385 0.1090301 0 -0.9883541 -0.1521722 -1 0 0 0 -0.9997588 -0.02196149 -1 0 0 0 0.3441891 0.9389003 -1 0 0 0 0 -1 0 -0.5677329 0.8232128 0 0 0.9999999 0 0.5661072 0.8243316 -1 0 0 -1 0 0 0 -0.6689647 0.7432941 -1 0 0 0 0 1 0 -0.8262273 -0.5633368 0 -0.8909062 0.4541875 -1 0 0 0 -0.9534355 -0.301597 -1 0 0 -1 0 0 0 -0.9975467 0.0700033 0.9945834 -0.103942 -9.407771E-08 2.348325E-05 -0.2060113 -0.9785496 0.9991206 0.04192862 3.541297E-06 0 0 -1 0 0 1 0 1 0 1 0 0 1 0 0 0 1 0 0 0 -1 0 0 -1 0 0 1 0 0 -1 0.9997588 0.02196146 0 0 0 1 0.9997588 -0.02196146 0 0 0 -1 0 0 1 1 0 0 0 0 -1 0 1 0 1 0 0 1 0 0 0 1 0 0 0 -1 0 0 1 1 0 0 0 1 0 0 1 0 1 0 0 0 0 -1 0.9883539 0.1521723 0 0 0 -1 0 0 1 0.9940384 0.1090301 0 0.9940384 -0.1090301 0 0 0 -1 0 0 1 0.9883539 -0.1521723 0 0.9601343 0.2795395 0 0 0 -1 0.9714055 0.2374266 0 0 0 1 0.9714055 -0.2374266 0 0 0 -1 0 0 1 0.9601343 -0.2795395 0 0 -0.3653791 -0.9308589 0.9807966 0.1950337 4.840835E-06 1.272951E-05 -0.1946301 -0.9808767 0.9807969 -0.1950318 -2.135061E-07 0.8725249 0.4885696 0 -2.052638E-06 -0.566525 -0.8240445 0.94059 0.3395444 4.602505E-06 0 0 -1 0 0 -1 0.8441383 -0.5361255 0 0.9458337 -0.3246515 -7.572343E-08 0 0 -1 0.9152586 0.4028667 0 0 0 -1 0 0 1 0.9320765 0.3622614 0 0 0 -1 0.9320765 -0.3622614 0 0.9152586 -0.4028667 0 0 0 1 0.8550503 0.5185452 0 0 0 -1 0 0 1 0.8767222 0.4809971 0 0.8767222 -0.4809971 0 0 0 -1 0 0 1 0.8550503 -0.5185452 0 0.7797715 0.6260643 0 0 0 -1 0.8065996 0.5910982 0 0 0 1 0.8065996 -0.5910982 0 0 0 -1 0.7797715 -0.6260643 0 0 0 1 0.8222972 0.5690583 0 -8.288678E-06 -0.5665293 -0.8240416 0.7856757 0.6186385 6.288209E-07 0 0 -1 0.6581792 -0.7528613 -0.0002971964 0 0 -1 0 0 -1 0.7515713 -0.6596518 0 0 0 -0.9999999 0.6916227 0.722259 0 0 0 0.9999999 0.7222592 0.6916224 0 0.7222594 -0.6916221 0 0 0 -1 0 0 1 0.6916231 -0.7222585 0 0 -0.8153672 -0.5789441 0.555628 0.831431 3.092242E-06 0 0 -1 0.5910982 0.8065996 0 0 0 1 0.6260644 0.7797713 0 0 0 -1 0.6260644 -0.7797713 0 0.5910974 -0.8066001 0 0 0 1 0.4809971 0.8767223 0 0 0 -1 0 0 1 0.518545 0.8550503 0 0 0 -1 0.5185442 -0.8550509 0 0.4809971 -0.8767223 0 0 0 1 0 0 -1 0.55563 0.8314297 3.284545E-06 3.876319E-06 -0.8240414 -0.5665295 -0.5556898 -0.8313897 5.209859E-07 0 0 -1 -0.2749598 -0.9614556 2.577881E-07 -5.000322E-06 -0.824025 -0.5665535 -0.2233396 -0.9747407 9.081403E-08 0.3826941 -0.9238751 -2.550491E-05 0 0 -1 0.3622613 0.9320766 0 0 0 -1 0.4028667 0.9152586 0 0 0 1 0.4028677 -0.9152582 0 0 0 -1 0 0 1 0.3622624 -0.9320761 0 1 0 0 0 0 -1 0 1 0 0 0.9999602 -0.008922346 1 0 0 1 0 0 0 0.9940385 -0.1090301 0 0.9714055 -0.2374264 1 0 0 0 0.9320765 -0.3622616 1 0 0 1 0 0 0 0.8767222 -0.4809971 0 0.8065997 -0.5910981 1 0 0 0 0.7222592 -0.6916225 0.9999999 0 0 0 0.6260641 -0.7797716 1 0 0 1 0 0 1 0 0 0 0.9997588 -0.02196149 1 0 0 0 0.518545 -0.8550503 0 0.9940385 0.1090301 0 0.9883541 -0.1521722 0.9999999 0 0 0 0.9714056 0.2374264 0 0.9601342 -0.2795394 1 0 0 1 0 0 0 0.9320766 0.3622616 0 0.9152586 -0.4028668 1 0 0 0 0.8767222 0.4809971 1 0 0 0 0.8550503 -0.5185451 0 0.8065997 0.591098 0 0.7797716 -0.6260642 1 0 0 1 0 0 0 0.4028669 -0.9152586 0 0.7222592 0.6916225 1 0 0 0 0.6916225 -0.7222592 1 0 0 0 0.6260642 0.7797716 0 0.591098 -0.8065997 1 0 0 1 0 0 0 0.2795394 -0.9601342 0 0.5185451 0.8550503 0 0.4809971 -0.8767222 1 0 0 0 0.4028668 0.9152586 1 0 0 1 0 0 0 0.3622616 -0.9320766 1 0 0 0 0.1521722 -0.988354 0 0.2795394 0.9601342 1 0 0 0 0.2374264 -0.9714056 0 0.1521722 0.9883541 1 0 0 0 0.1090301 -0.9940385 0 0.02196149 0.9997588 1 0 0 1 0 0 0 -0.02196149 -0.9997588 0 -0.09190123 -0.9957681 1 0 0 0 -0.1090301 0.9940385 0 -0.1521722 -0.9883541 0 -0.2374264 0.9714056 0 -0.2795394 -0.9601342 0 -0.3622616 0.9320766 1 0 0 1 0 0 0 -0.4028668 -0.9152586 0 -0.4809971 0.8767222 0 -0.5185451 -0.8550503 0 -0.591098 0.8065997 0 -0.6260642 -0.7797716 0 -0.6916225 0.7222592 1 0 0 0 -0.7222592 -0.6916225 1 0 0 -0.0009873685 -0.3272424 -0.9449399 1 0 0 0 -0.7797716 0.6260642 0 -0.8065997 -0.591098 0 -0.8550503 0.5185451 0 -0.8767222 -0.4809971 1 0 0 0 -0.9152586 0.4028668 1 0 0 0 -0.9320766 -0.3622616 0 -0.9601342 0.2795394 0 -0.9714056 -0.2374264 0 -0.9883541 0.1521722 0 -0.9940385 -0.1090301 0.9999999 0 0 0 -0.9997588 0.02196149 1 0 0 1 0 0 0.2805837 -0.9598296 -5.801363E-06 0 0 -1 1 0 0 0.193633 -0.981074 0 0.9999999 0 0 -0.0012136 -0.5558293 -0.8312956 0 0 -1 0.2374269 0.9714054 0 0.2795395 0.9601343 0 0 0 1 0.2795399 -0.9601341 0 0 0 -1 0.2374266 -0.9714056 0 0 0 1 0 0 -1 0.1090301 0.9940384 0 0 0 1 0.1521728 0.9883539 0 0.152172 -0.988354 0 0 0 -1 0 0 1 0.1090297 -0.9940384 0 -0.03541412 -0.9993728 3.320244E-08 0 0 -1 0.03541413 -0.9993728 0 6.756895E-09 -0.8240396 -0.5665322 0 0 -1 0.02464239 -0.9996963 0.0001099986 -0.001229416 -0.5630729 -0.8264063 -0.01760276 -0.999845 -5.279581E-05 0 0 -1 -0.02196128 0.9997588 0 0.02196128 0.9997588 0 0 0 1 0 0 -1 0.02196128 -0.9997588 0 -0.02196128 -0.9997588 0 0 0 1 -0.1521728 0.9883539 0 0 0 -1 -0.1090301 0.9940384 0 0 0 1 -0.1090297 -0.9940384 0 0 0 -1 -0.152172 -0.988354 0 0 0 1 -0.2795395 0.9601343 0 0 0 -1 0 0 1 -0.2374269 0.9714054 0 -0.2374266 -0.9714056 0 0 0 -1 -0.2795399 -0.9601341 0 0 0 1 0.2233396 -0.9747407 0 0 0 -1 0.2749599 -0.9614556 0 4.99739E-06 -0.8240249 -0.5665535 -0.3219285 -0.9467641 -8.241758E-05 0 0 -1 -0.4028667 0.9152586 0 0 0 -1 -0.3622613 0.9320766 0 0 0 1 0 0 -1 -0.3622624 -0.9320761 0 0 0 1 -0.4028677 -0.9152582 0 -0.002518516 -0.5511084 -0.8344299 -0.4457986 -0.8951334 -0.0001674495 -0.5556299 0.8314299 3.47539E-06 0 0 -1 0.5556898 -0.8313897 0 -3.878834E-06 -0.8240416 -0.5665294 0 0 -1 -0.5185452 0.8550503 0 0 0 1 -0.4809971 0.8767222 0 0 0 -1 -0.4809971 -0.8767222 0 -0.5185443 -0.8550508 0 0 0 1 0 0 -1 -0.6260645 0.7797713 0 -0.5910984 0.8065995 0 0 0 1 -0.5910976 -0.8066 0 0 0 -0.9999999 0 0 0.9999999 -0.6260645 -0.7797713 0 -1.539405E-07 -0.8153671 -0.5789442 -0.5556277 0.8314312 3.271912E-06 -0.003482563 -0.5207222 -0.8537191 -0.5766124 -0.8170179 -0.0002490576 -0.82832 0.5602552 0 2.056071E-06 -0.5665289 -0.8240418 -0.7265568 0.6871064 1.433221E-06 0 0 -1 0 0 -1 -0.6090881 -0.7931026 -8.410168E-05 0 0 -1 -0.722259 0.6916226 0 -0.6916226 0.722259 0 0 0 1 0 0 -1 -0.691623 -0.7222587 0 0 0 0.9999999 -0.7222593 -0.6916224 0 -0.9999999 0 0 0 1 0 0 0 -1 0 0.9999602 -0.008922346 -1 0 0 -0.9999999 0 0 0 0.988354 -0.1521722 0 0.9601343 -0.2795394 -1 0 0 0 0.9152586 -0.4028669 -1 0 0 0 0.8550503 -0.518545 -1 0 0 -1 0 0 0 0.7797716 -0.6260642 0 0.6916225 -0.7222592 -1 0 0 -1 0 0 0 0.5910981 -0.8065997 0 0.4809972 -0.8767222 -1 0 0 0 0.3622616 -0.9320765 -1 0 0 0 0.2374264 -0.9714056 -1 0 0 -1 0 0 0 0.1090301 -0.9940385 -1 0 0 -3.430784E-09 -0.157827 -0.9874667 -1 0 0 -1 0 0 0 0 -1 -0.8310977 -0.5561264 0.0002056279 -0.8188379 -0.5740249 -0.0001441291 -2.64927E-05 -0.196959 -0.9804117 -1 0 0 0 0 -1 -0.8065995 0.5910984 0 -0.7797713 0.6260645 0 0 0 1 -0.7797713 -0.6260645 0 0 0 -1 -0.8065995 -0.5910984 0 0 0 1 0 0 -1 -0.8767222 0.4809971 0 -0.8550503 0.5185452 0 0 0 1 0 0 -1 -0.8550503 -0.5185452 0 0 0 1 -0.8767222 -0.4809971 0 -8.950908E-06 -0.5665181 -0.8240492 -0.8862835 0.4631431 0 -0.9264609 0.3763911 3.917742E-06 0 0 -1 0 0 -1 -0.8447832 -0.5351086 0.0002131967 0 0 -1 -0.9480908 -0.3179996 -3.540107E-08 0 0 -1 -0.9320767 0.3622611 0 0 0 1 -0.9152587 0.4028665 0 -0.9152587 -0.4028665 0 0 0 -1 -0.9320767 -0.3622611 0 0 0 1 0 -0.1803816 -0.9835967 -0.9807969 -0.1950318 -9.733368E-08 -0.9807966 0.1950337 4.906291E-06 -3.760086E-08 -0.3653791 -0.9308588 0 0 -1 -0.9714054 0.2374272 0 0 0 1 -0.9601343 0.2795395 0 -0.9601343 -0.2795395 0 0 0 -1 -0.9714054 -0.2374272 0 0 0 1 -0.9940384 0.1090301 0 0 0 -1 0 0 1 -0.9883538 0.1521729 0 0 0 -1 -0.9883538 -0.1521729 0 -0.9940384 -0.1090301 0 0 0 1 -0.9945833 -0.103942 -4.288836E-08 -9.29222E-06 -0.2060108 -0.9785496 -0.9991207 0.04192869 3.589181E-06 0 0 -0.9999999 -1 0 0 0 0 1 0 1 0 -1 0 0 0 0 -1 0 1 0 0 0 -1 0 0 1 -0.9997588 -0.02196126 0 0 0 -1 0 0 1 -0.9997588 0.02196126 0 0 0 -0.9999999 0 0 1 -1 0 0 0 0 -1 -1 0 0 0 1 0 0 0 -1 0 1 0 -1 0 0 0 1 0 0 0 1 -1 0 0 0 0 -1 -1 0 0 0 1 0 0.9992009 -0.03996811 -7.255971E-10 1.042473E-09 -0.9975406 -0.07009032 0.9992013 -0.03995636 0.000322314 -9.217241E-07 -0.933459 -0.3586841 0 -0.9432849 0.3319844 0.9992014 -0.03995636 -0.0003223137 -1.022735E-06 -0.7429342 -0.6693646 0.999184 -0.0403843 0.0007341467 0 -0.7067005 0.7075129 0.999184 -0.0403843 -0.0007341458 -3.786594E-06 -0.4465951 -0.8947361 0.9992233 -0.03940067 0.0005857735 0 -0.3939192 0.919145 0.9992232 -0.03940067 -0.0005857735 -9.768239E-07 -0.01709342 -0.9998538 0.9991739 -0.04063707 -0.0003279969 0.9991882 -0.04028425 3.757166E-05 0 0.0008684804 0.9999996 0.9992218 -0.03944303 0 0.9991422 -0.04141297 0.0002117237 0 0.4650441 0.8852875 0.9991592 -0.04099827 -0.0002005396 0 0 1 0 0.5661072 0.8243315 0 0 1 0.9991791 -0.0405089 -0.0002845165 0 0 1 0 -1 0 0 0 1 0.999201 -0.039968 0 0 -1 0 0 1 0 0 0 -1 0.9991801 -0.040484 -0.0002756422 0 1 0 0.9992009 -0.039968 0 0 0 1 
				</float_array>
				<technique_common>
					<accessor count="632" source="#Part-3817_dot_dat-norm-array" stride="3">
						<param name="X" type="float" /><param name="Y" type="float" /><param name="Z" type="float" />
					</accessor>
				</technique_common>
			</source>
			<vertices id="Part-3817_dot_dat-vert">
				<input semantic="POSITION" source="#Part-3817_dot_dat-pos" />
			</vertices>
			<triangles count="606" material="Base">
				<input semantic="VERTEX" source="#Part-3817_dot_dat-vert" offset="0" />
				<input semantic="NORMAL" source="#Part-3817_dot_dat-norm" offset="0" />
				<p>
					162 140 142 142 165 162 170 162 165 165 173 170 191 170 173 173 192 191 198 191 192 192 201 198 206 198 201 201 208 206 222 206 208 208 225 222 233 222 225 225 234 233 241 233 234 234 242 241 258 241 242 242 261 258 378 258 261 261 380 378 386 378 380 380 389 386 403 386 389 389 404 403 410 403 404 404 412 410 418 410 412 412 420 418 433 418 420 420 435 433 447 433 435 435 448 447 454 447 448 448 457 454 473 454 457 457 475 473 516 473 475 475 518 516 525 516 518 518 527 525 540 525 527 527 542 540 552 540 542 542 554 552 561 552 554 554 562 561 576 561 562 562 579 576 556 576 579 579 559 556 549 556 559 559 551 549 537 549 551 551 539 537 521 537 539 539 522 521 513 521 522 522 514 513 469 513 514 514 470 469 451 469 470 470 452 451 443 451 452 452 445 443 428 443 445 445 430 428 414 428 430 430 417 414 406 414 417 417 408 406 399 406 408 408 400 399 383 399 400 400 385 383 375 383 385 385 376 375 254 375 376 376 256 254 236 254 256 256 239 236 229 236 239 239 231 229 219 229 231 231 221 219 202 219 221 221 204 202 194 202 204 204 197 194 186 194 197 197 189 186 166 186 189 189 168 166 158 166 168 168 161 158 140 158 161 161 142 140 164 141 144 172 164 144 193 172 144 200 193 144 209 200 144 224 209 144 235 224 144 243 235 144 260 243 144 381 260 144 388 381 144 405 388 144 413 405 581 421 413 581 434 421 581 449 434 581 456 449 581 474 456 581 519 474 581 526 519 581 543 526 581 555 543 581 563 555 581 578 563 581 558 578 575 550 558 575 538 550 575 523 538 575 515 523 575 471 515 575 453 471 575 444 453 575 431 444 575 416 431 575 409 416 575 401 409 575 384 401 138 377 384 138 257 377 138 238 257 138 230 238 138 220 230 138 205 220 138 196 205 138 188 196 138 169 188 138 160 169 138 141 160 138 152 590 581 581 405 152 152 405 144 401 575 569 569 131 401 138 401 131 146 136 572 572 583 146 132 570 573 573 135 132 145 133 134 134 148 145 568 582 584 584 571 568 584 582 591 591 593 584 593 588 584 156 153 145 145 148 156 148 149 156 592 157 151 151 586 592 150 147 585 585 587 150 594 589 626 626 629 594 589 154 20 20 626 589 154 155 25 25 20 154 155 594 629 629 25 155 19 15 21 21 23 19 5 10 15 10 13 21 21 15 10 13 9 21 9 3 21 3 2 21 120 123 11 11 7 120 123 126 12 12 11 123 126 121 8 8 12 126 121 117 4 4 8 121 117 112 1 1 4 117 104 107 365 365 362 104 102 104 362 362 360 102 99 102 360 360 357 99 96 99 357 357 354 96 94 96 354 354 352 94 90 94 352 352 346 90 88 90 346 346 344 88 86 88 344 344 342 86 83 86 342 342 338 83 80 83 338 338 336 80 78 80 336 336 334 78 73 78 334 334 328 73 68 73 328 328 325 68 66 68 325 325 322 66 63 66 322 322 316 63 60 63 316 316 313 60 58 60 313 313 308 58 54 58 308 308 304 54 52 54 304 304 299 52 50 52 299 299 296 50 47 50 296 296 293 47 44 47 293 293 289 44 42 44 289 289 286 42 41 42 286 286 283 41 43 41 283 283 287 43 45 43 287 287 290 45 49 45 290 290 294 49 51 49 294 294 298 51 53 51 298 298 300 53 56 53 300 300 306 56 59 56 306 306 309 59 61 59 309 309 314 61 65 61 314 314 319 65 67 65 319 319 324 67 69 67 324 324 327 69 74 69 327 327 331 74 79 74 331 331 335 79 81 79 335 335 337 81 84 81 337 337 341 84 87 84 341 341 343 87 89 87 343 343 345 89 93 89 345 345 348 93 95 93 348 348 353 95 97 95 353 353 355 97 101 97 355 355 359 101 103 101 359 359 361 103 105 103 361 361 363 105 107 105 363 363 365 107 71 110 91 91 82 71 36 71 82 82 72 36 32 36 72 72 62 32 29 32 62 62 55 29 27 29 55 55 46 27 31 27 46 46 40 31 35 31 40 40 48 35 38 35 48 48 57 38 77 38 57 57 64 77 108 77 64 64 75 108 115 108 75 75 85 115 118 115 85 85 92 118 124 118 92 92 100 124 125 124 100 100 106 125 122 125 106 106 98 122 116 122 98 98 91 116 116 91 110 484 481 480 480 503 484 488 486 484 484 503 488 492 489 488 488 503 492 496 493 492 492 503 496 500 498 496 496 503 500 505 501 500 500 503 505 268 265 479 479 482 268 269 268 482 482 483 269 271 269 483 483 485 271 274 271 485 485 487 274 275 274 487 487 490 275 277 275 490 490 491 277 279 277 491 491 494 279 285 279 494 494 495 285 303 285 495 495 497 303 312 303 497 497 499 312 321 312 499 499 502 321 332 321 502 502 504 332 479 265 264 264 477 479 504 510 350 350 332 504 510 460 350 350 460 436 373 350 436 436 396 373 503 480 476 476 506 503 503 506 511 511 505 503 266 267 288 288 282 266 267 270 291 291 288 267 270 272 295 295 291 270 272 273 297 297 295 272 273 276 301 301 297 273 276 278 307 307 301 276 278 280 310 310 307 278 280 284 315 315 310 280 284 302 318 318 315 284 302 311 323 323 318 302 311 320 326 326 323 311 320 333 330 330 326 320 340 330 367 349 340 367 358 349 367 366 358 367 356 366 364 347 356 364 339 347 364 329 339 364 317 329 281 305 317 281 292 305 281 282 292 281 266 282 281 281 262 266 364 370 262 262 329 364 367 372 370 370 366 367 333 351 367 367 330 333 372 367 351 534 507 478 478 567 534 531 567 478 478 465 531 423 439 478 478 391 423 391 478 263 263 248 391 244 248 263 263 181 244 130 181 263 263 185 130 216 185 263 263 369 216 426 395 397 397 437 426 467 426 437 437 461 467 467 461 509 509 508 467 508 535 533 533 467 508 545 533 535 564 545 535 535 566 564 546 564 566 566 530 546 529 546 530 462 529 530 530 464 462 459 462 464 464 438 459 424 440 422 422 390 392 392 424 422 390 249 251 251 392 390 247 251 249 227 245 212 212 210 227 178 210 212 212 180 178 175 178 180 180 129 175 127 175 129 127 129 184 184 177 127 183 177 184 183 184 217 217 214 183 214 217 368 368 252 214 252 368 395 368 371 397 397 395 368 393 28 598 598 425 393 28 393 250 28 250 246 598 441 425 601 458 441 441 598 601 246 226 33 33 28 246 28 26 596 596 598 28 26 30 599 599 596 26 30 34 603 603 599 30 609 544 565 565 605 609 547 605 565 528 605 547 605 528 463 463 601 605 458 601 463 37 128 176 176 70 37 174 128 37 179 174 37 33 211 179 179 37 33 226 211 33 143 139 163 143 163 171 143 171 190 143 190 199 143 199 207 143 207 223 143 223 232 143 232 240 143 240 259 143 259 379 143 379 387 143 387 402 580 402 411 580 411 419 580 419 432 580 432 446 580 446 455 580 455 472 580 472 517 580 517 524 580 524 541 580 541 553 580 553 560 580 560 577 574 577 557 574 557 548 574 548 536 574 536 520 574 520 512 574 512 468 574 468 450 574 450 442 574 442 429 574 429 415 574 415 407 574 407 398 137 398 382 137 382 374 137 374 255 137 255 237 137 237 228 137 228 218 137 218 203 137 203 195 137 195 187 137 187 167 137 167 159 137 159 139 111 253 394 394 398 111 70 215 253 253 111 70 182 215 70 176 182 70 609 532 544 609 466 532 574 427 466 466 609 574 394 427 574 574 398 394 402 580 627 627 22 402 402 22 143 22 139 143 0 137 139 139 22 0 111 398 137 137 0 111 577 574 609 609 627 577 577 627 580 439 465 478 213 244 181 262 281 329 370 364 366 630 628 620 620 624 630 620 628 610 610 616 620 610 611 616 611 610 606 606 602 611 611 602 597 597 595 611 611 595 600 600 604 611 611 604 608 608 613 611 611 613 614 614 616 611 18 625 622 622 14 18 24 631 623 623 17 24 6 16 621 621 619 6 113 119 619 619 617 113 114 618 615 615 109 114 109 615 612 612 76 109 39 76 612 612 607 39 39 607 603 603 34 39 
				</p>
			</triangles>
		</mesh>
	</geometry>
</library_geometries>
<library_nodes>
	<node id="Node-11-3815c01_dot_dat" name="3815c01_dot_dat">
		<node id="Inner-Node-11-3815c01_dot_dat-0" name="3815_dot_dat">
			<node name="Inner-Node-11-3815c01_dot_dat-0">
				<matrix>1 0 0 0 0 1 0 0 0 0 1 0 0 0 0 1</matrix>
				<instance_geometry url="#Part-3815_dot_dat">
					<bind_material>
						<technique_common>
							<instance_material symbol="Base" target="#material_id_11"/>
						</technique_common>
					</bind_material>
				</instance_geometry>
			</node>
		</node>
		<node id="Inner-Node-11-3815c01_dot_dat-1" name="3816_dot_dat">
			<node name="Inner-Node-11-3815c01_dot_dat-1">
				<matrix>1 0 0 0 0 1 0 12 0 0 1 0 0 0 0 1</matrix>
				<instance_geometry url="#Part-3816_dot_dat">
					<bind_material>
						<technique_common>
							<instance_material symbol="Base" target="#material_id_11"/>
						</technique_common>
					</bind_material>
				</instance_geometry>
			</node>
		</node>
		<node id="Inner-Node-11-3815c01_dot_dat-2" name="3817_dot_dat">
			<node name="Inner-Node-11-3815c01_dot_dat-2">
				<matrix>1 0 0 0 0 1 0 12 0 0 1 0 0 0 0 1</matrix>
				<instance_geometry url="#Part-3817_dot_dat">
					<bind_material>
						<technique_common>
							<instance_material symbol="Base" target="#material_id_11"/>
						</technique_common>
					</bind_material>
				</instance_geometry>
			</node>
		</node>
	</node>
	<node id="Node-pilot__2_dot_io" name="pilot__2_dot_io">
		<node id="Inner-Node-pilot__2_dot_io-0" name="3820_dot_dat">
			<node name="Inner-Node-pilot__2_dot_io-0">
				<matrix>0.964963973 -0.117553003 -0.118946999 0.00238399999 0.166168004 0.682645977 0.690743029 -15.0701742 0 -0.692691028 0.700911999 20.0297375 0 0 0 1</matrix>
				<instance_geometry url="#Part-3820_dot_dat">
					<bind_material>
						<technique_common>
							<instance_material symbol="Base" target="#material_id_3"/>
						</technique_common>
					</bind_material>
				</instance_geometry>
			</node>
		</node>
		<node id="Inner-Node-pilot__2_dot_io-1" name="3820_dot_dat">
			<node name="Inner-Node-pilot__2_dot_io-1">
				<matrix>0.964801013 0.118221998 0.119625002 47.3652306 -0.167116001 0.682527006 0.690627992 -15.1096926 0 -0.692691028 0.700910985 20.5296879 0 0 0 1</matrix>
				<instance_geometry url="#Part-3820_dot_dat">
					<bind_material>
						<technique_common>
							<instance_material symbol="Base" target="#material_id_3"/>
						</technique_common>
					</bind_material>
				</instance_geometry>
			</node>
		</node>
		<node id="Inner-Node-pilot__2_dot_io-2" name="3819_dot_dat">
			<node name="Inner-Node-pilot__2_dot_io-2">
				<matrix>0.97083801 0.169195995 0 39.2317467 -0.168161005 0.976814985 0 -32.8996315 0 9.99999997E-07 0.987464011 10.5433903 0 0 0 1</matrix>
				<instance_geometry url="#Part-3819_dot_dat">
					<bind_material>
						<technique_common>
							<instance_material symbol="Base" target="#material_id_9"/>
						</technique_common>
					</bind_material>
				</instance_geometry>
			</node>
		</node>
		<node id="Inner-Node-pilot__2_dot_io-3" name="3818_dot_dat">
			<node name="Inner-Node-pilot__2_dot_io-3">
				<matrix>0.971001983 -0.168237001 0 8.11843872 0.167207003 0.976980984 -1.99999999E-06 -32.868103 0 1.99999999E-06 0.987464011 10.5433903 0 0 0 1</matrix>
				<instance_geometry url="#Part-3818_dot_dat">
					<bind_material>
						<technique_common>
							<instance_material symbol="Base" target="#material_id_9"/>
						</technique_common>
					</bind_material>
				</instance_geometry>
			</node>
		</node>
		<node id="Inner-Node-pilot__2_dot_io-4" name="973pa4_dot_dat">
			<node name="Inner-Node-pilot__2_dot_io-4">
				<matrix>0.993421018 0 0 23.7264709 0 0.994318008 0 -41.7825546 0 0 0.987500012 10.4999599 0 0 0 1</matrix>
				<instance_geometry url="#Part-973pa4_dot_dat">
					<bind_material>
						<technique_common>
							<instance_material symbol="Base" target="#material_id_11"/>
							<instance_material symbol="sym_11" target="#material_id_11"/>
							<instance_material symbol="sym_8" target="#material_id_8"/>
							<instance_material symbol="sym_3" target="#material_id_3"/>
							<instance_material symbol="sym_1" target="#material_id_1"/>
						</technique_common>
					</bind_material>
				</instance_geometry>
			</node>
		</node>
		<node id="Inner-Node-pilot__2_dot_io-5" name="bl__3626cpb2898_dot_dat">
			<node name="Inner-Node-pilot__2_dot_io-5">
				<matrix>0.990384996 0 0 23.7264709 0 0.991070986 0 -65.7500839 0 0 0.990384996 10.4999704 0 0 0 1</matrix>
				<instance_geometry url="#Part-bl__3626cpb2898_dot_dat">
					<bind_material>
						<technique_common>
							<instance_material symbol="Base" target="#material_id_3_bl__3626cpb2898_dot_dat">
								<bind_vertex_input semantic="UVMap" input_semantic="TEXCOORD" input_set="0"/>
							</instance_material>
						</technique_common>
					</bind_material>
				</instance_geometry>
			</node>
		</node>
		<node id="Inner-Node-pilot__2_dot_io-6" name="15530_dot_dat">
			<node name="Inner-Node-pilot__2_dot_io-6">
				<matrix>0.993457019 0 0 23.7264709 0 0.98792398 0 -66.3726349 0 0 0.993790984 10.4977627 0 0 0 1</matrix>
				<instance_geometry url="#Part-15530_dot_dat">
					<bind_material>
						<technique_common>
							<instance_material symbol="Base" target="#material_id_11"/>
						</technique_common>
					</bind_material>
				</instance_geometry>
			</node>
		</node>
		<node id="Inner-Node-pilot__2_dot_io-7" name="3815c01_dot_dat">
			<matrix>1 0 0 23.7264709 0 1 0 -9.83936977 0 0 1 10.4999599 0 0 0 1</matrix>
			<instance_node url="#Node-11-3815c01_dot_dat"/>
		</node>
	</node>
</library_nodes>
<library_visual_scenes>
	<visual_scene id="VisualScene1">
		<node id="Model" name="Model">
			<matrix>1 0 0 0 0 -1 0 0 0 0 1 0 0 0 0 1</matrix>
			<instance_node url="#Node-pilot__2_dot_io"/>
		</node>
		<node id="Camera_Node" name="Camera_Node" type="NODE">
			<matrix>1 8.94210928E-08 1.68721897E-07 22.2062702 -1.61991068E-07 0.865089774 0.501617312 261.626587 -1.01104405E-07 -0.501617312 0.865089655 426.978821 0 0 0 1</matrix>
			<instance_camera url="#camera_id_main"/>
		</node>
		<node id="Light_Node_1" name="Light_Node_1" type="NODE">
			<matrix>1 8.94210928E-08 1.68721897E-07 22.2062702 -1.61991068E-07 0.865089774 0.501617312 261.626587 -1.01104405E-07 -0.501617312 0.865089655 426.978821 0 0 0 1</matrix>
			<instance_light url="#light_id_0"/>
			<extra>
				<technique profile="eyesight">
					<cast_shadow sid="cast_shadow" type="bool">1</cast_shadow>
					<use_mis sid="use_mis" type="bool">1</use_mis>
					<max_bounces sid="max_bounces" type="int">1024</max_bounces>
					<samples sid="samples" type="int">1</samples>
				</technique>
			</extra>
		</node>
		<node id="Light_Node_2" name="Light_Node_2" type="NODE">
			<matrix>1 8.94210928E-08 1.68721897E-07 22.2062702 -1.61991068E-07 0.865089774 0.501617312 261.626587 -1.01104405E-07 -0.501617312 0.865089655 426.978821 0 0 0 1</matrix>
			<instance_light url="#light_id_1"/>
			<extra>
				<technique profile="eyesight">
					<cast_shadow sid="cast_shadow" type="bool">1</cast_shadow>
					<use_mis sid="use_mis" type="bool">1</use_mis>
					<max_bounces sid="max_bounces" type="int">1024</max_bounces>
					<samples sid="samples" type="int">1</samples>
				</technique>
			</extra>
		</node>
	</visual_scene>
</library_visual_scenes>
<scene>
	<instance_visual_scene url="#VisualScene1" />
</scene>
</COLLADA>
